customer_id,churn_probability,risk_level,monetary,frequency,recency_days,has_purchase,customer_value,priority
C04363,0.7250254615816185,High Risk,717.6599999999999,5.0,176.0,True,High Value,High Priority
C07600,0.7192616059889025,High Risk,451.22,3.0,249.0,True,High Value,High Priority
C09239,0.7130737439413269,High Risk,637.77,2.0,234.0,True,High Value,High Priority
C05748,0.705910802724308,High Risk,452.95,1.0,725.0,True,High Value,High Priority
C09541,0.7016152750382558,High Risk,1733.0200000000002,2.0,426.0,True,High Value,High Priority
C06170,0.7743565249070151,High Risk,98.63,1.0,329.0,True,Lower Value,Medium Priority
C03594,0.7725686093816577,High Risk,197.89,4.0,160.0,True,Lower Value,Medium Priority
C06406,0.7696682885160855,High Risk,153.18,2.0,244.0,True,Lower Value,Medium Priority
C03208,0.7667360724510162,High Risk,71.68,1.0,669.0,True,Lower Value,Medium Priority
C06157,0.7606514496685957,High Risk,78.71000000000001,2.0,407.0,True,Lower Value,Medium Priority
C08827,0.7577271231733964,High Risk,27.72,1.0,233.0,True,Lower Value,Medium Priority
C06484,0.7463963131624204,High Risk,13.15,1.0,47.0,True,Lower Value,Medium Priority
C05365,0.744053166588318,High Risk,23.65,1.0,268.0,True,Lower Value,Medium Priority
C06578,0.7438742223504056,High Risk,13.79,1.0,394.0,True,Lower Value,Medium Priority
C01013,0.743152215199853,High Risk,283.47,2.0,104.0,True,Lower Value,Medium Priority
C03988,0.7404635370102765,High Risk,17.14,1.0,651.0,True,Lower Value,Medium Priority
C08803,0.7397233940207415,High Risk,168.72,3.0,346.0,True,Lower Value,Medium Priority
C03161,0.739382202952567,High Risk,327.77,2.0,87.0,True,Lower Value,Medium Priority
C00723,0.73887060749641,High Risk,57.31,1.0,127.0,True,Lower Value,Medium Priority
C09035,0.7385514654506725,High Risk,54.38,1.0,596.0,True,Lower Value,Medium Priority
C08933,0.7338665055444844,High Risk,122.0,3.0,70.0,True,Lower Value,Medium Priority
C07601,0.7332978215496794,High Risk,192.56,1.0,273.0,True,Lower Value,Medium Priority
C07968,0.7321754031248542,High Risk,198.87,1.0,337.0,True,Lower Value,Medium Priority
C00152,0.731370457387424,High Risk,266.13,2.0,368.0,True,Lower Value,Medium Priority
C09764,0.7265538439966127,High Risk,199.68,5.0,59.0,True,Lower Value,Medium Priority
C04784,0.7258896815154966,High Risk,66.05,1.0,49.0,True,Lower Value,Medium Priority
C00136,0.7258322744489041,High Risk,8.96,1.0,177.0,True,Lower Value,Medium Priority
C01605,0.725393561701912,High Risk,48.5,1.0,217.0,True,Lower Value,Medium Priority
C05160,0.7252179305760734,High Risk,60.36,1.0,527.0,True,Lower Value,Medium Priority
C07208,0.7249573638565581,High Risk,63.98,1.0,24.0,True,Lower Value,Medium Priority
C07265,0.7241215280161298,High Risk,9.44,1.0,462.0,True,Lower Value,Medium Priority
C07044,0.7216991842374897,High Risk,41.59,1.0,214.0,True,Lower Value,Medium Priority
C06247,0.7204957305881476,High Risk,38.98,2.0,411.0,True,Lower Value,Medium Priority
C06675,0.718231432896169,High Risk,29.54,1.0,481.0,True,Lower Value,Medium Priority
C08293,0.717597599580774,High Risk,69.64,2.0,104.0,True,Lower Value,Medium Priority
C05853,0.7174440415652393,High Risk,137.76,1.0,706.0,True,Lower Value,Medium Priority
C05154,0.717336138864642,High Risk,17.46,1.0,337.0,True,Lower Value,Medium Priority
C07486,0.7168349563071827,High Risk,7.34,1.0,365.0,True,Lower Value,Medium Priority
C00160,0.7162890013894883,High Risk,169.22,2.0,87.0,True,Lower Value,Medium Priority
C06378,0.7156863470814543,High Risk,60.14,1.0,480.0,True,Lower Value,Medium Priority
C07042,0.7152280438977073,High Risk,33.55,1.0,147.0,True,Lower Value,Medium Priority
C03967,0.7142578895582197,High Risk,33.69,1.0,514.0,True,Lower Value,Medium Priority
C07938,0.7140258770864758,High Risk,44.81,2.0,222.0,True,Lower Value,Medium Priority
C07033,0.7138076695979634,High Risk,124.81,3.0,307.0,True,Lower Value,Medium Priority
C08973,0.7131846865794911,High Risk,106.3,2.0,62.0,True,Lower Value,Medium Priority
C05496,0.7130271697369358,High Risk,103.6,2.0,141.0,True,Lower Value,Medium Priority
C02179,0.7129479524267118,High Risk,123.26,3.0,216.0,True,Lower Value,Medium Priority
C02411,0.7102182391942733,High Risk,27.37,1.0,410.0,True,Lower Value,Medium Priority
C01406,0.709776761672942,High Risk,34.67,2.0,52.0,True,Lower Value,Medium Priority
C00850,0.7093421413137112,High Risk,332.71,5.0,91.0,True,Lower Value,Medium Priority
C01511,0.7089328971621021,High Risk,68.97,1.0,298.0,True,Lower Value,Medium Priority
C09670,0.7084724232751125,High Risk,404.93,2.0,136.0,True,Lower Value,Medium Priority
C09927,0.7084136506061753,High Risk,36.53,1.0,429.0,True,Lower Value,Medium Priority
C08091,0.7067165153463713,High Risk,20.86,2.0,650.0,True,Lower Value,Medium Priority
C08312,0.7065862009078464,High Risk,104.86,2.0,436.0,True,Lower Value,Medium Priority
C00812,0.7053613423768536,High Risk,30.78,1.0,137.0,True,Lower Value,Medium Priority
C09475,0.7039254385178607,High Risk,401.24,2.0,2.0,True,Lower Value,Medium Priority
C08272,0.7036907029989338,High Risk,190.94000000000003,2.0,14.0,True,Lower Value,Medium Priority
C01062,0.7032178757756095,High Risk,116.34,3.0,381.0,True,Lower Value,Medium Priority
C09562,0.7031349748807955,High Risk,136.07,2.0,109.0,True,Lower Value,Medium Priority
C01946,0.7024484814421503,High Risk,19.02,1.0,493.0,True,Lower Value,Medium Priority
C09703,0.7021713805772176,High Risk,317.74,3.0,196.0,True,Lower Value,Medium Priority
C03672,0.7016658954052023,High Risk,258.88,4.0,129.0,True,Lower Value,Medium Priority
C05827,0.7005590965666985,High Risk,17.8,1.0,23.0,True,Lower Value,Medium Priority
C09884,0.6982379770014434,Medium Risk,76.5,1.0,29.0,True,Lower Value,Medium Priority
C03185,0.698206582768959,Medium Risk,19.02,1.0,695.0,True,Lower Value,Medium Priority
C06388,0.697707942256952,Medium Risk,88.84,3.0,333.0,True,Lower Value,Medium Priority
C04564,0.6971581620561571,Medium Risk,59.25,2.0,133.0,True,Lower Value,Medium Priority
C07680,0.6964082496863684,Medium Risk,107.33,3.0,251.0,True,Lower Value,Medium Priority
C02504,0.6961107423926312,Medium Risk,625.54,2.0,144.0,True,High Value,Medium Priority
C05808,0.6956056763922768,Medium Risk,98.4,2.0,119.0,True,Lower Value,Medium Priority
C01093,0.6954829762256617,Medium Risk,142.89,2.0,70.0,True,Lower Value,Medium Priority
C09004,0.6953410669153127,Medium Risk,50.91,2.0,138.0,True,Lower Value,Medium Priority
C02593,0.6945859257129974,Medium Risk,74.18,2.0,45.0,True,Lower Value,Medium Priority
C07157,0.6945003387652223,Medium Risk,589.8100000000001,4.0,82.0,True,High Value,Medium Priority
C02340,0.6941869233136134,Medium Risk,74.23,3.0,19.0,True,Lower Value,Medium Priority
C00653,0.6941338930030142,Medium Risk,9.81,1.0,561.0,True,Lower Value,Medium Priority
C08896,0.6938455309338014,Medium Risk,90.34,1.0,257.0,True,Lower Value,Medium Priority
C03488,0.6927921482627858,Medium Risk,556.19,5.0,14.0,True,High Value,Medium Priority
C08265,0.6927210413936296,Medium Risk,167.55,3.0,89.0,True,Lower Value,Medium Priority
C07539,0.6927204317748755,Medium Risk,303.37,3.0,446.0,True,Lower Value,Medium Priority
C04305,0.6926686329512267,Medium Risk,105.35,3.0,194.0,True,Lower Value,Medium Priority
C01439,0.6922686996201223,Medium Risk,152.21,2.0,362.0,True,Lower Value,Medium Priority
C00068,0.6921998119750397,Medium Risk,21.68,1.0,340.0,True,Lower Value,Medium Priority
C01712,0.6913448938127352,Medium Risk,761.85,1.0,56.0,True,High Value,Medium Priority
C08608,0.6902682333525079,Medium Risk,120.22,2.0,253.0,True,Lower Value,Medium Priority
C02114,0.6896197037771694,Medium Risk,75.32,1.0,77.0,True,Lower Value,Medium Priority
C03993,0.6894947590222931,Medium Risk,297.0,3.0,102.0,True,Lower Value,Medium Priority
C09985,0.6894021379715004,Medium Risk,199.98,2.0,611.0,True,Lower Value,Medium Priority
C01130,0.6887165883728604,Medium Risk,232.63,2.0,284.0,True,Lower Value,Medium Priority
C03837,0.6883826963552941,Medium Risk,117.45,1.0,578.0,True,Lower Value,Medium Priority
C09880,0.6882320225108475,Medium Risk,458.72,5.0,142.0,True,High Value,Medium Priority
C03433,0.6881816389696224,Medium Risk,109.72,3.0,58.0,True,Lower Value,Medium Priority
C02077,0.6881624783866679,Medium Risk,456.78,4.0,123.0,True,High Value,Medium Priority
C09980,0.687592521203465,Medium Risk,20.13,1.0,75.0,True,Lower Value,Medium Priority
C05779,0.6874414611234999,Medium Risk,81.0,1.0,600.0,True,Lower Value,Medium Priority
C03876,0.6868481803723311,Medium Risk,143.64,3.0,324.0,True,Lower Value,Medium Priority
C07245,0.6867411775376423,Medium Risk,67.47,2.0,98.0,True,Lower Value,Medium Priority
C02488,0.6866019981941281,Medium Risk,32.86,2.0,161.0,True,Lower Value,Medium Priority
C01060,0.686467660924411,Medium Risk,67.75,1.0,277.0,True,Lower Value,Medium Priority
C09671,0.6860200922082939,Medium Risk,31.46,2.0,539.0,True,Lower Value,Medium Priority
C06507,0.6860041710064375,Medium Risk,323.76,1.0,419.0,True,Lower Value,Medium Priority
C01129,0.6850283010408452,Medium Risk,192.32,3.0,552.0,True,Lower Value,Medium Priority
C04996,0.6848495303360509,Medium Risk,13.52,1.0,231.0,True,Lower Value,Medium Priority
C02770,0.6841780932997692,Medium Risk,52.81999999999999,2.0,402.0,True,Lower Value,Medium Priority
C08398,0.6838743147482718,Medium Risk,21.01,1.0,489.0,True,Lower Value,Medium Priority
C03314,0.6835253259614379,Medium Risk,149.62,3.0,409.0,True,Lower Value,Medium Priority
C04487,0.683300312400418,Medium Risk,16.97,1.0,449.0,True,Lower Value,Medium Priority
C04469,0.6831690604911151,Medium Risk,88.88,1.0,361.0,True,Lower Value,Medium Priority
C08020,0.6828561497586056,Medium Risk,48.37,4.0,318.0,True,Lower Value,Medium Priority
C00446,0.6823830944289964,Medium Risk,832.81,3.0,261.0,True,High Value,Medium Priority
C00385,0.6823088325132993,Medium Risk,119.11,1.0,334.0,True,Lower Value,Medium Priority
C00004,0.6821334083284807,Medium Risk,148.32000000000002,2.0,258.0,True,Lower Value,Medium Priority
C09153,0.6820947493183581,Medium Risk,43.47,1.0,604.0,True,Lower Value,Medium Priority
C09783,0.68193937146511,Medium Risk,25.77,1.0,335.0,True,Lower Value,Medium Priority
C02924,0.6818871075706133,Medium Risk,75.28,3.0,58.0,True,Lower Value,Medium Priority
C00175,0.6815386607442215,Medium Risk,218.58,4.0,92.0,True,Lower Value,Medium Priority
C08625,0.6813676942003416,Medium Risk,154.84,1.0,287.0,True,Lower Value,Medium Priority
C03939,0.6812969388990286,Medium Risk,58.650000000000006,2.0,119.0,True,Lower Value,Medium Priority
C02956,0.6812452924042114,Medium Risk,120.6,2.0,51.0,True,Lower Value,Medium Priority
C00192,0.6811319505444803,Medium Risk,6.58,1.0,540.0,True,Lower Value,Medium Priority
C02657,0.6800059448135372,Medium Risk,236.79,5.0,156.0,True,Lower Value,Medium Priority
C04624,0.6799752385165693,Medium Risk,113.57,2.0,445.0,True,Lower Value,Medium Priority
C01919,0.6799434124592496,Medium Risk,20.37,1.0,82.0,True,Lower Value,Medium Priority
C05823,0.6781986667985159,Medium Risk,92.1,2.0,324.0,True,Lower Value,Medium Priority
C01599,0.6765617062187613,Medium Risk,123.08,4.0,107.0,True,Lower Value,Medium Priority
C00309,0.6758950353129276,Medium Risk,258.94,3.0,167.0,True,Lower Value,Medium Priority
C07756,0.6755601231277543,Medium Risk,95.94,3.0,301.0,True,Lower Value,Medium Priority
C01259,0.6755547324911956,Medium Risk,136.54,1.0,617.0,True,Lower Value,Medium Priority
C08170,0.6748182874810069,Medium Risk,75.87,2.0,285.0,True,Lower Value,Medium Priority
C04060,0.6739858128481807,Medium Risk,161.04,2.0,122.0,True,Lower Value,Medium Priority
C02156,0.6731912699244879,Medium Risk,29.45,1.0,486.0,True,Lower Value,Medium Priority
C06879,0.6731886049383545,Medium Risk,386.48,3.0,60.0,True,Lower Value,Medium Priority
C09050,0.6728653289572152,Medium Risk,192.35,5.0,217.0,True,Lower Value,Medium Priority
C07582,0.672331747711765,Medium Risk,405.9,3.0,524.0,True,Lower Value,Medium Priority
C00740,0.6721236478651663,Medium Risk,335.66,2.0,204.0,True,Lower Value,Medium Priority
C00239,0.6717694311788501,Medium Risk,53.83,1.0,434.0,True,Lower Value,Medium Priority
C03692,0.6716852051269346,Medium Risk,82.36,1.0,116.0,True,Lower Value,Medium Priority
C03307,0.6715145655973772,Medium Risk,360.02,5.0,6.0,True,Lower Value,Medium Priority
C04935,0.6713305180452019,Medium Risk,66.05,1.0,415.0,True,Lower Value,Medium Priority
C02277,0.6710188462070883,Medium Risk,55.16,1.0,194.0,True,Lower Value,Medium Priority
C01652,0.6704890840896206,Medium Risk,423.82,5.0,59.0,True,High Value,Medium Priority
C03873,0.669846541933817,Medium Risk,73.07000000000001,2.0,258.0,True,Lower Value,Medium Priority
C05774,0.669655203769509,Medium Risk,76.87,1.0,539.0,True,Lower Value,Medium Priority
C03844,0.6694740797427539,Medium Risk,149.88,3.0,265.0,True,Lower Value,Medium Priority
C04155,0.6694364491932824,Medium Risk,156.39,4.0,32.0,True,Lower Value,Medium Priority
C08065,0.6693324356448352,Medium Risk,90.96,1.0,513.0,True,Lower Value,Medium Priority
C04218,0.6692838531162641,Medium Risk,243.86,3.0,248.0,True,Lower Value,Medium Priority
C05746,0.6691711312436776,Medium Risk,9.7,1.0,336.0,True,Lower Value,Medium Priority
C04081,0.6685936054284518,Medium Risk,254.89,3.0,127.0,True,Lower Value,Medium Priority
C00403,0.6682868154349054,Medium Risk,29.88,1.0,679.0,True,Lower Value,Medium Priority
C05527,0.6676297745008416,Medium Risk,51.45,1.0,398.0,True,Lower Value,Medium Priority
C01303,0.6675185016966305,Medium Risk,30.96,1.0,492.0,True,Lower Value,Medium Priority
C09157,0.6674363116292087,Medium Risk,109.72,4.0,65.0,True,Lower Value,Medium Priority
C02284,0.6674174356157339,Medium Risk,636.0999999999999,3.0,252.0,True,High Value,Medium Priority
C09356,0.6668641966793589,Medium Risk,442.32,1.0,19.0,True,High Value,Medium Priority
C03712,0.6666855649462156,Medium Risk,212.99,4.0,15.0,True,Lower Value,Medium Priority
C00913,0.6664952283306497,Medium Risk,18.2,1.0,635.0,True,Lower Value,Medium Priority
C06743,0.6660246859208755,Medium Risk,259.78,6.0,46.0,True,Lower Value,Medium Priority
C08708,0.6656296407668808,Medium Risk,74.43,2.0,387.0,True,Lower Value,Medium Priority
C05467,0.6655947217438287,Medium Risk,133.02,3.0,148.0,True,Lower Value,Medium Priority
C07616,0.6655040403976079,Medium Risk,75.31,1.0,659.0,True,Lower Value,Medium Priority
C07202,0.6653492903975347,Medium Risk,113.97,4.0,70.0,True,Lower Value,Medium Priority
C02525,0.6648988477594383,Medium Risk,86.84,2.0,213.0,True,Lower Value,Medium Priority
C08864,0.664728561280598,Medium Risk,254.97,3.0,37.0,True,Lower Value,Medium Priority
C04781,0.6642571521345617,Medium Risk,160.38,1.0,364.0,True,Lower Value,Medium Priority
C00687,0.6641862568398732,Medium Risk,24.26,1.0,10.0,True,Lower Value,Medium Priority
C02517,0.6640214126692017,Medium Risk,47.940000000000005,2.0,5.0,True,Lower Value,Medium Priority
C02242,0.6640125871677264,Medium Risk,199.09,5.0,22.0,True,Lower Value,Medium Priority
C07553,0.6638825556762353,Medium Risk,214.54,2.0,327.0,True,Lower Value,Medium Priority
C05781,0.6638107160381748,Medium Risk,85.41,1.0,517.0,True,Lower Value,Medium Priority
C07940,0.6636758440882043,Medium Risk,12.34,1.0,703.0,True,Lower Value,Medium Priority
C06736,0.6632747104540827,Medium Risk,646.69,4.0,70.0,True,High Value,Medium Priority
C00472,0.6631529518611391,Medium Risk,43.06,1.0,112.0,True,Lower Value,Medium Priority
C07796,0.661604870312305,Medium Risk,55.96,1.0,371.0,True,Lower Value,Medium Priority
C00286,0.6615342661848598,Medium Risk,65.58,2.0,238.0,True,Lower Value,Medium Priority
C01121,0.6611641390978407,Medium Risk,123.9,3.0,342.0,True,Lower Value,Medium Priority
C00265,0.6609470250466299,Medium Risk,116.57,3.0,271.0,True,Lower Value,Medium Priority
C03963,0.6607902314563088,Medium Risk,12.5,1.0,632.0,True,Lower Value,Medium Priority
C03141,0.6604215522842802,Medium Risk,106.99,2.0,577.0,True,Lower Value,Medium Priority
C02630,0.6601539571156072,Medium Risk,303.11,3.0,376.0,True,Lower Value,Medium Priority
C06283,0.6598012335746293,Medium Risk,79.17,3.0,33.0,True,Lower Value,Medium Priority
C02128,0.65802871684986,Medium Risk,693.52,4.0,145.0,True,High Value,Medium Priority
C07281,0.6577192734206782,Medium Risk,115.25,4.0,131.0,True,Lower Value,Medium Priority
C07169,0.6575499819713304,Medium Risk,168.39,2.0,157.0,True,Lower Value,Medium Priority
C05518,0.6574701912337347,Medium Risk,486.21,3.0,152.0,True,High Value,Medium Priority
C07729,0.6573696417222612,Medium Risk,28.96,1.0,91.0,True,Lower Value,Medium Priority
C03111,0.6572179226938174,Medium Risk,70.97,2.0,150.0,True,Lower Value,Medium Priority
C04663,0.6565574287722975,Medium Risk,60.56,2.0,590.0,True,Lower Value,Medium Priority
C02559,0.6558402150786883,Medium Risk,304.93,4.0,532.0,True,Lower Value,Medium Priority
C08302,0.6558382407852956,Medium Risk,62.370000000000005,2.0,152.0,True,Lower Value,Medium Priority
C04858,0.6554067230187066,Medium Risk,55.16,1.0,371.0,True,Lower Value,Medium Priority
C05593,0.6552027587102625,Medium Risk,163.68,3.0,222.0,True,Lower Value,Medium Priority
C07772,0.655188808286147,Medium Risk,222.49,5.0,2.0,True,Lower Value,Medium Priority
C07427,0.6543684498262078,Medium Risk,295.47,6.0,30.0,True,Lower Value,Medium Priority
C03801,0.6536622412676854,Medium Risk,80.93,3.0,468.0,True,Lower Value,Medium Priority
C05634,0.6531849973657506,Medium Risk,16.64,1.0,111.0,True,Lower Value,Medium Priority
C07564,0.6512430494549136,Medium Risk,83.53,2.0,6.0,True,Lower Value,Medium Priority
C04541,0.6509965974030542,Medium Risk,68.02,3.0,160.0,True,Lower Value,Medium Priority
C04209,0.650586088266351,Medium Risk,292.16,3.0,68.0,True,Lower Value,Medium Priority
C02879,0.6505679238888955,Medium Risk,384.56,2.0,161.0,True,Lower Value,Medium Priority
C06215,0.64997949644153,Medium Risk,253.71,3.0,24.0,True,Lower Value,Medium Priority
C02804,0.649895657422887,Medium Risk,720.5699999999999,5.0,344.0,True,High Value,Medium Priority
C08214,0.649837097281876,Medium Risk,526.8199999999999,5.0,181.0,True,High Value,Medium Priority
C05123,0.6496877755194088,Medium Risk,232.51,7.0,141.0,True,Lower Value,Medium Priority
C08829,0.6494817791864003,Medium Risk,133.52,1.0,424.0,True,Lower Value,Medium Priority
C03762,0.6490311962018895,Medium Risk,162.11,2.0,96.0,True,Lower Value,Medium Priority
C04871,0.6487713180310752,Medium Risk,553.55,2.0,84.0,True,High Value,Medium Priority
C03389,0.648764082407974,Medium Risk,129.8,3.0,192.0,True,Lower Value,Medium Priority
C05883,0.6486760631961911,Medium Risk,92.24,2.0,617.0,True,Lower Value,Medium Priority
C03686,0.6484535701547632,Medium Risk,202.55,3.0,24.0,True,Lower Value,Medium Priority
C09045,0.6478959993321404,Medium Risk,6.15,1.0,30.0,True,Lower Value,Medium Priority
C07887,0.6477869401118524,Medium Risk,37.46,3.0,254.0,True,Lower Value,Medium Priority
C00940,0.6477652121199173,Medium Risk,137.5,3.0,36.0,True,Lower Value,Medium Priority
C03150,0.6475380459120434,Medium Risk,100.4,2.0,317.0,True,Lower Value,Medium Priority
C08647,0.6475318426090819,Medium Risk,111.84,1.0,148.0,True,Lower Value,Medium Priority
C02853,0.6474345803150122,Medium Risk,604.62,6.0,45.0,True,High Value,Medium Priority
C08698,0.6464923879055449,Medium Risk,404.0700000000001,3.0,195.0,True,Lower Value,Medium Priority
C01433,0.6464244017347701,Medium Risk,150.53,6.0,107.0,True,Lower Value,Medium Priority
C09250,0.6460704742793132,Medium Risk,118.99,2.0,31.0,True,Lower Value,Medium Priority
C00704,0.6458374612702408,Medium Risk,53.0,2.0,163.0,True,Lower Value,Medium Priority
C01002,0.6455154512558622,Medium Risk,41.38,1.0,648.0,True,Lower Value,Medium Priority
C06478,0.645080987536212,Medium Risk,383.6,3.0,241.0,True,Lower Value,Medium Priority
C03956,0.6449494758968284,Medium Risk,38.99,2.0,175.0,True,Lower Value,Medium Priority
C02373,0.6445381468022218,Medium Risk,222.95,3.0,352.0,True,Lower Value,Medium Priority
C08157,0.6444795073030114,Medium Risk,32.59,1.0,317.0,True,Lower Value,Medium Priority
C00191,0.644116979653002,Medium Risk,347.88,3.0,60.0,True,Lower Value,Medium Priority
C02921,0.6440030142162602,Medium Risk,76.07,2.0,443.0,True,Lower Value,Medium Priority
C04230,0.6439464898437158,Medium Risk,257.91,3.0,228.0,True,Lower Value,Medium Priority
C03384,0.643490918550667,Medium Risk,241.79,2.0,160.0,True,Lower Value,Medium Priority
C03667,0.6434739389835045,Medium Risk,125.21,2.0,8.0,True,Lower Value,Medium Priority
C00224,0.6434307387685593,Medium Risk,40.46,1.0,29.0,True,Lower Value,Medium Priority
C03951,0.6431106982214662,Medium Risk,59.23,2.0,121.0,True,Lower Value,Medium Priority
C04248,0.642703412714404,Medium Risk,221.58,2.0,107.0,True,Lower Value,Medium Priority
C03231,0.641806640478608,Medium Risk,64.03,2.0,484.0,True,Lower Value,Medium Priority
C08711,0.6416561553281768,Medium Risk,34.54,2.0,237.0,True,Lower Value,Medium Priority
C07059,0.6414932868667905,Medium Risk,351.09,4.0,418.0,True,Lower Value,Medium Priority
C00635,0.6413870378112138,Medium Risk,134.25,4.0,174.0,True,Lower Value,Medium Priority
C09208,0.640846177022057,Medium Risk,75.78999999999999,2.0,432.0,True,Lower Value,Medium Priority
C03149,0.6407708853637883,Medium Risk,508.25,4.0,71.0,True,High Value,Medium Priority
C09553,0.6407580270415344,Medium Risk,232.58,5.0,108.0,True,Lower Value,Medium Priority
C03178,0.6407547527101053,Medium Risk,23.9,1.0,483.0,True,Lower Value,Medium Priority
C07700,0.6407436727751944,Medium Risk,38.29,3.0,95.0,True,Lower Value,Medium Priority
C09582,0.640587788530185,Medium Risk,78.19,3.0,464.0,True,Lower Value,Medium Priority
C08586,0.6395281786152294,Medium Risk,218.56,4.0,66.0,True,Lower Value,Medium Priority
C06518,0.6393521768365199,Medium Risk,206.49,4.0,35.0,True,Lower Value,Medium Priority
C07223,0.6388146906653426,Medium Risk,80.33,2.0,41.0,True,Lower Value,Medium Priority
C03741,0.6387665044491698,Medium Risk,20.99,1.0,435.0,True,Lower Value,Medium Priority
C06045,0.6386334537120706,Medium Risk,376.8,5.0,163.0,True,Lower Value,Medium Priority
C02628,0.6383765990269851,Medium Risk,215.2,4.0,6.0,True,Lower Value,Medium Priority
C07188,0.6382530220478254,Medium Risk,565.9,2.0,55.0,True,High Value,Medium Priority
C04186,0.6379273540277806,Medium Risk,97.8,2.0,343.0,True,Lower Value,Medium Priority
C05339,0.6377557781165979,Medium Risk,98.48,3.0,192.0,True,Lower Value,Medium Priority
C07757,0.637377089818595,Medium Risk,203.09,5.0,79.0,True,Lower Value,Medium Priority
C09158,0.6373639503432302,Medium Risk,28.96,1.0,673.0,True,Lower Value,Medium Priority
C08513,0.6370587623442648,Medium Risk,150.91,3.0,486.0,True,Lower Value,Medium Priority
C00097,0.6369197756303946,Medium Risk,62.5,2.0,183.0,True,Lower Value,Medium Priority
C03702,0.6364026618561379,Medium Risk,311.45,7.0,144.0,True,Lower Value,Medium Priority
C02389,0.6360796914296029,Medium Risk,17.24,1.0,642.0,True,Lower Value,Medium Priority
C06655,0.6354676102083212,Medium Risk,182.23,3.0,61.0,True,Lower Value,Medium Priority
C03352,0.6353522952205122,Medium Risk,70.33,2.0,177.0,True,Lower Value,Medium Priority
C04727,0.6352469835232202,Medium Risk,149.41,3.0,37.0,True,Lower Value,Medium Priority
C03207,0.6349964056501345,Medium Risk,102.18,2.0,277.0,True,Lower Value,Medium Priority
C05149,0.6348747193546075,Medium Risk,229.91,3.0,92.0,True,Lower Value,Medium Priority
C09083,0.6348659150093937,Medium Risk,261.11,4.0,106.0,True,Lower Value,Medium Priority
C07444,0.6345192843422792,Medium Risk,92.68,2.0,278.0,True,Lower Value,Medium Priority
C07586,0.6340251203772973,Medium Risk,360.75,3.0,77.0,True,Lower Value,Medium Priority
C06048,0.6338859376716087,Medium Risk,135.01,3.0,212.0,True,Lower Value,Medium Priority
C09775,0.6335150136091734,Medium Risk,19.85,1.0,677.0,True,Lower Value,Medium Priority
C04280,0.633498971681417,Medium Risk,60.51,3.0,410.0,True,Lower Value,Medium Priority
C08594,0.6330915126492497,Medium Risk,391.85,4.0,232.0,True,Lower Value,Medium Priority
C07872,0.632996343825019,Medium Risk,211.32,4.0,72.0,True,Lower Value,Medium Priority
C07844,0.6325787181843248,Medium Risk,682.5600000000001,3.0,10.0,True,High Value,Medium Priority
C01436,0.632037742885127,Medium Risk,308.71,4.0,7.0,True,Lower Value,Medium Priority
C07985,0.6313381277768773,Medium Risk,69.03,2.0,265.0,True,Lower Value,Medium Priority
C06099,0.6311322275640672,Medium Risk,186.03,2.0,603.0,True,Lower Value,Medium Priority
C08974,0.6311099576565731,Medium Risk,80.19,3.0,87.0,True,Lower Value,Medium Priority
C00634,0.6303136508832661,Medium Risk,175.53,3.0,246.0,True,Lower Value,Medium Priority
C05510,0.6302278873853282,Medium Risk,10.87,1.0,488.0,True,Lower Value,Medium Priority
C03608,0.6300390273381818,Medium Risk,136.41,2.0,212.0,True,Lower Value,Medium Priority
C05682,0.630014989098419,Medium Risk,96.84,2.0,218.0,True,Lower Value,Medium Priority
C01951,0.6300083279287778,Medium Risk,392.61,6.0,4.0,True,Lower Value,Medium Priority
C08101,0.630004892162838,Medium Risk,338.92,6.0,203.0,True,Lower Value,Medium Priority
C03543,0.6289051366900964,Medium Risk,131.19,3.0,198.0,True,Lower Value,Medium Priority
C04733,0.6287883905846915,Medium Risk,377.82,4.0,146.0,True,Lower Value,Medium Priority
C01118,0.6283868588680114,Medium Risk,117.13,1.0,318.0,True,Lower Value,Medium Priority
C09763,0.6283083241324298,Medium Risk,183.06,5.0,142.0,True,Lower Value,Medium Priority
C06124,0.6281922128103652,Medium Risk,60.370000000000005,3.0,169.0,True,Lower Value,Medium Priority
C07289,0.6277287740564881,Medium Risk,135.34,4.0,144.0,True,Lower Value,Medium Priority
C01456,0.6275319020472193,Medium Risk,18.61,2.0,168.0,True,Lower Value,Medium Priority
C07391,0.6275211587190528,Medium Risk,100.75,2.0,143.0,True,Lower Value,Medium Priority
C07024,0.6273545154300633,Medium Risk,58.86,3.0,54.0,True,Lower Value,Medium Priority
C06391,0.6272904753569405,Medium Risk,276.44,7.0,101.0,True,Lower Value,Medium Priority
C05708,0.6272824787662522,Medium Risk,307.88,5.0,5.0,True,Lower Value,Medium Priority
C04181,0.6270105687833457,Medium Risk,258.96,4.0,117.0,True,Lower Value,Medium Priority
C04519,0.6268948537483313,Medium Risk,357.78,4.0,30.0,True,Lower Value,Medium Priority
C06826,0.6267884837707343,Medium Risk,290.48,6.0,245.0,True,Lower Value,Medium Priority
C09765,0.6266624611011135,Medium Risk,184.36,4.0,314.0,True,Lower Value,Medium Priority
C01591,0.6265794708636193,Medium Risk,461.68,3.0,161.0,True,High Value,Medium Priority
C03229,0.6261616930917985,Medium Risk,120.15,2.0,151.0,True,Lower Value,Medium Priority
C02261,0.6261219905665595,Medium Risk,434.74,3.0,27.0,True,High Value,Medium Priority
C08406,0.6258861918239935,Medium Risk,144.32,5.0,35.0,True,Lower Value,Medium Priority
C03635,0.6255331908067223,Medium Risk,141.38,5.0,64.0,True,Lower Value,Medium Priority
C03414,0.6248960247938418,Medium Risk,118.22,3.0,496.0,True,Lower Value,Medium Priority
C07364,0.6248677801450797,Medium Risk,50.06,3.0,82.0,True,Lower Value,Medium Priority
C04373,0.6247295527880283,Medium Risk,283.66,4.0,199.0,True,Lower Value,Medium Priority
C02323,0.6246741638603971,Medium Risk,211.61,3.0,33.0,True,Lower Value,Medium Priority
C09545,0.6243391490024927,Medium Risk,89.31,2.0,242.0,True,Lower Value,Medium Priority
C02878,0.6242212086368781,Medium Risk,125.09,3.0,116.0,True,Lower Value,Medium Priority
C00871,0.6239601581098027,Medium Risk,229.71,3.0,21.0,True,Lower Value,Medium Priority
C02198,0.6237987817418337,Medium Risk,34.410000000000004,2.0,256.0,True,Lower Value,Medium Priority
C01890,0.6237809066867352,Medium Risk,236.3,3.0,55.0,True,Lower Value,Medium Priority
C01214,0.6235185632465456,Medium Risk,323.86,3.0,405.0,True,Lower Value,Medium Priority
C08653,0.6232618320666433,Medium Risk,361.73,4.0,191.0,True,Lower Value,Medium Priority
C09831,0.6230162392837609,Medium Risk,123.95,4.0,195.0,True,Lower Value,Medium Priority
C04652,0.6229627094205729,Medium Risk,149.07999999999998,3.0,9.0,True,Lower Value,Medium Priority
C01414,0.6224944307226945,Medium Risk,154.14,1.0,640.0,True,Lower Value,Medium Priority
C03790,0.6220379371661436,Medium Risk,290.47,4.0,57.0,True,Lower Value,Medium Priority
C06751,0.621643096044941,Medium Risk,219.81,3.0,296.0,True,Lower Value,Medium Priority
C09438,0.6215741599726917,Medium Risk,109.1,3.0,179.0,True,Lower Value,Medium Priority
C03058,0.6215519941681906,Medium Risk,141.08,5.0,103.0,True,Lower Value,Medium Priority
C06823,0.6214808103427194,Medium Risk,23.86,1.0,75.0,True,Lower Value,Medium Priority
C06141,0.6213040325795337,Medium Risk,159.29,3.0,270.0,True,Lower Value,Medium Priority
C02644,0.6212501075343814,Medium Risk,421.18,6.0,119.0,True,Lower Value,Medium Priority
C07861,0.6209713857740818,Medium Risk,232.71,6.0,156.0,True,Lower Value,Medium Priority
C09512,0.6207907437407102,Medium Risk,16.5,1.0,186.0,True,Lower Value,Medium Priority
C03664,0.6206010260731011,Medium Risk,41.35,2.0,264.0,True,Lower Value,Medium Priority
C06090,0.6201139039340807,Medium Risk,161.79,3.0,13.0,True,Lower Value,Medium Priority
C06199,0.6199146150162411,Medium Risk,31.53,1.0,38.0,True,Lower Value,Medium Priority
C08742,0.6197507570163978,Medium Risk,36.34,1.0,486.0,True,Lower Value,Medium Priority
C08680,0.6194239980402727,Medium Risk,187.63,4.0,49.0,True,Lower Value,Medium Priority
C04245,0.6193638697380471,Medium Risk,294.92,3.0,386.0,True,Lower Value,Medium Priority
C06107,0.6190362629300128,Medium Risk,495.71,2.0,5.0,True,High Value,Medium Priority
C02421,0.6190124048349275,Medium Risk,356.51000000000005,4.0,160.0,True,Lower Value,Medium Priority
C02004,0.6188614529799803,Medium Risk,207.64,6.0,25.0,True,Lower Value,Medium Priority
C04456,0.6187750845711586,Medium Risk,236.2,4.0,279.0,True,Lower Value,Medium Priority
C04854,0.6178034577166497,Medium Risk,322.83,3.0,110.0,True,Lower Value,Medium Priority
C02988,0.6174569767569797,Medium Risk,376.58,2.0,299.0,True,Lower Value,Medium Priority
C05361,0.617418382071541,Medium Risk,54.64,2.0,326.0,True,Lower Value,Medium Priority
C08707,0.6169633804164295,Medium Risk,462.38,6.0,105.0,True,High Value,Medium Priority
C08389,0.6166022901981365,Medium Risk,493.49,6.0,44.0,True,High Value,Medium Priority
C06493,0.6165092346328187,Medium Risk,223.14,4.0,102.0,True,Lower Value,Medium Priority
C01389,0.6165059475009119,Medium Risk,31.25,3.0,277.0,True,Lower Value,Medium Priority
C09815,0.616450268878248,Medium Risk,298.64,5.0,85.0,True,Lower Value,Medium Priority
C04150,0.6162824467614262,Medium Risk,268.39,3.0,220.0,True,Lower Value,Medium Priority
C05174,0.6162542995683093,Medium Risk,249.42,2.0,378.0,True,Lower Value,Medium Priority
C01198,0.6161094265053115,Medium Risk,409.27,6.0,271.0,True,Lower Value,Medium Priority
C00267,0.6159034067280361,Medium Risk,226.55,6.0,16.0,True,Lower Value,Medium Priority
C01939,0.6158424628808359,Medium Risk,119.46,3.0,20.0,True,Lower Value,Medium Priority
C05015,0.6153346999636037,Medium Risk,947.27,4.0,168.0,True,High Value,Medium Priority
C04839,0.6151561465467613,Medium Risk,469.35,2.0,673.0,True,High Value,Medium Priority
C03536,0.6150169053892293,Medium Risk,447.17,3.0,474.0,True,High Value,Medium Priority
C05612,0.6147869371609022,Medium Risk,95.43,4.0,35.0,True,Lower Value,Medium Priority
C02045,0.6146675113111648,Medium Risk,147.18,4.0,40.0,True,Lower Value,Medium Priority
C09979,0.6146510990994675,Medium Risk,58.76,1.0,340.0,True,Lower Value,Medium Priority
C00759,0.6142464890186491,Medium Risk,883.8499999999999,3.0,24.0,True,High Value,Medium Priority
C03949,0.6140884832754446,Medium Risk,111.86,3.0,49.0,True,Lower Value,Medium Priority
C03259,0.6137976422441375,Medium Risk,146.71,2.0,408.0,True,Lower Value,Medium Priority
C08931,0.6134452684946378,Medium Risk,793.81,5.0,56.0,True,High Value,Medium Priority
C02890,0.612908440118598,Medium Risk,211.58,4.0,125.0,True,Lower Value,Medium Priority
C09361,0.6128950402182499,Medium Risk,239.48,4.0,157.0,True,Lower Value,Medium Priority
C05715,0.6128127912049603,Medium Risk,144.29,2.0,592.0,True,Lower Value,Medium Priority
C00335,0.6127753045127317,Medium Risk,27.54,1.0,517.0,True,Lower Value,Medium Priority
C00896,0.6119157745347685,Medium Risk,507.2,5.0,248.0,True,High Value,Medium Priority
C07338,0.611818025881305,Medium Risk,173.08,3.0,317.0,True,Lower Value,Medium Priority
C03800,0.6116635133313802,Medium Risk,141.95999999999998,4.0,341.0,True,Lower Value,Medium Priority
C06967,0.6115538969360461,Medium Risk,194.26,2.0,264.0,True,Lower Value,Medium Priority
C08338,0.6113466334013542,Medium Risk,127.95,3.0,431.0,True,Lower Value,Medium Priority
C06657,0.6112981873241234,Medium Risk,275.52,1.0,556.0,True,Lower Value,Medium Priority
C01881,0.6111207769387522,Medium Risk,150.63,2.0,607.0,True,Lower Value,Medium Priority
C01970,0.6104446686836253,Medium Risk,75.84,3.0,279.0,True,Lower Value,Medium Priority
C09084,0.6103389206348812,Medium Risk,21.82,2.0,95.0,True,Lower Value,Medium Priority
C02809,0.6102256677388849,Medium Risk,201.35,2.0,5.0,True,Lower Value,Medium Priority
C06647,0.609710990495875,Medium Risk,56.21,1.0,373.0,True,Lower Value,Medium Priority
C03913,0.6095477649754854,Medium Risk,237.86,5.0,182.0,True,Lower Value,Medium Priority
C08114,0.6094318379775295,Medium Risk,132.28,3.0,95.0,True,Lower Value,Medium Priority
C00794,0.6086979546028227,Medium Risk,140.09,3.0,264.0,True,Lower Value,Medium Priority
C09730,0.6084664694389073,Medium Risk,269.57,3.0,114.0,True,Lower Value,Medium Priority
C07420,0.6082169250356011,Medium Risk,306.07,4.0,38.0,True,Lower Value,Medium Priority
C01667,0.6072712311216932,Medium Risk,35.43,2.0,229.0,True,Lower Value,Medium Priority
C09309,0.6070260964554297,Medium Risk,462.23,6.0,85.0,True,High Value,Medium Priority
C00784,0.6061728519940159,Medium Risk,119.67,3.0,98.0,True,Lower Value,Medium Priority
C03283,0.6059281226445442,Medium Risk,153.70999999999998,4.0,45.0,True,Lower Value,Medium Priority
C05030,0.6059214243450675,Medium Risk,313.76,2.0,454.0,True,Lower Value,Medium Priority
C03757,0.605907874198466,Medium Risk,253.7,4.0,9.0,True,Lower Value,Medium Priority
C07911,0.6056427970702083,Medium Risk,170.04,4.0,363.0,True,Lower Value,Medium Priority
C05647,0.6055167046400908,Medium Risk,95.21,2.0,165.0,True,Lower Value,Medium Priority
C06704,0.6041146773180097,Medium Risk,327.59,7.0,36.0,True,Lower Value,Medium Priority
C02476,0.604043730980809,Medium Risk,63.12,2.0,184.0,True,Lower Value,Medium Priority
C09945,0.6039973987158631,Medium Risk,477.09,4.0,350.0,True,High Value,Medium Priority
C03418,0.6039449321942378,Medium Risk,280.29,3.0,131.0,True,Lower Value,Medium Priority
C07191,0.6039255610626755,Medium Risk,23.77,2.0,247.0,True,Lower Value,Medium Priority
C07577,0.6039182864051735,Medium Risk,31.98,1.0,568.0,True,Lower Value,Medium Priority
C05089,0.6039053577953132,Medium Risk,23.72,1.0,372.0,True,Lower Value,Medium Priority
C03533,0.6038578543721356,Medium Risk,240.58,5.0,75.0,True,Lower Value,Medium Priority
C04775,0.603742406718945,Medium Risk,167.3,4.0,108.0,True,Lower Value,Medium Priority
C05563,0.6037245388775624,Medium Risk,166.28,5.0,231.0,True,Lower Value,Medium Priority
C08539,0.6036704386268258,Medium Risk,93.35,2.0,143.0,True,Lower Value,Medium Priority
C03095,0.6033796121828854,Medium Risk,169.73,4.0,184.0,True,Lower Value,Medium Priority
C04088,0.603042086944496,Medium Risk,305.86,5.0,106.0,True,Lower Value,Medium Priority
C07543,0.6028721810331565,Medium Risk,191.68,5.0,249.0,True,Lower Value,Medium Priority
C06402,0.602738534617444,Medium Risk,395.73,3.0,366.0,True,Lower Value,Medium Priority
C05376,0.6025165272068044,Medium Risk,100.72,2.0,223.0,True,Lower Value,Medium Priority
C05179,0.6019130625024206,Medium Risk,539.37,6.0,12.0,True,High Value,Medium Priority
C01490,0.6018472435142527,Medium Risk,621.63,4.0,13.0,True,High Value,Medium Priority
C06744,0.6018143179418219,Medium Risk,131.24,2.0,103.0,True,Lower Value,Medium Priority
C06219,0.6017211683883407,Medium Risk,479.61,6.0,24.0,True,High Value,Medium Priority
C00396,0.6016935736753664,Medium Risk,404.7,5.0,13.0,True,Lower Value,Medium Priority
C08413,0.6016085710285999,Medium Risk,844.02,3.0,435.0,True,High Value,Medium Priority
C09106,0.6011858175046314,Medium Risk,356.67,4.0,385.0,True,Lower Value,Medium Priority
C03759,0.601168068926873,Medium Risk,188.94,3.0,178.0,True,Lower Value,Medium Priority
C03252,0.6011529610772478,Medium Risk,91.76,1.0,712.0,True,Lower Value,Medium Priority
C01783,0.6007974851237916,Medium Risk,182.45,4.0,384.0,True,Lower Value,Medium Priority
C05223,0.6003339168057108,Medium Risk,41.49,2.0,248.0,True,Lower Value,Medium Priority
C08199,0.6001285586351203,Medium Risk,47.73,2.0,51.0,True,Lower Value,Medium Priority
C07476,0.6001134339506958,Medium Risk,269.12,6.0,110.0,True,Lower Value,Medium Priority
C03974,0.5998492118232287,Medium Risk,178.58,3.0,99.0,True,Lower Value,Medium Priority
C05965,0.5998489184020886,Medium Risk,5.98,1.0,391.0,True,Lower Value,Medium Priority
C02997,0.5998422088624027,Medium Risk,935.84,4.0,57.0,True,High Value,Medium Priority
C05265,0.599805021992025,Medium Risk,275.76,2.0,117.0,True,Lower Value,Medium Priority
C05876,0.5995979324083245,Medium Risk,109.76,2.0,458.0,True,Lower Value,Medium Priority
C01856,0.5993218719105919,Medium Risk,137.66,4.0,158.0,True,Lower Value,Medium Priority
C01498,0.598646677999527,Medium Risk,191.62,5.0,236.0,True,Lower Value,Medium Priority
C01841,0.5986002482016941,Medium Risk,313.53,4.0,17.0,True,Lower Value,Medium Priority
C05550,0.5985337066463863,Medium Risk,137.31,3.0,466.0,True,Lower Value,Medium Priority
C08419,0.597781585479266,Medium Risk,829.0300000000001,4.0,126.0,True,High Value,Medium Priority
C04540,0.59741724372388,Medium Risk,196.0,3.0,11.0,True,Lower Value,Medium Priority
C06925,0.5973272876404597,Medium Risk,39.11,2.0,227.0,True,Lower Value,Medium Priority
C03490,0.5969792324466476,Medium Risk,248.55,4.0,27.0,True,Lower Value,Medium Priority
C04007,0.5968742861694374,Medium Risk,56.36,2.0,67.0,True,Lower Value,Medium Priority
C01040,0.5964300112058271,Medium Risk,381.17,4.0,147.0,True,Lower Value,Medium Priority
C02599,0.5962693558677274,Medium Risk,260.11,5.0,126.0,True,Lower Value,Medium Priority
C08874,0.5962452481653264,Medium Risk,60.05,2.0,235.0,True,Lower Value,Medium Priority
C05621,0.596128856883735,Medium Risk,158.26,5.0,43.0,True,Lower Value,Medium Priority
C05645,0.5958590371546679,Medium Risk,396.68,5.0,27.0,True,Lower Value,Medium Priority
C04593,0.5957337398389991,Medium Risk,41.16,2.0,201.0,True,Lower Value,Medium Priority
C05410,0.5956907235089436,Medium Risk,184.63,3.0,224.0,True,Lower Value,Medium Priority
C03763,0.595356979298312,Medium Risk,165.01,3.0,110.0,True,Lower Value,Medium Priority
C02736,0.5953002600665096,Medium Risk,345.49,4.0,73.0,True,Lower Value,Medium Priority
C02012,0.5952129167871766,Medium Risk,307.74,6.0,43.0,True,Lower Value,Medium Priority
C04021,0.5951149607412732,Medium Risk,271.58,4.0,26.0,True,Lower Value,Medium Priority
C00577,0.5950381838274909,Medium Risk,133.18,5.0,181.0,True,Lower Value,Medium Priority
C05401,0.5949494708882588,Medium Risk,118.47,2.0,26.0,True,Lower Value,Medium Priority
C07436,0.5945310048281908,Medium Risk,539.8299999999999,2.0,331.0,True,High Value,Medium Priority
C01401,0.594380692003579,Medium Risk,33.13,1.0,73.0,True,Lower Value,Medium Priority
C02381,0.5942479390506847,Medium Risk,160.72000000000003,3.0,416.0,True,Lower Value,Medium Priority
C08414,0.594124873977956,Medium Risk,189.48,4.0,354.0,True,Lower Value,Medium Priority
C01575,0.5939867486112296,Medium Risk,64.65,1.0,263.0,True,Lower Value,Medium Priority
C04427,0.5939432262170468,Medium Risk,303.84,4.0,284.0,True,Lower Value,Medium Priority
C05506,0.5938481777604766,Medium Risk,413.85,3.0,82.0,True,Lower Value,Medium Priority
C02311,0.5937117346862262,Medium Risk,296.07,4.0,55.0,True,Lower Value,Medium Priority
C02707,0.5935909034866148,Medium Risk,468.37,4.0,376.0,True,High Value,Medium Priority
C02375,0.5933409458494753,Medium Risk,676.78,6.0,213.0,True,High Value,Medium Priority
C04641,0.5931115439537443,Medium Risk,205.3,5.0,100.0,True,Lower Value,Medium Priority
C04715,0.5928957860193017,Medium Risk,172.84,4.0,151.0,True,Lower Value,Medium Priority
C04971,0.5926728648283703,Medium Risk,115.55,4.0,288.0,True,Lower Value,Medium Priority
C00293,0.5922274413529083,Medium Risk,311.56,3.0,233.0,True,Lower Value,Medium Priority
C09086,0.5920571134332148,Medium Risk,198.28,4.0,86.0,True,Lower Value,Medium Priority
C09555,0.5919861258296456,Medium Risk,655.25,6.0,143.0,True,High Value,Medium Priority
C01610,0.5916560128280347,Medium Risk,604.7,3.0,126.0,True,High Value,Medium Priority
C02481,0.5916179878501708,Medium Risk,195.13,3.0,237.0,True,Lower Value,Medium Priority
C07552,0.590581294759347,Medium Risk,119.7,2.0,91.0,True,Lower Value,Medium Priority
C08467,0.5904904284668151,Medium Risk,166.66,3.0,328.0,True,Lower Value,Medium Priority
C02016,0.5904111003051609,Medium Risk,86.98,2.0,504.0,True,Lower Value,Medium Priority
C07401,0.5901655687666483,Medium Risk,181.21,4.0,56.0,True,Lower Value,Medium Priority
C02297,0.5899900865365995,Medium Risk,115.26,3.0,27.0,True,Lower Value,Medium Priority
C02405,0.5899311419454515,Medium Risk,146.44,4.0,332.0,True,Lower Value,Medium Priority
C04253,0.589821038998251,Medium Risk,196.36,3.0,16.0,True,Lower Value,Medium Priority
C04846,0.5893965107758562,Medium Risk,144.78,4.0,284.0,True,Lower Value,Medium Priority
C07434,0.5892165699474673,Medium Risk,544.52,6.0,215.0,True,High Value,Medium Priority
C09146,0.5887604794492425,Medium Risk,148.9,4.0,50.0,True,Lower Value,Medium Priority
C06872,0.588721427845174,Medium Risk,93.1,2.0,19.0,True,Lower Value,Medium Priority
C08164,0.5887098692639037,Medium Risk,89.26,4.0,73.0,True,Lower Value,Medium Priority
C09001,0.5884285963816185,Medium Risk,159.45,2.0,21.0,True,Lower Value,Medium Priority
C08473,0.5882769988712143,Medium Risk,8.92,1.0,599.0,True,Lower Value,Medium Priority
C07162,0.5882118070963365,Medium Risk,467.69,5.0,266.0,True,High Value,Medium Priority
C07562,0.5878233467035185,Medium Risk,249.93,4.0,214.0,True,Lower Value,Medium Priority
C04983,0.587599135881735,Medium Risk,336.36,4.0,306.0,True,Lower Value,Medium Priority
C04379,0.5873742582655427,Medium Risk,269.56,5.0,128.0,True,Lower Value,Medium Priority
C09681,0.587237076876526,Medium Risk,449.82,5.0,57.0,True,High Value,Medium Priority
C00909,0.5872143713872291,Medium Risk,202.8,4.0,12.0,True,Lower Value,Medium Priority
C09092,0.5871608252317967,Medium Risk,47.57,4.0,222.0,True,Lower Value,Medium Priority
C00681,0.5870520375124986,Medium Risk,271.03,4.0,183.0,True,Lower Value,Medium Priority
C09198,0.5867319860598138,Medium Risk,182.28,5.0,68.0,True,Lower Value,Medium Priority
C02606,0.5866363489681038,Medium Risk,1199.07,9.0,41.0,True,High Value,Medium Priority
C04102,0.586629542195195,Medium Risk,181.99,3.0,224.0,True,Lower Value,Medium Priority
C01432,0.5864700216079645,Medium Risk,111.14,2.0,219.0,True,Lower Value,Medium Priority
C08536,0.586111188436873,Medium Risk,340.72,4.0,123.0,True,Lower Value,Medium Priority
C06974,0.5860532671214838,Medium Risk,133.01999999999998,3.0,88.0,True,Lower Value,Medium Priority
C06325,0.5858490884876997,Medium Risk,13.72,1.0,155.0,True,Lower Value,Medium Priority
C01566,0.5849768431556335,Medium Risk,362.7,5.0,216.0,True,Lower Value,Medium Priority
C07118,0.5848161182170396,Medium Risk,115.24,2.0,105.0,True,Lower Value,Medium Priority
C00903,0.5845046271687039,Medium Risk,516.39,8.0,7.0,True,High Value,Medium Priority
C05413,0.584415132931269,Medium Risk,756.59,2.0,383.0,True,High Value,Medium Priority
C03947,0.5843583583941849,Medium Risk,1490.3100000000002,4.0,342.0,True,High Value,Medium Priority
C05804,0.5841964011416818,Medium Risk,179.94,2.0,146.0,True,Lower Value,Medium Priority
C05699,0.5841384593936275,Medium Risk,438.19,4.0,72.0,True,High Value,Medium Priority
C06286,0.5837903545181872,Medium Risk,729.87,7.0,315.0,True,High Value,Medium Priority
C03333,0.5831068899330826,Medium Risk,223.84,4.0,112.0,True,Lower Value,Medium Priority
C06893,0.5830718981091622,Medium Risk,256.85,3.0,447.0,True,Lower Value,Medium Priority
C00767,0.5828770728335292,Medium Risk,37.11,1.0,431.0,True,Lower Value,Medium Priority
C04196,0.5828493638482185,Medium Risk,1175.75,1.0,177.0,True,High Value,Medium Priority
C09727,0.5828415297323887,Medium Risk,373.43,5.0,190.0,True,Lower Value,Medium Priority
C05450,0.5827354829571377,Medium Risk,645.51,2.0,77.0,True,High Value,Medium Priority
C08439,0.5827043864837155,Medium Risk,363.99,4.0,74.0,True,Lower Value,Medium Priority
C07653,0.5822572469566738,Medium Risk,29.91,1.0,690.0,True,Lower Value,Medium Priority
C07379,0.5820552679006491,Medium Risk,294.33,5.0,169.0,True,Lower Value,Medium Priority
C09120,0.5819216207969425,Medium Risk,228.26,4.0,144.0,True,Lower Value,Medium Priority
C03998,0.5817093575592627,Medium Risk,195.0,7.0,83.0,True,Lower Value,Medium Priority
C09379,0.5814598968437499,Medium Risk,656.36,3.0,329.0,True,High Value,Medium Priority
C01651,0.5809746186380066,Medium Risk,256.49,5.0,141.0,True,Lower Value,Medium Priority
C04950,0.5809737396033784,Medium Risk,487.72,4.0,59.0,True,High Value,Medium Priority
C02227,0.5807224466344749,Medium Risk,253.07,4.0,90.0,True,Lower Value,Medium Priority
C01328,0.5806427579814685,Medium Risk,132.74,4.0,101.0,True,Lower Value,Medium Priority
C03754,0.5802794821336916,Medium Risk,122.13,5.0,65.0,True,Lower Value,Medium Priority
C04005,0.579869296290645,Medium Risk,234.68,3.0,170.0,True,Lower Value,Medium Priority
C06536,0.5798225294861239,Medium Risk,328.36,3.0,40.0,True,Lower Value,Medium Priority
C06041,0.5796959133526189,Medium Risk,64.63,2.0,152.0,True,Lower Value,Medium Priority
C09698,0.57969039407032,Medium Risk,188.54,3.0,27.0,True,Lower Value,Medium Priority
C02017,0.5790087063389743,Medium Risk,920.84,7.0,41.0,True,High Value,Medium Priority
C03854,0.5789370399854423,Medium Risk,345.19000000000005,5.0,32.0,True,Lower Value,Medium Priority
C05050,0.5788774561873133,Medium Risk,1023.02,2.0,164.0,True,High Value,Medium Priority
C05521,0.5786113705439994,Medium Risk,207.01,5.0,214.0,True,Lower Value,Medium Priority
C05545,0.5785848119137185,Medium Risk,249.06,6.0,273.0,True,Lower Value,Medium Priority
C02607,0.578226714258461,Medium Risk,297.01,2.0,63.0,True,Lower Value,Medium Priority
C02058,0.5779900631692819,Medium Risk,242.88,4.0,291.0,True,Lower Value,Medium Priority
C03189,0.5778521151544548,Medium Risk,633.74,7.0,270.0,True,High Value,Medium Priority
C08360,0.5776611633389875,Medium Risk,289.23,4.0,279.0,True,Lower Value,Medium Priority
C04358,0.5773886695833308,Medium Risk,424.97,8.0,2.0,True,High Value,Medium Priority
C02324,0.577384259842147,Medium Risk,616.49,6.0,179.0,True,High Value,Medium Priority
C08664,0.5771915698961151,Medium Risk,198.2,4.0,80.0,True,Lower Value,Medium Priority
C02225,0.57701321061334,Medium Risk,545.19,4.0,384.0,True,High Value,Medium Priority
C04772,0.5768862302966903,Medium Risk,507.34,6.0,74.0,True,High Value,Medium Priority
C04010,0.5768174156107068,Medium Risk,522.29,3.0,33.0,True,High Value,Medium Priority
C05062,0.5761019097038541,Medium Risk,371.14,5.0,98.0,True,Lower Value,Medium Priority
C07054,0.5760982812410531,Medium Risk,826.98,7.0,29.0,True,High Value,Medium Priority
C02341,0.5760221913804868,Medium Risk,576.28,4.0,3.0,True,High Value,Medium Priority
C01876,0.5760063450120415,Medium Risk,303.81,5.0,18.0,True,Lower Value,Medium Priority
C09472,0.5759890447227645,Medium Risk,314.93,6.0,3.0,True,Lower Value,Medium Priority
C09044,0.5758815071266862,Medium Risk,136.11,3.0,133.0,True,Lower Value,Medium Priority
C01132,0.5757952520303953,Medium Risk,513.4,6.0,105.0,True,High Value,Medium Priority
C09552,0.5750422033480475,Medium Risk,231.52,4.0,141.0,True,Lower Value,Medium Priority
C00538,0.5748772055066991,Medium Risk,147.07,5.0,37.0,True,Lower Value,Medium Priority
C07175,0.5746307178192173,Medium Risk,440.01,3.0,412.0,True,High Value,Medium Priority
C08660,0.5746102609967502,Medium Risk,264.85,4.0,229.0,True,Lower Value,Medium Priority
C06069,0.5742534097749571,Medium Risk,109.19,4.0,283.0,True,Lower Value,Medium Priority
C01546,0.5740673081691076,Medium Risk,75.91,2.0,640.0,True,Lower Value,Medium Priority
C01725,0.5740587232062484,Medium Risk,259.54,3.0,171.0,True,Lower Value,Medium Priority
C04290,0.5733646636483906,Medium Risk,302.98,6.0,61.0,True,Lower Value,Medium Priority
C04800,0.5732289034196899,Medium Risk,526.54,5.0,116.0,True,High Value,Medium Priority
C05447,0.5730286718032669,Medium Risk,302.79,5.0,243.0,True,Lower Value,Medium Priority
C06643,0.5725142299399992,Medium Risk,211.37,4.0,266.0,True,Lower Value,Medium Priority
C06077,0.5718837189292215,Medium Risk,180.2,4.0,287.0,True,Lower Value,Medium Priority
C05594,0.5717957655207301,Medium Risk,109.23,3.0,154.0,True,Lower Value,Medium Priority
C03637,0.5717172821353664,Medium Risk,52.09,3.0,166.0,True,Lower Value,Medium Priority
C04429,0.5717076431101259,Medium Risk,107.57,3.0,8.0,True,Lower Value,Medium Priority
C01825,0.5716831726173777,Medium Risk,142.45,3.0,58.0,True,Lower Value,Medium Priority
C01729,0.5714405727537502,Medium Risk,221.88,3.0,186.0,True,Lower Value,Medium Priority
C04096,0.5709366628883279,Medium Risk,221.72,5.0,24.0,True,Lower Value,Medium Priority
C05873,0.5705358564349435,Medium Risk,74.0,2.0,44.0,True,Lower Value,Medium Priority
C02502,0.5701902997164385,Medium Risk,71.22,2.0,259.0,True,Lower Value,Medium Priority
C08936,0.5695921526377646,Medium Risk,72.22999999999999,3.0,410.0,True,Lower Value,Medium Priority
C07813,0.5695123031274879,Medium Risk,458.04,4.0,10.0,True,High Value,Medium Priority
C09923,0.5694702512612796,Medium Risk,151.08999999999995,4.0,486.0,True,Lower Value,Medium Priority
C02025,0.5691968103536641,Medium Risk,86.68,3.0,145.0,True,Lower Value,Medium Priority
C05407,0.5688308163800274,Medium Risk,431.04,4.0,279.0,True,High Value,Medium Priority
C08770,0.5686173910961025,Medium Risk,467.18,7.0,87.0,True,High Value,Medium Priority
C07071,0.5676705474705305,Medium Risk,161.69,4.0,516.0,True,Lower Value,Medium Priority
C08286,0.5675819033045941,Medium Risk,487.57,7.0,185.0,True,High Value,Medium Priority
C04765,0.5673687942626863,Medium Risk,262.95,4.0,317.0,True,Lower Value,Medium Priority
C00459,0.567150221300322,Medium Risk,75.66,2.0,566.0,True,Lower Value,Medium Priority
C01262,0.567141275810323,Medium Risk,716.2,9.0,66.0,True,High Value,Medium Priority
C00810,0.5670104355222207,Medium Risk,358.74,4.0,218.0,True,Lower Value,Medium Priority
C01877,0.566498853507096,Medium Risk,997.39,6.0,174.0,True,High Value,Medium Priority
C06803,0.5661221169892795,Medium Risk,88.52,3.0,12.0,True,Lower Value,Medium Priority
C04927,0.5654909446242129,Medium Risk,37.78,1.0,268.0,True,Lower Value,Medium Priority
C05792,0.5650302946649125,Medium Risk,57.57,4.0,10.0,True,Lower Value,Medium Priority
C02008,0.5646729310341952,Medium Risk,258.8,4.0,42.0,True,Lower Value,Medium Priority
C02289,0.5646615313335693,Medium Risk,233.95,4.0,270.0,True,Lower Value,Medium Priority
C07880,0.5646208142027188,Medium Risk,44.34,1.0,158.0,True,Lower Value,Medium Priority
C08815,0.5640558349459716,Medium Risk,137.62,3.0,298.0,True,Lower Value,Medium Priority
C03976,0.5640469646842213,Medium Risk,593.1500000000001,3.0,18.0,True,High Value,Medium Priority
C01653,0.5636573116249907,Medium Risk,27.17,2.0,110.0,True,Lower Value,Medium Priority
C03284,0.5629125113833255,Medium Risk,447.15,5.0,7.0,True,High Value,Medium Priority
C01554,0.5628256739695389,Medium Risk,1078.06,7.0,106.0,True,High Value,Medium Priority
C09504,0.5627667389977056,Medium Risk,361.31,7.0,166.0,True,Lower Value,Medium Priority
C01392,0.5624250261755849,Medium Risk,251.85,4.0,73.0,True,Lower Value,Medium Priority
C08230,0.5619995889211811,Medium Risk,228.56,1.0,675.0,True,Lower Value,Medium Priority
C08800,0.5619339690766909,Medium Risk,517.68,5.0,74.0,True,High Value,Medium Priority
C02850,0.5614417362013691,Medium Risk,120.92,5.0,79.0,True,Lower Value,Medium Priority
C09270,0.5612185330975735,Medium Risk,300.31,4.0,98.0,True,Lower Value,Medium Priority
C06376,0.5610872022059182,Medium Risk,226.65,2.0,114.0,True,Lower Value,Medium Priority
C09794,0.5607850631182637,Medium Risk,161.31,5.0,64.0,True,Lower Value,Medium Priority
C07807,0.5607755583450404,Medium Risk,128.52,6.0,1.0,True,Lower Value,Medium Priority
C02407,0.560442112387064,Medium Risk,481.17,4.0,104.0,True,High Value,Medium Priority
C09049,0.5603977756655372,Medium Risk,325.72,4.0,87.0,True,Lower Value,Medium Priority
C02732,0.5602946657165522,Medium Risk,313.29999999999995,7.0,16.0,True,Lower Value,Medium Priority
C03308,0.5600210700896703,Medium Risk,473.35,6.0,145.0,True,High Value,Medium Priority
C09138,0.5599288672433407,Medium Risk,260.81,6.0,289.0,True,Lower Value,Medium Priority
C04473,0.5598012271290711,Medium Risk,208.83,5.0,113.0,True,Lower Value,Medium Priority
C05848,0.5597378096264174,Medium Risk,554.0999999999999,3.0,125.0,True,High Value,Medium Priority
C05476,0.559411540927991,Medium Risk,78.61,3.0,432.0,True,Lower Value,Medium Priority
C03975,0.5591928559340478,Medium Risk,14.92,1.0,588.0,True,Lower Value,Medium Priority
C08671,0.5590228386893207,Medium Risk,326.86,4.0,348.0,True,Lower Value,Medium Priority
C03055,0.5588991279434107,Medium Risk,605.5,4.0,385.0,True,High Value,Medium Priority
C00424,0.5588769282984919,Medium Risk,138.59,3.0,160.0,True,Lower Value,Medium Priority
C03438,0.5587967502601282,Medium Risk,28.06,2.0,337.0,True,Lower Value,Medium Priority
C07232,0.5585951591145295,Medium Risk,869.99,4.0,65.0,True,High Value,Medium Priority
C07183,0.5584445193072207,Medium Risk,410.53,7.0,25.0,True,Lower Value,Medium Priority
C02187,0.5583638892781593,Medium Risk,466.51,5.0,54.0,True,High Value,Medium Priority
C02446,0.5579333917621272,Medium Risk,212.88,6.0,42.0,True,Lower Value,Medium Priority
C08401,0.5577260573682071,Medium Risk,102.24,3.0,148.0,True,Lower Value,Medium Priority
C09289,0.5576083901378183,Medium Risk,321.04,5.0,28.0,True,Lower Value,Medium Priority
C00968,0.5573435566565065,Medium Risk,104.62,3.0,10.0,True,Lower Value,Medium Priority
C05541,0.5570539354104256,Medium Risk,213.7,3.0,60.0,True,Lower Value,Medium Priority
C06682,0.5569745514512773,Medium Risk,328.24,3.0,101.0,True,Lower Value,Medium Priority
C01550,0.5568723759583407,Medium Risk,422.78,5.0,36.0,True,Lower Value,Medium Priority
C02944,0.556610126043997,Medium Risk,600.89,4.0,245.0,True,High Value,Medium Priority
C08303,0.5562577501802346,Medium Risk,108.5,4.0,317.0,True,Lower Value,Medium Priority
C09539,0.5562281763764388,Medium Risk,288.22,5.0,17.0,True,Lower Value,Medium Priority
C01051,0.5561596311810303,Medium Risk,325.71,2.0,68.0,True,Lower Value,Medium Priority
C02459,0.5561209690892479,Medium Risk,419.93,6.0,79.0,True,Lower Value,Medium Priority
C09147,0.5553643681964425,Medium Risk,162.42,4.0,230.0,True,Lower Value,Medium Priority
C07500,0.5553615397913767,Medium Risk,410.45,3.0,284.0,True,Lower Value,Medium Priority
C00829,0.5551950479213608,Medium Risk,61.06,4.0,22.0,True,Lower Value,Medium Priority
C04116,0.5550917500954499,Medium Risk,543.56,5.0,20.0,True,High Value,Medium Priority
C06180,0.5549801995392543,Medium Risk,271.29,4.0,33.0,True,Lower Value,Medium Priority
C09020,0.5548141036096551,Medium Risk,744.86,5.0,205.0,True,High Value,Medium Priority
C02886,0.5547897509530426,Medium Risk,445.42,3.0,247.0,True,High Value,Medium Priority
C00481,0.5546918256263849,Medium Risk,20.02,1.0,321.0,True,Lower Value,Medium Priority
C04440,0.5546063712205909,Medium Risk,514.45,7.0,11.0,True,High Value,Medium Priority
C03554,0.5542338962316572,Medium Risk,436.68,6.0,96.0,True,High Value,Medium Priority
C04620,0.5536935696122403,Medium Risk,443.89,8.0,35.0,True,High Value,Medium Priority
C04430,0.5535665409887538,Medium Risk,1298.51,4.0,149.0,True,High Value,Medium Priority
C04758,0.5531806484945954,Medium Risk,143.35000000000002,3.0,65.0,True,Lower Value,Medium Priority
C00854,0.552437153787077,Medium Risk,33.74,1.0,617.0,True,Lower Value,Medium Priority
C09544,0.5519387870220488,Medium Risk,70.05,3.0,126.0,True,Lower Value,Medium Priority
C02238,0.5518938110910628,Medium Risk,426.63,3.0,535.0,True,High Value,Medium Priority
C04227,0.5515642486520939,Medium Risk,266.91,3.0,476.0,True,Lower Value,Medium Priority
C09389,0.5504877556401142,Medium Risk,421.79,6.0,142.0,True,Lower Value,Medium Priority
C06162,0.5504250121442501,Medium Risk,123.51,3.0,393.0,True,Lower Value,Medium Priority
C02456,0.550043969348907,Medium Risk,898.05,5.0,113.0,True,High Value,Medium Priority
C03622,0.5500370737323166,Medium Risk,360.27,6.0,29.0,True,Lower Value,Medium Priority
C08914,0.5498772437704056,Medium Risk,380.78,5.0,155.0,True,Lower Value,Medium Priority
C02731,0.5494784010069769,Medium Risk,381.15,5.0,21.0,True,Lower Value,Medium Priority
C07111,0.5488864925577271,Medium Risk,453.51,4.0,65.0,True,High Value,Medium Priority
C01143,0.5487510795790251,Medium Risk,25.77,1.0,417.0,True,Lower Value,Medium Priority
C01066,0.5487205007100268,Medium Risk,114.66,4.0,78.0,True,Lower Value,Medium Priority
C07544,0.5486538853384771,Medium Risk,599.3199999999999,6.0,100.0,True,High Value,Medium Priority
C06909,0.548627414345472,Medium Risk,430.43,7.0,182.0,True,High Value,Medium Priority
C03361,0.5485832028677288,Medium Risk,190.19,4.0,73.0,True,Lower Value,Medium Priority
C06541,0.5481745700154829,Medium Risk,61.7,1.0,256.0,True,Lower Value,Medium Priority
C02584,0.5476158192275966,Medium Risk,237.47,4.0,79.0,True,Lower Value,Medium Priority
C09736,0.5474527681428009,Medium Risk,244.22,5.0,5.0,True,Lower Value,Medium Priority
C04168,0.5470680983360235,Medium Risk,845.45,8.0,56.0,True,High Value,Medium Priority
C02007,0.5467756655627966,Medium Risk,68.3,3.0,164.0,True,Lower Value,Medium Priority
C01174,0.5466276468353441,Medium Risk,357.17999999999995,5.0,473.0,True,Lower Value,Medium Priority
C03216,0.5460473882313884,Medium Risk,167.6,5.0,20.0,True,Lower Value,Medium Priority
C07788,0.5460173855670937,Medium Risk,89.50999999999999,3.0,149.0,True,Lower Value,Medium Priority
C09719,0.545971462910818,Medium Risk,31.33,2.0,220.0,True,Lower Value,Medium Priority
C01528,0.5458709310964226,Medium Risk,844.97,7.0,215.0,True,High Value,Medium Priority
C03787,0.5456456319533536,Medium Risk,186.4,4.0,5.0,True,Lower Value,Medium Priority
C07768,0.5455785638512147,Medium Risk,1614.82,5.0,144.0,True,High Value,Medium Priority
C03436,0.5454963593601653,Medium Risk,673.63,9.0,163.0,True,High Value,Medium Priority
C06595,0.5453992411830335,Medium Risk,338.23,4.0,58.0,True,Lower Value,Medium Priority
C01378,0.5453011824770737,Medium Risk,377.91,6.0,55.0,True,Lower Value,Medium Priority
C08866,0.5450255787665812,Medium Risk,541.19,5.0,152.0,True,High Value,Medium Priority
C01235,0.545008752022036,Medium Risk,639.54,4.0,45.0,True,High Value,Medium Priority
C00825,0.5446063246216313,Medium Risk,206.97,4.0,120.0,True,Lower Value,Medium Priority
C07240,0.5444544418000696,Medium Risk,127.69,2.0,372.0,True,Lower Value,Medium Priority
C02984,0.5443628566144283,Medium Risk,650.92,7.0,5.0,True,High Value,Medium Priority
C03119,0.5441610916496443,Medium Risk,180.11,6.0,34.0,True,Lower Value,Medium Priority
C08076,0.5437811940902548,Medium Risk,1037.25,5.0,8.0,True,High Value,Medium Priority
C07551,0.543739875954921,Medium Risk,773.05,7.0,97.0,True,High Value,Medium Priority
C02544,0.5435213647972577,Medium Risk,156.92000000000002,5.0,99.0,True,Lower Value,Medium Priority
C07751,0.5434316173056042,Medium Risk,710.9399999999999,7.0,73.0,True,High Value,Medium Priority
C06404,0.542980800755628,Medium Risk,287.19,5.0,72.0,True,Lower Value,Medium Priority
C08179,0.5426454814115866,Medium Risk,231.37,5.0,20.0,True,Lower Value,Medium Priority
C05316,0.5425842788123674,Medium Risk,669.21,3.0,392.0,True,High Value,Medium Priority
C00172,0.5424869989487059,Medium Risk,132.42,2.0,199.0,True,Lower Value,Medium Priority
C09575,0.5420233913187241,Medium Risk,110.18,5.0,76.0,True,Lower Value,Medium Priority
C01096,0.5419106046371021,Medium Risk,527.62,6.0,257.0,True,High Value,Medium Priority
C03078,0.5414940242961384,Medium Risk,544.63,8.0,63.0,True,High Value,Medium Priority
C08354,0.5414899109284029,Medium Risk,775.83,9.0,51.0,True,High Value,Medium Priority
C05259,0.5412869759739691,Medium Risk,1001.83,4.0,57.0,True,High Value,Medium Priority
C01163,0.5411300458515781,Medium Risk,68.45,3.0,87.0,True,Lower Value,Medium Priority
C01570,0.5409295072150133,Medium Risk,398.33,5.0,256.0,True,Lower Value,Medium Priority
C06624,0.540668645020636,Medium Risk,425.87,6.0,212.0,True,High Value,Medium Priority
C06822,0.5404518811709251,Medium Risk,467.59,4.0,101.0,True,High Value,Medium Priority
C03363,0.5402647680607774,Medium Risk,57.00000000000001,3.0,134.0,True,Lower Value,Medium Priority
C05404,0.5400129229247617,Medium Risk,1153.54,3.0,123.0,True,High Value,Medium Priority
C00307,0.5397655121310962,Medium Risk,147.73,5.0,210.0,True,Lower Value,Medium Priority
C03833,0.5396381696365855,Medium Risk,167.14,3.0,258.0,True,Lower Value,Medium Priority
C00731,0.5395666112962306,Medium Risk,178.70999999999998,3.0,45.0,True,Lower Value,Medium Priority
C07341,0.5393643733133364,Medium Risk,57.23,3.0,106.0,True,Lower Value,Medium Priority
C08709,0.5392656760280645,Medium Risk,508.9599999999999,6.0,1.0,True,High Value,Medium Priority
C09329,0.5387339931439983,Medium Risk,335.47,6.0,55.0,True,Lower Value,Medium Priority
C03251,0.5387316052990275,Medium Risk,547.14,5.0,40.0,True,High Value,Medium Priority
C05937,0.5386654701246701,Medium Risk,45.38,2.0,226.0,True,Lower Value,Medium Priority
C06811,0.5366422309623913,Medium Risk,277.55,4.0,80.0,True,Lower Value,Medium Priority
C00305,0.5363827330112229,Medium Risk,91.6,3.0,407.0,True,Lower Value,Medium Priority
C05879,0.5363739815225699,Medium Risk,107.94,3.0,267.0,True,Lower Value,Medium Priority
C01772,0.5363604751587242,Medium Risk,338.0,4.0,201.0,True,Lower Value,Medium Priority
C04962,0.5363530070377642,Medium Risk,452.8,7.0,176.0,True,High Value,Medium Priority
C05067,0.5359391026980703,Medium Risk,378.11,8.0,48.0,True,Lower Value,Medium Priority
C08961,0.5354089440620049,Medium Risk,193.54,3.0,64.0,True,Lower Value,Medium Priority
C06739,0.5353663624839565,Medium Risk,20.4,2.0,360.0,True,Lower Value,Medium Priority
C07996,0.5351548307631033,Medium Risk,32.33,1.0,463.0,True,Lower Value,Medium Priority
C04015,0.5350048882130816,Medium Risk,111.14,3.0,83.0,True,Lower Value,Medium Priority
C04056,0.5349673653173883,Medium Risk,352.21000000000004,7.0,168.0,True,Lower Value,Medium Priority
C08082,0.5343007762932258,Medium Risk,308.59000000000003,2.0,357.0,True,Lower Value,Medium Priority
C00007,0.5341044973099652,Medium Risk,630.35,4.0,49.0,True,High Value,Medium Priority
C00956,0.5340101348191689,Medium Risk,219.28,4.0,68.0,True,Lower Value,Medium Priority
C00593,0.5339252946190377,Medium Risk,224.86,4.0,7.0,True,Lower Value,Medium Priority
C01449,0.5337646795587265,Medium Risk,24.78,1.0,695.0,True,Lower Value,Medium Priority
C02671,0.5335272748920309,Medium Risk,265.41,6.0,128.0,True,Lower Value,Medium Priority
C04322,0.5334645663654322,Medium Risk,136.26,4.0,140.0,True,Lower Value,Medium Priority
C00978,0.5330605047572242,Medium Risk,439.63,8.0,28.0,True,High Value,Medium Priority
C06305,0.532883094529285,Medium Risk,342.73,3.0,201.0,True,Lower Value,Medium Priority
C00557,0.5328495461001725,Medium Risk,272.03,6.0,280.0,True,Lower Value,Medium Priority
C02654,0.5328454532647032,Medium Risk,445.33,7.0,119.0,True,High Value,Medium Priority
C09177,0.5328059678689581,Medium Risk,1113.61,4.0,164.0,True,High Value,Medium Priority
C03695,0.5325906853812534,Medium Risk,459.11,8.0,52.0,True,High Value,Medium Priority
C02356,0.5323753760741663,Medium Risk,531.11,4.0,231.0,True,High Value,Medium Priority
C05206,0.532237697340177,Medium Risk,241.61,6.0,184.0,True,Lower Value,Medium Priority
C01339,0.5320919789610701,Medium Risk,1286.57,9.0,2.0,True,High Value,Medium Priority
C08781,0.5319465096770721,Medium Risk,113.36,5.0,220.0,True,Lower Value,Medium Priority
C03393,0.5316950890530184,Medium Risk,39.62,1.0,654.0,True,Lower Value,Medium Priority
C05135,0.531577520898126,Medium Risk,503.97,5.0,101.0,True,High Value,Medium Priority
C03350,0.5313571534782798,Medium Risk,385.88,5.0,483.0,True,Lower Value,Medium Priority
C09469,0.5313157975979355,Medium Risk,413.78,7.0,122.0,True,Lower Value,Medium Priority
C03986,0.5310570100881723,Medium Risk,182.45,6.0,68.0,True,Lower Value,Medium Priority
C02958,0.5304119823484114,Medium Risk,22.15,2.0,259.0,True,Lower Value,Medium Priority
C07472,0.5301633272263528,Medium Risk,267.64,5.0,234.0,True,Lower Value,Medium Priority
C08349,0.5293006203441296,Medium Risk,318.22,6.0,23.0,True,Lower Value,Medium Priority
C07322,0.5292359853937189,Medium Risk,384.01,6.0,177.0,True,Lower Value,Medium Priority
C02686,0.528769461817967,Medium Risk,98.75,2.0,173.0,True,Lower Value,Medium Priority
C05323,0.5285249157686374,Medium Risk,209.06,6.0,210.0,True,Lower Value,Medium Priority
C08046,0.5283717811317263,Medium Risk,108.63,3.0,350.0,True,Lower Value,Medium Priority
C08749,0.5277120927452578,Medium Risk,299.39,7.0,101.0,True,Lower Value,Medium Priority
C01737,0.5276550200414596,Medium Risk,543.22,6.0,23.0,True,High Value,Medium Priority
C09204,0.5276020236725031,Medium Risk,396.25,4.0,238.0,True,Lower Value,Medium Priority
C08567,0.527381769004312,Medium Risk,692.71,6.0,67.0,True,High Value,Medium Priority
C08177,0.5272541421516125,Medium Risk,299.16,4.0,131.0,True,Lower Value,Medium Priority
C04895,0.5270187096290107,Medium Risk,1333.52,8.0,34.0,True,High Value,Medium Priority
C02282,0.5270128633395935,Medium Risk,632.75,10.0,51.0,True,High Value,Medium Priority
C04206,0.5255550525446918,Medium Risk,172.07,2.0,243.0,True,Lower Value,Medium Priority
C07062,0.5255499585905994,Medium Risk,335.8,6.0,105.0,True,Lower Value,Medium Priority
C00164,0.5253422960075187,Medium Risk,244.97,5.0,100.0,True,Lower Value,Medium Priority
C08850,0.5252900760684847,Medium Risk,569.28,5.0,52.0,True,High Value,Medium Priority
C09471,0.5252314450304826,Medium Risk,431.82,4.0,37.0,True,High Value,Medium Priority
C00722,0.5246625434935073,Medium Risk,161.43,4.0,233.0,True,Lower Value,Medium Priority
C05834,0.5246243878849259,Medium Risk,421.22,6.0,2.0,True,Lower Value,Medium Priority
C07413,0.5238602550772133,Medium Risk,242.47,4.0,174.0,True,Lower Value,Medium Priority
C00718,0.5238249061972355,Medium Risk,393.35,3.0,55.0,True,Lower Value,Medium Priority
C09784,0.523263179269368,Medium Risk,857.8299999999999,2.0,410.0,True,High Value,Medium Priority
C06916,0.5230347124377365,Medium Risk,170.51999999999998,4.0,5.0,True,Lower Value,Medium Priority
C06769,0.522953750427289,Medium Risk,1643.62,6.0,110.0,True,High Value,Medium Priority
C08184,0.5223058530569222,Medium Risk,197.75,7.0,377.0,True,Lower Value,Medium Priority
C07735,0.5221464773003696,Medium Risk,147.44,3.0,315.0,True,Lower Value,Medium Priority
C02659,0.5216171342639203,Medium Risk,589.8199999999999,6.0,44.0,True,High Value,Medium Priority
C04304,0.521612009719246,Medium Risk,605.85,5.0,134.0,True,High Value,Medium Priority
C05793,0.5214584733112444,Medium Risk,172.55,5.0,302.0,True,Lower Value,Medium Priority
C04503,0.521033298709443,Medium Risk,244.96,4.0,158.0,True,Lower Value,Medium Priority
C05574,0.5208182507583231,Medium Risk,574.56,9.0,32.0,True,High Value,Medium Priority
C01100,0.5208032814875008,Medium Risk,438.64,3.0,396.0,True,High Value,Medium Priority
C03559,0.520497600867981,Medium Risk,443.65,6.0,119.0,True,High Value,Medium Priority
C08345,0.5203904651841935,Medium Risk,322.98,5.0,51.0,True,Lower Value,Medium Priority
C04321,0.5203335691678772,Medium Risk,365.83,5.0,12.0,True,Lower Value,Medium Priority
C02586,0.5200504750321677,Medium Risk,641.77,7.0,240.0,True,High Value,Medium Priority
C09359,0.5195410263099319,Medium Risk,191.58,3.0,238.0,True,Lower Value,Medium Priority
C02361,0.5190322225216699,Medium Risk,479.69,3.0,55.0,True,High Value,Medium Priority
C02995,0.518692185863304,Medium Risk,576.86,5.0,131.0,True,High Value,Medium Priority
C04531,0.5186857569843262,Medium Risk,127.94,4.0,257.0,True,Lower Value,Medium Priority
C01918,0.5182511205273236,Medium Risk,355.52,5.0,171.0,True,Lower Value,Medium Priority
C08050,0.5182153410513133,Medium Risk,666.54,12.0,17.0,True,High Value,Medium Priority
C03374,0.51779826981811,Medium Risk,941.07,8.0,10.0,True,High Value,Medium Priority
C03867,0.5174961928222145,Medium Risk,70.4,2.0,61.0,True,Lower Value,Medium Priority
C03072,0.5174700046254439,Medium Risk,318.82,7.0,156.0,True,Lower Value,Medium Priority
C01558,0.5173942630605012,Medium Risk,494.47,6.0,158.0,True,High Value,Medium Priority
C01253,0.5173181527148443,Medium Risk,334.01,5.0,188.0,True,Lower Value,Medium Priority
C06903,0.5172127825995028,Medium Risk,34.1,1.0,251.0,True,Lower Value,Medium Priority
C09646,0.517202099029661,Medium Risk,419.12,6.0,18.0,True,Lower Value,Medium Priority
C07104,0.5170661849393583,Medium Risk,673.71,5.0,24.0,True,High Value,Medium Priority
C00081,0.5169510629700593,Medium Risk,524.58,6.0,119.0,True,High Value,Medium Priority
C06697,0.5165861180429732,Medium Risk,159.22,3.0,201.0,True,Lower Value,Medium Priority
C05362,0.5165848935346214,Medium Risk,158.31,2.0,306.0,True,Lower Value,Medium Priority
C00143,0.5164841308407151,Medium Risk,494.45,7.0,170.0,True,High Value,Medium Priority
C03688,0.5164672987595295,Medium Risk,253.68,5.0,13.0,True,Lower Value,Medium Priority
C08396,0.5164610149771407,Medium Risk,598.58,5.0,335.0,True,High Value,Medium Priority
C08715,0.5163996922472015,Medium Risk,403.06,7.0,86.0,True,Lower Value,Medium Priority
C03602,0.5160627515768682,Medium Risk,676.0,7.0,158.0,True,High Value,Medium Priority
C06473,0.5158126618759737,Medium Risk,347.2,5.0,52.0,True,Lower Value,Medium Priority
C07696,0.5153776230506308,Medium Risk,256.84000000000003,4.0,210.0,True,Lower Value,Medium Priority
C03980,0.5152184752543917,Medium Risk,711.11,9.0,132.0,True,High Value,Medium Priority
C07859,0.5151641313150932,Medium Risk,629.32,4.0,50.0,True,High Value,Medium Priority
C04149,0.5150560627339849,Medium Risk,30.03,2.0,399.0,True,Lower Value,Medium Priority
C00987,0.5149874409924703,Medium Risk,93.7,1.0,713.0,True,Lower Value,Medium Priority
C00919,0.5149033648678079,Medium Risk,151.91,3.0,58.0,True,Lower Value,Medium Priority
C06874,0.5147415953227484,Medium Risk,627.84,8.0,2.0,True,High Value,Medium Priority
C07538,0.5146645087253117,Medium Risk,489.47,4.0,38.0,True,High Value,Medium Priority
C04825,0.5143542558455566,Medium Risk,149.23,3.0,51.0,True,Lower Value,Medium Priority
C06962,0.5139319601010564,Medium Risk,180.45,4.0,34.0,True,Lower Value,Medium Priority
C06114,0.5138568596423878,Medium Risk,391.73,5.0,64.0,True,Lower Value,Medium Priority
C00818,0.5135480274419267,Medium Risk,778.8000000000001,9.0,155.0,True,High Value,Medium Priority
C09829,0.5132657530000053,Medium Risk,167.82999999999998,5.0,9.0,True,Lower Value,Medium Priority
C03334,0.5131579891947692,Medium Risk,223.56,7.0,5.0,True,Lower Value,Medium Priority
C03546,0.5126274950104001,Medium Risk,288.44,8.0,24.0,True,Lower Value,Medium Priority
C00050,0.512364094668445,Medium Risk,17.96,2.0,16.0,True,Lower Value,Medium Priority
C04414,0.5123496767487101,Medium Risk,715.11,5.0,79.0,True,High Value,Medium Priority
C00975,0.5122172235086526,Medium Risk,74.5,5.0,153.0,True,Lower Value,Medium Priority
C05777,0.5120986853241258,Medium Risk,203.61,4.0,158.0,True,Lower Value,Medium Priority
C07928,0.5119892831079134,Medium Risk,2026.33,7.0,29.0,True,High Value,Medium Priority
C09290,0.511342634875358,Medium Risk,692.32,7.0,162.0,True,High Value,Medium Priority
C02018,0.5113303193319774,Medium Risk,308.36,5.0,140.0,True,Lower Value,Medium Priority
C05069,0.511227984233878,Medium Risk,84.33,3.0,163.0,True,Lower Value,Medium Priority
C05270,0.5109955847327021,Medium Risk,255.2,1.0,417.0,True,Lower Value,Medium Priority
C02394,0.5104700774262031,Medium Risk,138.52,7.0,140.0,True,Lower Value,Medium Priority
C03827,0.5103221273347042,Medium Risk,601.37,8.0,207.0,True,High Value,Medium Priority
C03278,0.5098538886029966,Medium Risk,385.42,8.0,7.0,True,Lower Value,Medium Priority
C07754,0.5088838516375946,Medium Risk,747.76,5.0,34.0,True,High Value,Medium Priority
C04480,0.5087235256865086,Medium Risk,418.84,7.0,71.0,True,Lower Value,Medium Priority
C00460,0.5084352123368262,Medium Risk,125.69,4.0,34.0,True,Lower Value,Medium Priority
C06481,0.508328556845289,Medium Risk,531.17,8.0,79.0,True,High Value,Medium Priority
C02031,0.5080582910526106,Medium Risk,53.83,1.0,83.0,True,Lower Value,Medium Priority
C06747,0.5076292548269746,Medium Risk,460.47,6.0,121.0,True,High Value,Medium Priority
C05040,0.5074755889439682,Medium Risk,197.62,4.0,69.0,True,Lower Value,Medium Priority
C03689,0.5071407082916753,Medium Risk,208.48,3.0,232.0,True,Lower Value,Medium Priority
C08366,0.5065901865791449,Medium Risk,322.06,8.0,14.0,True,Lower Value,Medium Priority
C02027,0.5064315640504887,Medium Risk,600.12,7.0,215.0,True,High Value,Medium Priority
C05757,0.5063416597628209,Medium Risk,807.11,6.0,179.0,True,High Value,Medium Priority
C06906,0.5062244693608348,Medium Risk,324.5,8.0,57.0,True,Lower Value,Medium Priority
C05332,0.5062057971588234,Medium Risk,318.79,5.0,15.0,True,Lower Value,Medium Priority
C07408,0.5061836302477595,Medium Risk,230.81,7.0,163.0,True,Lower Value,Medium Priority
C04153,0.5059793213283128,Medium Risk,444.66,9.0,18.0,True,High Value,Medium Priority
C03586,0.5059133774897028,Medium Risk,530.09,7.0,75.0,True,High Value,Medium Priority
C02826,0.5050801403495584,Medium Risk,360.05,7.0,126.0,True,Lower Value,Medium Priority
C03114,0.504978368670122,Medium Risk,376.93,7.0,85.0,True,Lower Value,Medium Priority
C06649,0.5044558444259135,Medium Risk,309.94,5.0,322.0,True,Lower Value,Medium Priority
C03959,0.5044484740537226,Medium Risk,623.56,3.0,143.0,True,High Value,Medium Priority
C03258,0.5042318453903137,Medium Risk,457.88,6.0,37.0,True,High Value,Medium Priority
C02835,0.5038310949781867,Medium Risk,1264.63,8.0,34.0,True,High Value,Medium Priority
C03289,0.5038028070357361,Medium Risk,338.74,7.0,157.0,True,Lower Value,Medium Priority
C06877,0.5037235282088943,Medium Risk,323.78000000000003,5.0,61.0,True,Lower Value,Medium Priority
C00483,0.5034084947881737,Medium Risk,213.8,3.0,70.0,True,Lower Value,Medium Priority
C07521,0.5033635400523373,Medium Risk,101.06,4.0,79.0,True,Lower Value,Medium Priority
C04213,0.5030104468203582,Medium Risk,205.28,4.0,14.0,True,Lower Value,Medium Priority
C01811,0.5028980268147601,Medium Risk,423.5,6.0,7.0,True,Lower Value,Medium Priority
C00153,0.5027525546254872,Medium Risk,186.38,4.0,172.0,True,Lower Value,Medium Priority
C07153,0.5018594015163145,Medium Risk,485.78,9.0,11.0,True,High Value,Medium Priority
C08834,0.5017610823401647,Medium Risk,653.81,10.0,109.0,True,High Value,Medium Priority
C03670,0.5016914322563242,Medium Risk,627.02,5.0,189.0,True,High Value,Medium Priority
C07190,0.5015021837292207,Medium Risk,227.91,4.0,343.0,True,Lower Value,Medium Priority
C04907,0.5014630581182211,Medium Risk,350.96,5.0,199.0,True,Lower Value,Medium Priority
C06264,0.5008680234699487,Medium Risk,390.38,6.0,281.0,True,Lower Value,Medium Priority
C01628,0.5004592028540843,Medium Risk,146.26,5.0,200.0,True,Lower Value,Medium Priority
C09752,0.5002502644469154,Medium Risk,279.67,7.0,2.0,True,Lower Value,Medium Priority
C01003,0.500068047331129,Medium Risk,286.51,5.0,1.0,True,Lower Value,Medium Priority
C09258,0.4997842215865652,Medium Risk,371.05,3.0,15.0,True,Lower Value,Medium Priority
C01482,0.49973801985277105,Medium Risk,461.9,5.0,24.0,True,High Value,Medium Priority
C08760,0.49964544581636816,Medium Risk,497.04,4.0,153.0,True,High Value,Medium Priority
C04360,0.4995186352116849,Medium Risk,233.43,3.0,43.0,True,Lower Value,Medium Priority
C01373,0.4990414466047548,Medium Risk,196.25,2.0,529.0,True,Lower Value,Medium Priority
C07244,0.49891906296240696,Medium Risk,236.58,5.0,85.0,True,Lower Value,Medium Priority
C03494,0.49890116552918995,Medium Risk,724.0400000000001,5.0,304.0,True,High Value,Medium Priority
C07821,0.49858926781040797,Medium Risk,336.42,7.0,18.0,True,Lower Value,Medium Priority
C01365,0.4982862316256593,Medium Risk,73.28999999999999,3.0,514.0,True,Lower Value,Medium Priority
C05568,0.4978112195446604,Medium Risk,383.31,4.0,123.0,True,Lower Value,Medium Priority
C09100,0.49777558822285073,Medium Risk,874.76,7.0,15.0,True,High Value,Medium Priority
C03744,0.49776607141214524,Medium Risk,350.19,5.0,101.0,True,Lower Value,Medium Priority
C05631,0.4977271041872633,Medium Risk,436.55,5.0,12.0,True,High Value,Medium Priority
C00552,0.49754197236018055,Medium Risk,294.07,6.0,52.0,True,Lower Value,Medium Priority
C05164,0.497260052356173,Medium Risk,438.1,6.0,233.0,True,High Value,Medium Priority
C00406,0.4967226603400662,Medium Risk,194.02,6.0,16.0,True,Lower Value,Medium Priority
C04326,0.49650560722513254,Medium Risk,1054.14,4.0,238.0,True,High Value,Medium Priority
C00384,0.49643945498868003,Medium Risk,307.02,4.0,52.0,True,Lower Value,Medium Priority
C00801,0.49625294963707267,Medium Risk,2425.26,6.0,39.0,True,High Value,Medium Priority
C08057,0.4960932710732309,Medium Risk,422.96,8.0,75.0,True,Lower Value,Medium Priority
C01829,0.4960087766276972,Medium Risk,347.23,8.0,164.0,True,Lower Value,Medium Priority
C04074,0.496005197203769,Medium Risk,323.61,10.0,14.0,True,Lower Value,Medium Priority
C01892,0.49600289796258656,Medium Risk,355.2,7.0,116.0,True,Lower Value,Medium Priority
C08917,0.4959946102550071,Medium Risk,452.59,4.0,7.0,True,High Value,Medium Priority
C06639,0.4959923154589136,Medium Risk,392.41,8.0,87.0,True,Lower Value,Medium Priority
C06957,0.49528828710325834,Medium Risk,540.74,6.0,83.0,True,High Value,Medium Priority
C04307,0.4951615175428502,Medium Risk,172.92000000000002,2.0,509.0,True,Lower Value,Medium Priority
C03830,0.49424732491352696,Medium Risk,326.40000000000003,8.0,129.0,True,Lower Value,Medium Priority
C06539,0.49423817024612476,Medium Risk,512.59,11.0,14.0,True,High Value,Medium Priority
C03292,0.49411792621388123,Medium Risk,562.1800000000001,4.0,221.0,True,High Value,Medium Priority
C04006,0.49369250111610435,Medium Risk,113.57,4.0,247.0,True,Lower Value,Medium Priority
C04262,0.4931764878477176,Medium Risk,36.88,1.0,572.0,True,Lower Value,Medium Priority
C09859,0.4931028874476492,Medium Risk,352.75,4.0,282.0,True,Lower Value,Medium Priority
C05141,0.4928815803950857,Medium Risk,180.5,4.0,35.0,True,Lower Value,Medium Priority
C03647,0.491947146919436,Medium Risk,620.1,8.0,61.0,True,High Value,Medium Priority
C01521,0.4919165911941564,Medium Risk,276.59,7.0,198.0,True,Lower Value,Medium Priority
C08391,0.4918777899680864,Medium Risk,1086.13,10.0,49.0,True,High Value,Medium Priority
C08845,0.4915264902521477,Medium Risk,214.56,4.0,150.0,True,Lower Value,Medium Priority
C01880,0.4912129923157811,Medium Risk,222.51,6.0,128.0,True,Lower Value,Medium Priority
C00539,0.4911263042355736,Medium Risk,886.92,4.0,64.0,True,High Value,Medium Priority
C07668,0.4909766510843955,Medium Risk,566.55,5.0,55.0,True,High Value,Medium Priority
C05670,0.4906992396330786,Medium Risk,413.14,7.0,59.0,True,Lower Value,Medium Priority
C01034,0.49062078336379134,Medium Risk,315.0,6.0,236.0,True,Lower Value,Medium Priority
C04976,0.49056807340371134,Medium Risk,431.54,7.0,9.0,True,High Value,Medium Priority
C03081,0.49048842066759973,Medium Risk,179.20000000000002,2.0,376.0,True,Lower Value,Medium Priority
C00123,0.4902141715248123,Medium Risk,476.37,8.0,10.0,True,High Value,Medium Priority
C05470,0.49016325909982733,Medium Risk,189.02,5.0,40.0,True,Lower Value,Medium Priority
C09163,0.4896697716232727,Medium Risk,434.62,4.0,105.0,True,High Value,Medium Priority
C03020,0.48957336386380773,Medium Risk,212.95,5.0,69.0,True,Lower Value,Medium Priority
C07267,0.4895626020541851,Medium Risk,489.34,7.0,113.0,True,High Value,Medium Priority
C00976,0.48951510814524923,Medium Risk,232.54,6.0,59.0,True,Lower Value,Medium Priority
C00733,0.4894660483064138,Medium Risk,307.35,7.0,28.0,True,Lower Value,Medium Priority
C01994,0.48927910107153805,Medium Risk,208.77,5.0,95.0,True,Lower Value,Medium Priority
C05623,0.48919130537729605,Medium Risk,325.69,6.0,92.0,True,Lower Value,Medium Priority
C06653,0.4891287142243971,Medium Risk,273.5,4.0,153.0,True,Lower Value,Medium Priority
C03966,0.4889803867814939,Medium Risk,348.26,6.0,202.0,True,Lower Value,Medium Priority
C08364,0.4888690437804068,Medium Risk,217.58,7.0,20.0,True,Lower Value,Medium Priority
C06509,0.4887368613774078,Medium Risk,533.72,6.0,12.0,True,High Value,Medium Priority
C01061,0.48868420374044824,Medium Risk,293.28,7.0,36.0,True,Lower Value,Medium Priority
C04152,0.48784584545887183,Medium Risk,839.3100000000001,7.0,165.0,True,High Value,Medium Priority
C08056,0.48714658857120297,Medium Risk,482.13,5.0,329.0,True,High Value,Medium Priority
C09607,0.48672784567861244,Medium Risk,486.5,6.0,148.0,True,High Value,Medium Priority
C01359,0.4866269897969995,Medium Risk,205.3,3.0,127.0,True,Lower Value,Medium Priority
C03732,0.48638652821078404,Medium Risk,470.73,6.0,280.0,True,High Value,Medium Priority
C08916,0.4859620398565152,Medium Risk,227.7,6.0,32.0,True,Lower Value,Medium Priority
C02545,0.4856843154045181,Medium Risk,831.17,10.0,18.0,True,High Value,Medium Priority
C04667,0.4856531691349363,Medium Risk,225.71,4.0,61.0,True,Lower Value,Medium Priority
C06226,0.4856124232429695,Medium Risk,550.86,4.0,273.0,True,High Value,Medium Priority
C03574,0.4853363888263317,Medium Risk,692.13,6.0,179.0,True,High Value,Medium Priority
C05028,0.48517382245506263,Medium Risk,412.04,4.0,45.0,True,Lower Value,Medium Priority
C08083,0.4848171296646115,Medium Risk,643.03,10.0,19.0,True,High Value,Medium Priority
C03052,0.48468320893374733,Medium Risk,273.53,8.0,194.0,True,Lower Value,Medium Priority
C05004,0.4845729160266616,Medium Risk,107.86,3.0,333.0,True,Lower Value,Medium Priority
C02863,0.48448352384940147,Medium Risk,330.79,5.0,206.0,True,Lower Value,Medium Priority
C03439,0.48426551870781537,Medium Risk,334.6,7.0,10.0,True,Lower Value,Medium Priority
C09723,0.4833185491058206,Medium Risk,320.2,6.0,24.0,True,Lower Value,Medium Priority
C07636,0.48272590222637857,Medium Risk,526.3399999999999,8.0,71.0,True,High Value,Medium Priority
C06780,0.4821739385335236,Medium Risk,383.08,10.0,53.0,True,Lower Value,Medium Priority
C04293,0.48177091859964594,Medium Risk,1293.36,8.0,19.0,True,High Value,Medium Priority
C07146,0.481547784190448,Medium Risk,107.31,3.0,77.0,True,Lower Value,Medium Priority
C00621,0.48135946114849465,Medium Risk,343.07,3.0,106.0,True,Lower Value,Medium Priority
C05959,0.48131861261454706,Medium Risk,289.77,7.0,136.0,True,Lower Value,Medium Priority
C03448,0.4804919081830099,Medium Risk,601.63,6.0,47.0,True,High Value,Medium Priority
C03932,0.48030483854314,Medium Risk,354.55,7.0,54.0,True,Lower Value,Medium Priority
C08465,0.48008739030633185,Medium Risk,468.94,6.0,61.0,True,High Value,Medium Priority
C03892,0.47983568727014714,Medium Risk,353.05,8.0,4.0,True,Lower Value,Medium Priority
C07798,0.47942483000065456,Medium Risk,395.15,4.0,295.0,True,Lower Value,Medium Priority
C04461,0.4791895757220167,Medium Risk,576.53,8.0,15.0,True,High Value,Medium Priority
C02078,0.4790182591029192,Medium Risk,255.98,6.0,26.0,True,Lower Value,Medium Priority
C05299,0.478934577574406,Medium Risk,76.30000000000001,2.0,128.0,True,Lower Value,Medium Priority
C05899,0.4783670514974831,Medium Risk,460.92,4.0,146.0,True,High Value,Medium Priority
C09466,0.4782281592769009,Medium Risk,741.75,11.0,140.0,True,High Value,Medium Priority
C03369,0.478222250763559,Medium Risk,348.40000000000003,6.0,171.0,True,Lower Value,Medium Priority
C07691,0.4775430993303348,Medium Risk,1274.88,7.0,173.0,True,High Value,Medium Priority
C05091,0.4774259841066784,Medium Risk,804.0200000000001,8.0,106.0,True,High Value,Medium Priority
C02188,0.47713482342315844,Medium Risk,444.06,7.0,1.0,True,High Value,Medium Priority
C00756,0.4768324285100724,Medium Risk,1001.92,8.0,65.0,True,High Value,Medium Priority
C05704,0.4762773829512826,Medium Risk,914.2,10.0,9.0,True,High Value,Medium Priority
C08580,0.47616476846995764,Medium Risk,30.950000000000003,2.0,605.0,True,Lower Value,Medium Priority
C08713,0.47605192891708853,Medium Risk,146.32,4.0,203.0,True,Lower Value,Medium Priority
C06436,0.4760263783434141,Medium Risk,299.73,9.0,89.0,True,Lower Value,Medium Priority
C01095,0.47594342317239663,Medium Risk,642.7,5.0,13.0,True,High Value,Medium Priority
C03239,0.4758937435868854,Medium Risk,330.61,5.0,122.0,True,Lower Value,Medium Priority
C01135,0.47571994439023385,Medium Risk,506.01,6.0,65.0,True,High Value,Medium Priority
C01473,0.47545023002150333,Medium Risk,757.17,7.0,21.0,True,High Value,Medium Priority
C05233,0.4753144496790117,Medium Risk,659.51,8.0,28.0,True,High Value,Medium Priority
C04599,0.4746903667149894,Medium Risk,72.88,3.0,130.0,True,Lower Value,Medium Priority
C01582,0.47431104626283827,Medium Risk,268.76,4.0,24.0,True,Lower Value,Medium Priority
C09587,0.4725332714964211,Medium Risk,351.52000000000004,6.0,159.0,True,Lower Value,Medium Priority
C08792,0.47248789775394007,Medium Risk,768.76,10.0,105.0,True,High Value,Medium Priority
C02470,0.47242207264326935,Medium Risk,206.01,5.0,83.0,True,Lower Value,Medium Priority
C00154,0.4718258684735076,Medium Risk,213.27,5.0,76.0,True,Lower Value,Medium Priority
C06166,0.4716750821932248,Medium Risk,168.76000000000002,3.0,110.0,True,Lower Value,Medium Priority
C04972,0.47155465098710103,Medium Risk,95.9,2.0,441.0,True,Lower Value,Medium Priority
C03917,0.4713329603160362,Medium Risk,650.23,5.0,196.0,True,High Value,Medium Priority
C02511,0.4712260272560288,Medium Risk,202.21,5.0,509.0,True,Lower Value,Medium Priority
C05916,0.471154199897697,Medium Risk,283.12,3.0,96.0,True,Lower Value,Medium Priority
C03051,0.4711161708724833,Medium Risk,1992.12,4.0,28.0,True,High Value,Medium Priority
C07022,0.4709011076041847,Medium Risk,555.89,8.0,35.0,True,High Value,Medium Priority
C06778,0.47065130808868016,Medium Risk,235.99,5.0,60.0,True,Lower Value,Medium Priority
C00715,0.4705255903291387,Medium Risk,52.34,2.0,405.0,True,Lower Value,Medium Priority
C04495,0.4705198601123099,Medium Risk,906.3,9.0,134.0,True,High Value,Medium Priority
C04135,0.46942544762993843,Medium Risk,118.69,3.0,33.0,True,Lower Value,Medium Priority
C07435,0.4683353099507365,Medium Risk,799.24,10.0,87.0,True,High Value,Medium Priority
C06933,0.4680746304655372,Medium Risk,514.4,7.0,196.0,True,High Value,Medium Priority
C02652,0.4680511900599523,Medium Risk,626.07,4.0,47.0,True,High Value,Medium Priority
C05156,0.4678187748067254,Medium Risk,251.87,6.0,93.0,True,Lower Value,Medium Priority
C06932,0.4671457230407317,Medium Risk,303.31,4.0,192.0,True,Lower Value,Medium Priority
C01177,0.46669526776208764,Medium Risk,524.56,7.0,29.0,True,High Value,Medium Priority
C05833,0.46643296222093933,Medium Risk,112.95,4.0,280.0,True,Lower Value,Medium Priority
C09822,0.46625604472591936,Medium Risk,465.21,7.0,303.0,True,High Value,Medium Priority
C09164,0.4658393438057496,Medium Risk,443.67,5.0,74.0,True,High Value,Medium Priority
C00094,0.46572772663246,Medium Risk,517.5,7.0,294.0,True,High Value,Medium Priority
C01201,0.46572312161252377,Medium Risk,330.35,9.0,41.0,True,Lower Value,Medium Priority
C09241,0.4656253208968284,Medium Risk,631.62,8.0,33.0,True,High Value,Medium Priority
C07951,0.4653543763639784,Medium Risk,475.62,8.0,90.0,True,High Value,Medium Priority
C07923,0.46526725444540024,Medium Risk,439.81,8.0,140.0,True,High Value,Medium Priority
C04521,0.4651724763964814,Medium Risk,1426.91,10.0,12.0,True,High Value,Medium Priority
C01826,0.46485921053853196,Medium Risk,212.72,7.0,92.0,True,Lower Value,Medium Priority
C03676,0.46483772959153147,Medium Risk,686.86,5.0,104.0,True,High Value,Medium Priority
C02469,0.46455853105181666,Medium Risk,639.11,8.0,51.0,True,High Value,Medium Priority
C02219,0.46438442884312864,Medium Risk,338.83,11.0,223.0,True,Lower Value,Medium Priority
C00463,0.46401051580417946,Medium Risk,562.71,6.0,125.0,True,High Value,Medium Priority
C07254,0.46389984905271753,Medium Risk,1666.86,8.0,104.0,True,High Value,Medium Priority
C02111,0.4636390704899197,Medium Risk,201.12,6.0,22.0,True,Lower Value,Medium Priority
C08276,0.46362119768001603,Medium Risk,263.89,5.0,100.0,True,Lower Value,Medium Priority
C01261,0.46351948301921103,Medium Risk,269.26,7.0,65.0,True,Lower Value,Medium Priority
C00523,0.46347316816362627,Medium Risk,243.1,5.0,32.0,True,Lower Value,Medium Priority
C00006,0.4632299521453546,Medium Risk,355.74,10.0,7.0,True,Lower Value,Medium Priority
C02801,0.4630366691555299,Medium Risk,379.96,7.0,96.0,True,Lower Value,Medium Priority
C09634,0.46283288939743134,Medium Risk,166.11,6.0,123.0,True,Lower Value,Medium Priority
C09109,0.46243886130106837,Medium Risk,358.48,7.0,38.0,True,Lower Value,Medium Priority
C08796,0.4624280022003284,Medium Risk,954.16,6.0,15.0,True,High Value,Medium Priority
C03327,0.46240558798754333,Medium Risk,668.87,9.0,192.0,True,High Value,Medium Priority
C01125,0.462304610264817,Medium Risk,636.56,4.0,129.0,True,High Value,Medium Priority
C09612,0.46214873623989633,Medium Risk,520.9,8.0,32.0,True,High Value,Medium Priority
C06223,0.4621249803281479,Medium Risk,277.24,5.0,36.0,True,Lower Value,Medium Priority
C01551,0.46184894486026284,Medium Risk,603.5600000000001,7.0,18.0,True,High Value,Medium Priority
C07025,0.4612736661472069,Medium Risk,1134.85,8.0,8.0,True,High Value,Medium Priority
C04133,0.46123821035694623,Medium Risk,357.17,6.0,106.0,True,Lower Value,Medium Priority
C05672,0.46114397988504036,Medium Risk,358.17999999999995,5.0,280.0,True,Lower Value,Medium Priority
C08875,0.46111983468455764,Medium Risk,518.81,5.0,26.0,True,High Value,Medium Priority
C02110,0.46093982867693384,Medium Risk,1190.78,10.0,89.0,True,High Value,Medium Priority
C03822,0.4608519580739302,Medium Risk,398.52,6.0,65.0,True,Lower Value,Medium Priority
C06608,0.4604877975799146,Medium Risk,304.33,5.0,123.0,True,Lower Value,Medium Priority
C07165,0.4604313208160537,Medium Risk,796.32,6.0,29.0,True,High Value,Medium Priority
C00623,0.46017506155345395,Medium Risk,393.55000000000007,5.0,12.0,True,Lower Value,Medium Priority
C07686,0.46010011780131027,Medium Risk,616.15,13.0,71.0,True,High Value,Medium Priority
C03895,0.46003801343093864,Medium Risk,84.1,5.0,102.0,True,Lower Value,Medium Priority
C08217,0.4599720803228586,Medium Risk,125.92,9.0,79.0,True,Lower Value,Medium Priority
C04573,0.45984771554554876,Medium Risk,764.91,9.0,88.0,True,High Value,Medium Priority
C01584,0.45972382044916027,Medium Risk,645.1800000000001,12.0,6.0,True,High Value,Medium Priority
C08333,0.45936941381442536,Medium Risk,920.95,12.0,127.0,True,High Value,Medium Priority
C03789,0.4593116915730888,Medium Risk,452.74,9.0,58.0,True,High Value,Medium Priority
C04942,0.4589449386248019,Medium Risk,320.11,4.0,23.0,True,Lower Value,Medium Priority
C04730,0.4587933828396587,Medium Risk,631.9100000000001,6.0,90.0,True,High Value,Medium Priority
C01754,0.45805707669109924,Medium Risk,439.34,5.0,23.0,True,High Value,Medium Priority
C05224,0.457702423052797,Medium Risk,154.44,3.0,145.0,True,Lower Value,Medium Priority
C05875,0.45760768952532316,Medium Risk,278.81,5.0,232.0,True,Lower Value,Medium Priority
C09255,0.45742379059156263,Medium Risk,178.94,3.0,377.0,True,Lower Value,Medium Priority
C02108,0.4573656143989091,Medium Risk,741.91,5.0,121.0,True,High Value,Medium Priority
C09811,0.45724762239888234,Medium Risk,600.74,7.0,271.0,True,High Value,Medium Priority
C00275,0.4571039610390925,Medium Risk,143.73000000000002,5.0,171.0,True,Lower Value,Medium Priority
C09618,0.45664753539640324,Medium Risk,138.14999999999998,5.0,160.0,True,Lower Value,Medium Priority
C04118,0.45581029398200373,Medium Risk,361.87,7.0,54.0,True,Lower Value,Medium Priority
C09948,0.4554266946269986,Medium Risk,152.82,4.0,154.0,True,Lower Value,Medium Priority
C05969,0.4553928949193546,Medium Risk,522.53,11.0,26.0,True,High Value,Medium Priority
C07853,0.45502210372533186,Medium Risk,453.18,9.0,69.0,True,High Value,Medium Priority
C05972,0.4549750588509815,Medium Risk,759.24,8.0,156.0,True,High Value,Medium Priority
C07304,0.4549385325270883,Medium Risk,762.78,8.0,2.0,True,High Value,Medium Priority
C02803,0.4549091532230034,Medium Risk,314.7,6.0,19.0,True,Lower Value,Medium Priority
C00788,0.4546942656851616,Medium Risk,218.66,5.0,123.0,True,Lower Value,Medium Priority
C01361,0.45462954414776935,Medium Risk,695.14,9.0,61.0,True,High Value,Medium Priority
C01769,0.4542612229857158,Medium Risk,392.55,5.0,87.0,True,Lower Value,Medium Priority
C09037,0.4541350303480162,Medium Risk,367.14,5.0,209.0,True,Lower Value,Medium Priority
C00859,0.4535437240092787,Medium Risk,285.32,4.0,1.0,True,Lower Value,Medium Priority
C05882,0.45346797426764685,Medium Risk,513.23,7.0,78.0,True,High Value,Medium Priority
C07688,0.45258513904902464,Medium Risk,1617.22,5.0,199.0,True,High Value,Medium Priority
C08673,0.45205034883235046,Medium Risk,120.04,5.0,173.0,True,Lower Value,Medium Priority
C07250,0.4519656607119144,Medium Risk,324.43,4.0,112.0,True,Lower Value,Medium Priority
C06347,0.4518050725322014,Medium Risk,614.7,12.0,16.0,True,High Value,Medium Priority
C08308,0.4516488960394911,Medium Risk,174.82999999999998,5.0,9.0,True,Lower Value,Medium Priority
C00357,0.45124330680709124,Medium Risk,366.98,6.0,200.0,True,Lower Value,Medium Priority
C03257,0.4511612386549239,Medium Risk,1262.86,9.0,62.0,True,High Value,Medium Priority
C09969,0.4511337746831131,Medium Risk,877.7,6.0,24.0,True,High Value,Medium Priority
C05542,0.45072681598541575,Medium Risk,139.98,5.0,339.0,True,Lower Value,Medium Priority
C01624,0.45061013440652614,Medium Risk,395.61,7.0,8.0,True,Lower Value,Medium Priority
C00659,0.45010800484181723,Medium Risk,1042.45,10.0,56.0,True,High Value,Medium Priority
C07532,0.4500094032526443,Medium Risk,974.06,11.0,127.0,True,High Value,Medium Priority
C02602,0.44996527161796657,Medium Risk,1086.32,8.0,81.0,True,High Value,Medium Priority
C05970,0.44964402834699024,Medium Risk,516.97,6.0,250.0,True,High Value,Medium Priority
C05815,0.4489278683926926,Medium Risk,353.59000000000003,10.0,1.0,True,Lower Value,Medium Priority
C08425,0.44878980216395925,Medium Risk,72.46,2.0,72.0,True,Lower Value,Medium Priority
C07090,0.44786011302033113,Medium Risk,810.94,7.0,64.0,True,High Value,Medium Priority
C06637,0.44784689384792137,Medium Risk,331.51,6.0,303.0,True,Lower Value,Medium Priority
C02063,0.4477330649639459,Medium Risk,108.16,3.0,66.0,True,Lower Value,Medium Priority
C07885,0.4475826394982021,Medium Risk,276.33000000000004,5.0,281.0,True,Lower Value,Medium Priority
C07310,0.4472637793738922,Medium Risk,583.17,8.0,52.0,True,High Value,Medium Priority
C08378,0.4472408485247778,Medium Risk,590.01,6.0,76.0,True,High Value,Medium Priority
C01126,0.44676385458837387,Medium Risk,773.38,9.0,184.0,True,High Value,Medium Priority
C07703,0.44659824970395035,Medium Risk,1287.48,6.0,181.0,True,High Value,Medium Priority
C03673,0.44642890043878125,Medium Risk,574.9399999999999,9.0,81.0,True,High Value,Medium Priority
C09493,0.44606257936729965,Medium Risk,382.5,8.0,135.0,True,Lower Value,Medium Priority
C07102,0.44604637632223065,Medium Risk,295.95,3.0,69.0,True,Lower Value,Medium Priority
C08494,0.4460321980196442,Medium Risk,314.2,4.0,138.0,True,Lower Value,Medium Priority
C05683,0.4457250778379237,Medium Risk,772.26,9.0,12.0,True,High Value,Medium Priority
C03545,0.4456665277440447,Medium Risk,371.52,7.0,85.0,True,Lower Value,Medium Priority
C06886,0.4454913163421007,Medium Risk,451.22,9.0,173.0,True,High Value,Medium Priority
C08920,0.4454091448516074,Medium Risk,371.57,6.0,117.0,True,Lower Value,Medium Priority
C04301,0.44522649451064794,Medium Risk,429.89,8.0,18.0,True,High Value,Medium Priority
C00067,0.44513111516825515,Medium Risk,328.76,9.0,35.0,True,Lower Value,Medium Priority
C04529,0.4445445250566198,Medium Risk,322.82,10.0,29.0,True,Lower Value,Medium Priority
C03865,0.444502271526782,Medium Risk,683.71,11.0,141.0,True,High Value,Medium Priority
C05119,0.44434805918210746,Medium Risk,341.62,7.0,52.0,True,Lower Value,Medium Priority
C08446,0.44434623437790144,Medium Risk,483.87,10.0,14.0,True,High Value,Medium Priority
C06006,0.4437130710087903,Medium Risk,1134.68,10.0,26.0,True,High Value,Medium Priority
C02230,0.4436333692148346,Medium Risk,480.07,6.0,40.0,True,High Value,Medium Priority
C08910,0.44317321610726973,Medium Risk,254.43,10.0,56.0,True,Lower Value,Medium Priority
C02480,0.44233536065512385,Medium Risk,475.33,9.0,29.0,True,High Value,Medium Priority
C00803,0.4420946550516409,Medium Risk,149.1,5.0,24.0,True,Lower Value,Medium Priority
C03121,0.4420057274935951,Medium Risk,429.45,5.0,48.0,True,High Value,Medium Priority
C09523,0.44183217436189426,Medium Risk,566.5699999999999,11.0,94.0,True,High Value,Medium Priority
C08466,0.4418003650273133,Medium Risk,903.95,9.0,34.0,True,High Value,Medium Priority
C09903,0.4417211597486125,Medium Risk,1069.41,9.0,78.0,True,High Value,Medium Priority
C09444,0.4415290016968479,Medium Risk,1554.35,6.0,116.0,True,High Value,Medium Priority
C02986,0.4411380635532446,Medium Risk,54.38,1.0,34.0,True,Lower Value,Medium Priority
C06963,0.44080553687054075,Medium Risk,166.07,8.0,69.0,True,Lower Value,Medium Priority
C05557,0.44029752074217865,Medium Risk,271.2,6.0,54.0,True,Lower Value,Medium Priority
C08565,0.44019387995261294,Medium Risk,572.6800000000001,6.0,290.0,True,High Value,Medium Priority
C08903,0.44012007429775557,Medium Risk,238.15,6.0,110.0,True,Lower Value,Medium Priority
C02374,0.4400023566031687,Medium Risk,1100.86,11.0,19.0,True,High Value,Medium Priority
C05043,0.43989304187546824,Medium Risk,808.9300000000001,7.0,147.0,True,High Value,Medium Priority
C04501,0.4392915451437582,Medium Risk,505.08,6.0,81.0,True,High Value,Medium Priority
C05711,0.43914345231377905,Medium Risk,306.89,3.0,45.0,True,Lower Value,Medium Priority
C01524,0.43860607286782033,Medium Risk,48.19,2.0,332.0,True,Lower Value,Medium Priority
C09306,0.438353271256661,Medium Risk,435.73,9.0,88.0,True,High Value,Medium Priority
C05133,0.4377963619182033,Medium Risk,559.25,9.0,7.0,True,High Value,Medium Priority
C08631,0.43756000054776034,Medium Risk,278.17,6.0,148.0,True,Lower Value,Medium Priority
C08187,0.4372148869879337,Medium Risk,658.2,4.0,50.0,True,High Value,Medium Priority
C09118,0.43669582801256795,Medium Risk,598.52,9.0,76.0,True,High Value,Medium Priority
C04148,0.43640625721970094,Medium Risk,898.26,11.0,88.0,True,High Value,Medium Priority
C08151,0.43593140760351384,Medium Risk,496.99,9.0,20.0,True,High Value,Medium Priority
C00922,0.43578349908911596,Medium Risk,478.23,6.0,11.0,True,High Value,Medium Priority
C05691,0.43550540660718057,Medium Risk,703.33,10.0,14.0,True,High Value,Medium Priority
C00982,0.43525971617505355,Medium Risk,559.75,10.0,101.0,True,High Value,Medium Priority
C05798,0.43461896983850185,Medium Risk,435.14,7.0,57.0,True,High Value,Medium Priority
C01839,0.43431374569625575,Medium Risk,390.62,8.0,50.0,True,Lower Value,Medium Priority
C09883,0.4341689509081959,Medium Risk,468.13,8.0,11.0,True,High Value,Medium Priority
C09740,0.4340937603432205,Medium Risk,519.36,6.0,109.0,True,High Value,Medium Priority
C04974,0.4338096227160057,Medium Risk,650.77,7.0,59.0,True,High Value,Medium Priority
C03815,0.4330188993247812,Medium Risk,439.49,8.0,95.0,True,High Value,Medium Priority
C08551,0.4329805453412302,Medium Risk,262.82,4.0,180.0,True,Lower Value,Medium Priority
C09043,0.4324672138921648,Medium Risk,1307.31,10.0,135.0,True,High Value,Medium Priority
C03925,0.4322334734503183,Medium Risk,67.6,2.0,347.0,True,Lower Value,Medium Priority
C04083,0.432038896158729,Medium Risk,282.63,8.0,46.0,True,Lower Value,Medium Priority
C02445,0.4318168773308284,Medium Risk,435.7,6.0,1.0,True,High Value,Medium Priority
C08847,0.4314682644647938,Medium Risk,242.47,7.0,63.0,True,Lower Value,Medium Priority
C02930,0.4314075198990374,Medium Risk,637.73,8.0,106.0,True,High Value,Medium Priority
C09030,0.431231527857083,Medium Risk,559.28,8.0,269.0,True,High Value,Medium Priority
C09511,0.4311321676716605,Medium Risk,300.21,6.0,160.0,True,Lower Value,Medium Priority
C07794,0.43111634332341964,Medium Risk,1099.01,10.0,32.0,True,High Value,Medium Priority
C09355,0.4310524680369533,Medium Risk,318.32,4.0,192.0,True,Lower Value,Medium Priority
C08072,0.43083778639659404,Medium Risk,1158.35,10.0,161.0,True,High Value,Medium Priority
C01421,0.430434339324155,Medium Risk,224.99,7.0,27.0,True,Lower Value,Medium Priority
C04539,0.4304220475721189,Medium Risk,198.2,3.0,22.0,True,Lower Value,Medium Priority
C08938,0.4300170946161457,Medium Risk,233.33,8.0,138.0,True,Lower Value,Medium Priority
C03356,0.4299247656142346,Medium Risk,362.16,8.0,45.0,True,Lower Value,Medium Priority
C04631,0.42973689150080197,Medium Risk,203.06,6.0,307.0,True,Lower Value,Medium Priority
C04729,0.4297103153618284,Medium Risk,587.28,9.0,167.0,True,High Value,Medium Priority
C02468,0.42941896498859833,Medium Risk,282.65,8.0,103.0,True,Lower Value,Medium Priority
C06365,0.42876222779155837,Medium Risk,1077.15,9.0,25.0,True,High Value,Medium Priority
C09080,0.42869150205525636,Medium Risk,2084.83,6.0,64.0,True,High Value,Medium Priority
C00496,0.42850983005651194,Medium Risk,445.04,5.0,37.0,True,High Value,Medium Priority
C07179,0.4282636249787643,Medium Risk,840.1,8.0,72.0,True,High Value,Medium Priority
C06265,0.42784418267679303,Medium Risk,568.12,10.0,159.0,True,High Value,Medium Priority
C01961,0.42738041631207174,Medium Risk,469.55,6.0,76.0,True,High Value,Medium Priority
C00179,0.4272280067796022,Medium Risk,528.76,7.0,88.0,True,High Value,Medium Priority
C09933,0.4269567384781512,Medium Risk,1210.0500000000002,9.0,88.0,True,High Value,Medium Priority
C03862,0.4269196153092459,Medium Risk,723.63,9.0,177.0,True,High Value,Medium Priority
C08598,0.4265543300386264,Medium Risk,410.33,8.0,176.0,True,Lower Value,Medium Priority
C06873,0.4263975709968638,Medium Risk,813.58,11.0,1.0,True,High Value,Medium Priority
C01617,0.42636251413795606,Medium Risk,916.72,7.0,9.0,True,High Value,Medium Priority
C09152,0.42633911173836714,Medium Risk,554.65,10.0,214.0,True,High Value,Medium Priority
C00144,0.42622598907725456,Medium Risk,899.48,9.0,48.0,True,High Value,Medium Priority
C04119,0.42592470751662403,Medium Risk,555.16,5.0,287.0,True,High Value,Medium Priority
C09354,0.4253049245880804,Medium Risk,337.85,6.0,104.0,True,Lower Value,Medium Priority
C07140,0.425054673386511,Medium Risk,108.7,3.0,54.0,True,Lower Value,Medium Priority
C04751,0.42502904806576025,Medium Risk,749.29,12.0,141.0,True,High Value,Medium Priority
C04723,0.4248992243738241,Medium Risk,219.4,7.0,104.0,True,Lower Value,Medium Priority
C00562,0.4248420721635609,Medium Risk,582.79,8.0,239.0,True,High Value,Medium Priority
C07100,0.42436270649479085,Medium Risk,1996.34,9.0,135.0,True,High Value,Medium Priority
C02006,0.4240623265942987,Medium Risk,529.11,10.0,55.0,True,High Value,Medium Priority
C08321,0.4236661270226093,Medium Risk,513.85,7.0,162.0,True,High Value,Medium Priority
C09781,0.42363447872757,Medium Risk,129.82999999999998,5.0,111.0,True,Lower Value,Medium Priority
C09659,0.4236102799002936,Medium Risk,504.63,6.0,47.0,True,High Value,Medium Priority
C03473,0.4235959777671265,Medium Risk,518.95,6.0,91.0,True,High Value,Medium Priority
C03211,0.42329891359711175,Medium Risk,528.38,5.0,92.0,True,High Value,Medium Priority
C03364,0.42275996058379306,Medium Risk,344.48,6.0,16.0,True,Lower Value,Medium Priority
C03035,0.42265913563538393,Medium Risk,282.75,8.0,169.0,True,Lower Value,Medium Priority
C02029,0.42260103367705976,Medium Risk,803.53,9.0,3.0,True,High Value,Medium Priority
C04636,0.4219364784698533,Medium Risk,1087.51,10.0,1.0,True,High Value,Medium Priority
C06356,0.42182921746944924,Medium Risk,1245.9,8.0,58.0,True,High Value,Medium Priority
C05644,0.4216775996785782,Medium Risk,338.46,9.0,34.0,True,Lower Value,Medium Priority
C04835,0.42166714397207067,Medium Risk,543.53,8.0,2.0,True,High Value,Medium Priority
C00437,0.42105934691783875,Medium Risk,221.03,5.0,28.0,True,Lower Value,Medium Priority
C03066,0.4209312906631723,Medium Risk,1353.87,6.0,19.0,True,High Value,Medium Priority
C03665,0.420807445674852,Medium Risk,345.88,6.0,63.0,True,Lower Value,Medium Priority
C09422,0.4206252320386073,Medium Risk,312.04,5.0,48.0,True,Lower Value,Medium Priority
C06420,0.4200540247606554,Medium Risk,480.3,7.0,39.0,True,High Value,Medium Priority
C05178,0.4200332466840587,Medium Risk,345.7,7.0,198.0,True,Lower Value,Medium Priority
C04958,0.4197461112650029,Medium Risk,821.85,5.0,7.0,True,High Value,Medium Priority
C00714,0.4195286785809593,Medium Risk,131.0,6.0,65.0,True,Lower Value,Medium Priority
C09956,0.4185791557569537,Medium Risk,730.25,9.0,44.0,True,High Value,Medium Priority
C06842,0.41837306349840475,Medium Risk,425.53,9.0,33.0,True,High Value,Medium Priority
C04888,0.4181796827685194,Medium Risk,83.35,3.0,337.0,True,Lower Value,Medium Priority
C06770,0.41801282456059186,Medium Risk,470.38,8.0,191.0,True,High Value,Medium Priority
C04372,0.4178226569669779,Medium Risk,583.9200000000001,9.0,8.0,True,High Value,Medium Priority
C05103,0.4177775497390469,Medium Risk,439.33,7.0,11.0,True,High Value,Medium Priority
C05058,0.41756651752845003,Medium Risk,389.58,7.0,82.0,True,Lower Value,Medium Priority
C00141,0.4171483444906733,Medium Risk,395.37,9.0,19.0,True,Lower Value,Medium Priority
C05904,0.4171020149864715,Medium Risk,197.53,7.0,43.0,True,Lower Value,Medium Priority
C07447,0.41696619004058555,Medium Risk,287.23,8.0,60.0,True,Lower Value,Medium Priority
C03931,0.4157488012038876,Medium Risk,367.92,10.0,59.0,True,Lower Value,Medium Priority
C05924,0.41543190003159264,Medium Risk,438.78,10.0,139.0,True,High Value,Medium Priority
C09917,0.4152778553909222,Medium Risk,1359.96,7.0,23.0,True,High Value,Medium Priority
C08294,0.4152725979530785,Medium Risk,908.78,9.0,90.0,True,High Value,Medium Priority
C02191,0.4152228037552552,Medium Risk,878.57,8.0,77.0,True,High Value,Medium Priority
C00297,0.4148718918998752,Medium Risk,342.01,8.0,103.0,True,Lower Value,Medium Priority
C03753,0.41486212988737786,Medium Risk,363.99,8.0,197.0,True,Lower Value,Medium Priority
C02860,0.41459207876295445,Medium Risk,622.56,5.0,480.0,True,High Value,Medium Priority
C07947,0.4145680460554894,Medium Risk,880.09,8.0,9.0,True,High Value,Medium Priority
C05093,0.4140280791354231,Medium Risk,145.26,5.0,223.0,True,Lower Value,Medium Priority
C03978,0.4137414795351996,Medium Risk,741.73,7.0,123.0,True,High Value,Medium Priority
C04298,0.41365612268862156,Medium Risk,531.71,7.0,2.0,True,High Value,Medium Priority
C07173,0.4134320484302776,Medium Risk,602.92,8.0,57.0,True,High Value,Medium Priority
C06446,0.4133655159774526,Medium Risk,392.89,10.0,55.0,True,Lower Value,Medium Priority
C00932,0.4130739865662911,Medium Risk,759.02,6.0,16.0,True,High Value,Medium Priority
C06943,0.413048560589821,Medium Risk,436.05,7.0,24.0,True,High Value,Medium Priority
C02009,0.4122377961823963,Medium Risk,493.5,8.0,48.0,True,High Value,Medium Priority
C04163,0.41210724376079483,Medium Risk,1248.83,13.0,2.0,True,High Value,Medium Priority
C04055,0.4115165615918561,Medium Risk,367.78,7.0,170.0,True,Lower Value,Medium Priority
C06890,0.41146806949125403,Medium Risk,328.6,6.0,182.0,True,Lower Value,Medium Priority
C08135,0.4112005351239506,Medium Risk,317.15,6.0,14.0,True,Lower Value,Medium Priority
C02816,0.41084514702816727,Medium Risk,120.55,5.0,458.0,True,Lower Value,Medium Priority
C06328,0.4107485430292954,Medium Risk,1355.67,10.0,23.0,True,High Value,Medium Priority
C02661,0.4106924560012237,Medium Risk,165.56,7.0,310.0,True,Lower Value,Medium Priority
C03394,0.4105081050351221,Medium Risk,875.41,7.0,48.0,True,High Value,Medium Priority
C02766,0.41046872723655226,Medium Risk,931.75,13.0,25.0,True,High Value,Medium Priority
C07222,0.41034327333392345,Medium Risk,495.32,7.0,48.0,True,High Value,Medium Priority
C05111,0.4095663131183341,Medium Risk,883.17,5.0,209.0,True,High Value,Medium Priority
C08867,0.4095460018274598,Medium Risk,911.69,13.0,18.0,True,High Value,Medium Priority
C06830,0.40944595302410075,Medium Risk,542.25,8.0,101.0,True,High Value,Medium Priority
C06857,0.4089935542838479,Medium Risk,415.35,5.0,243.0,True,Lower Value,Medium Priority
C06837,0.4089770362193596,Medium Risk,536.74,7.0,30.0,True,High Value,Medium Priority
C05898,0.4088454078606726,Medium Risk,303.87,6.0,98.0,True,Lower Value,Medium Priority
C06103,0.408799997720019,Medium Risk,243.17,7.0,214.0,True,Lower Value,Medium Priority
C05321,0.4087950595565188,Medium Risk,576.6,6.0,50.0,True,High Value,Medium Priority
C08040,0.40818896793390375,Medium Risk,1741.9199999999998,11.0,61.0,True,High Value,Medium Priority
C05398,0.4081304507730337,Medium Risk,621.97,7.0,47.0,True,High Value,Medium Priority
C06161,0.4080394942643588,Medium Risk,529.69,5.0,120.0,True,High Value,Medium Priority
C03611,0.4078484156981643,Medium Risk,389.59,6.0,62.0,True,Lower Value,Medium Priority
C02392,0.4075078254087556,Medium Risk,233.83,6.0,97.0,True,Lower Value,Medium Priority
C08441,0.4073327752504546,Medium Risk,394.15,6.0,62.0,True,Lower Value,Medium Priority
C08468,0.40723690704185483,Medium Risk,1068.54,9.0,29.0,True,High Value,Medium Priority
C01561,0.4069847926380455,Medium Risk,672.51,8.0,67.0,True,High Value,Medium Priority
C09140,0.4068744987609451,Medium Risk,615.27,11.0,84.0,True,High Value,Medium Priority
C01127,0.40649394314092435,Medium Risk,870.9300000000001,11.0,72.0,True,High Value,Medium Priority
C09741,0.4061580667746076,Medium Risk,473.41,7.0,96.0,True,High Value,Medium Priority
C01917,0.405406182303153,Medium Risk,313.84,4.0,307.0,True,Lower Value,Medium Priority
C08557,0.4051596298039863,Medium Risk,226.99,6.0,83.0,True,Lower Value,Medium Priority
C00652,0.4050363466690171,Medium Risk,1307.14,10.0,7.0,True,High Value,Medium Priority
C04868,0.404108581621936,Medium Risk,1471.03,8.0,36.0,True,High Value,Medium Priority
C02399,0.4033055649137488,Medium Risk,138.57,4.0,496.0,True,Lower Value,Medium Priority
C08373,0.40303072213048513,Medium Risk,431.09,6.0,1.0,True,High Value,Medium Priority
C03517,0.40265206119892744,Medium Risk,325.88,4.0,57.0,True,Lower Value,Medium Priority
C08097,0.4024349947246283,Medium Risk,477.71,7.0,50.0,True,High Value,Medium Priority
C01372,0.4023773954681466,Medium Risk,300.3,6.0,10.0,True,Lower Value,Medium Priority
C07745,0.4022640024673941,Medium Risk,268.83,7.0,65.0,True,Lower Value,Medium Priority
C02723,0.401801243192121,Medium Risk,202.69,6.0,148.0,True,Lower Value,Medium Priority
C08011,0.40173977086371315,Medium Risk,503.56,7.0,199.0,True,High Value,Medium Priority
C07381,0.4015139232495406,Medium Risk,696.86,7.0,186.0,True,High Value,Medium Priority
C00751,0.40148472798462376,Medium Risk,786.59,10.0,94.0,True,High Value,Medium Priority
C07130,0.4014114314914042,Medium Risk,349.25,8.0,39.0,True,Lower Value,Medium Priority
C05507,0.40127338050812844,Medium Risk,130.1,6.0,249.0,True,Lower Value,Medium Priority
C04843,0.4012530783270764,Medium Risk,698.35,9.0,75.0,True,High Value,Medium Priority
C01351,0.40104091593599994,Medium Risk,439.45,6.0,133.0,True,High Value,Medium Priority
C08743,0.40092195836512007,Medium Risk,1224.85,11.0,98.0,True,High Value,Medium Priority
C06491,0.4001523781415785,Medium Risk,539.85,6.0,172.0,True,High Value,Medium Priority
C03272,0.39978832159591654,Low Risk,271.87,5.0,43.0,True,Lower Value,Low Priority
C02757,0.39964706296166747,Low Risk,344.08000000000004,8.0,56.0,True,Lower Value,Low Priority
C09096,0.39963303183845666,Low Risk,935.49,7.0,60.0,True,High Value,Low Priority
C01014,0.39955659439479185,Low Risk,454.21,5.0,79.0,True,High Value,Low Priority
C03567,0.39952296625997985,Low Risk,410.8,6.0,121.0,True,Lower Value,Low Priority
C08339,0.3994520286550299,Low Risk,518.53,10.0,168.0,True,High Value,Low Priority
C06302,0.3994394409509836,Low Risk,409.93,8.0,118.0,True,Lower Value,Low Priority
C08822,0.3992874182319796,Low Risk,1203.89,9.0,8.0,True,High Value,Low Priority
C00566,0.3989999412183633,Low Risk,536.58,8.0,57.0,True,High Value,Low Priority
C04815,0.3988711204412169,Low Risk,180.46,4.0,176.0,True,Lower Value,Low Priority
C00493,0.39866351895450447,Low Risk,506.09,11.0,142.0,True,High Value,Low Priority
C08525,0.39791690209989367,Low Risk,545.47,6.0,300.0,True,High Value,Low Priority
C08138,0.39788918228093934,Low Risk,354.38,7.0,9.0,True,Lower Value,Low Priority
C00832,0.39689221338440006,Low Risk,448.91,10.0,108.0,True,High Value,Low Priority
C00323,0.39644219928537366,Low Risk,488.77,7.0,186.0,True,High Value,Low Priority
C01362,0.3960028690783395,Low Risk,669.84,8.0,23.0,True,High Value,Low Priority
C05076,0.3958975083498449,Low Risk,363.72,10.0,13.0,True,Lower Value,Low Priority
C03084,0.39561152865349086,Low Risk,694.83,8.0,14.0,True,High Value,Low Priority
C02207,0.3953766895326479,Low Risk,983.35,11.0,117.0,True,High Value,Low Priority
C06355,0.3953424421299148,Low Risk,455.87,8.0,32.0,True,High Value,Low Priority
C09245,0.39477034354118945,Low Risk,89.83,3.0,267.0,True,Lower Value,Low Priority
C01679,0.3946215756560824,Low Risk,717.1,6.0,87.0,True,High Value,Low Priority
C05039,0.3945630723103263,Low Risk,152.72,7.0,82.0,True,Lower Value,Low Priority
C05705,0.39432732512529495,Low Risk,645.95,8.0,60.0,True,High Value,Low Priority
C00620,0.39379732593375827,Low Risk,142.70000000000002,6.0,9.0,True,Lower Value,Low Priority
C00499,0.392986917048236,Low Risk,112.46,4.0,74.0,True,Lower Value,Low Priority
C01629,0.3927328179590792,Low Risk,1213.48,12.0,22.0,True,High Value,Low Priority
C04878,0.3919230551347712,Low Risk,695.0,9.0,36.0,True,High Value,Low Priority
C00665,0.3918907558883778,Low Risk,495.21,8.0,114.0,True,High Value,Low Priority
C04092,0.3914724786750322,Low Risk,382.04,8.0,54.0,True,Lower Value,Low Priority
C00433,0.39126430521553246,Low Risk,661.69,12.0,60.0,True,High Value,Low Priority
C09875,0.39114093143357753,Low Risk,888.1800000000001,8.0,214.0,True,High Value,Low Priority
C05468,0.39076517374595376,Low Risk,681.24,7.0,111.0,True,High Value,Low Priority
C02733,0.39049361181569825,Low Risk,241.52,6.0,21.0,True,Lower Value,Low Priority
C06534,0.39048611243036535,Low Risk,329.17,6.0,119.0,True,Lower Value,Low Priority
C02518,0.390316264723263,Low Risk,541.5,10.0,36.0,True,High Value,Low Priority
C07166,0.3901909747412111,Low Risk,413.44,8.0,112.0,True,Lower Value,Low Priority
C02229,0.38989490033932195,Low Risk,470.93,9.0,142.0,True,High Value,Low Priority
C03402,0.3898419445875338,Low Risk,458.02,9.0,8.0,True,High Value,Low Priority
C04986,0.3896529464805981,Low Risk,417.08,6.0,131.0,True,Lower Value,Low Priority
C03213,0.38936124616371354,Low Risk,1443.83,10.0,91.0,True,High Value,Low Priority
C05260,0.3890073824823141,Low Risk,723.11,8.0,5.0,True,High Value,Low Priority
C07537,0.3880108425205949,Low Risk,1122.14,7.0,44.0,True,High Value,Low Priority
C03246,0.387255510491113,Low Risk,1000.01,10.0,22.0,True,High Value,Low Priority
C06243,0.38724567726742287,Low Risk,803.78,10.0,46.0,True,High Value,Low Priority
C06599,0.38716812363930014,Low Risk,314.32,9.0,33.0,True,Lower Value,Low Priority
C01268,0.3870432707371336,Low Risk,453.16,7.0,79.0,True,High Value,Low Priority
C08930,0.38704113160901255,Low Risk,1491.79,6.0,75.0,True,High Value,Low Priority
C04222,0.3869804770740041,Low Risk,304.85,6.0,71.0,True,Lower Value,Low Priority
C01354,0.38632377657089434,Low Risk,549.55,13.0,60.0,True,High Value,Low Priority
C04448,0.38603072972194674,Low Risk,523.12,12.0,1.0,True,High Value,Low Priority
C07396,0.3858690480792769,Low Risk,790.26,10.0,38.0,True,High Value,Low Priority
C08103,0.38578818008325,Low Risk,527.39,9.0,98.0,True,High Value,Low Priority
C09362,0.38538612231485736,Low Risk,678.4200000000001,7.0,138.0,True,High Value,Low Priority
C07205,0.3852359207381818,Low Risk,404.96,6.0,4.0,True,Lower Value,Low Priority
C06183,0.38513224894796544,Low Risk,153.09,6.0,25.0,True,Lower Value,Low Priority
C04709,0.38487025451119306,Low Risk,399.96,8.0,41.0,True,Lower Value,Low Priority
C00089,0.384504160469537,Low Risk,685.12,8.0,10.0,True,High Value,Low Priority
C05489,0.3831128380699373,Low Risk,193.7,6.0,71.0,True,Lower Value,Low Priority
C09983,0.38302368881355786,Low Risk,503.71,8.0,73.0,True,High Value,Low Priority
C05643,0.38269428160027186,Low Risk,833.62,9.0,34.0,True,High Value,Low Priority
C07795,0.38261378566342985,Low Risk,352.01,8.0,104.0,True,Lower Value,Low Priority
C05023,0.38243855606708665,Low Risk,937.5,13.0,25.0,True,High Value,Low Priority
C08752,0.38104151229324845,Low Risk,309.99,8.0,9.0,True,Lower Value,Low Priority
C00330,0.38087294820191586,Low Risk,396.0,8.0,86.0,True,Lower Value,Low Priority
C01326,0.3806916005635561,Low Risk,99.77,5.0,449.0,True,Lower Value,Low Priority
C02571,0.380583944269908,Low Risk,331.87,8.0,151.0,True,Lower Value,Low Priority
C02307,0.37982188415752477,Low Risk,624.77,9.0,142.0,True,High Value,Low Priority
C04892,0.3797841122371712,Low Risk,378.16,7.0,117.0,True,Lower Value,Low Priority
C01785,0.3795191520055146,Low Risk,420.6,8.0,44.0,True,Lower Value,Low Priority
C06526,0.37939288902772494,Low Risk,1206.76,9.0,134.0,True,High Value,Low Priority
C09227,0.3793819146945689,Low Risk,597.33,8.0,180.0,True,High Value,Low Priority
C06782,0.3789978655171058,Low Risk,244.77,8.0,135.0,True,Lower Value,Low Priority
C08784,0.3786452943222708,Low Risk,652.53,6.0,85.0,True,High Value,Low Priority
C02642,0.37841524502237056,Low Risk,744.58,8.0,16.0,True,High Value,Low Priority
C05753,0.3783863480779696,Low Risk,242.52,7.0,6.0,True,Lower Value,Low Priority
C03134,0.3781715497985628,Low Risk,230.88,6.0,93.0,True,Lower Value,Low Priority
C05150,0.37760657574387246,Low Risk,2581.03,9.0,206.0,True,High Value,Low Priority
C03437,0.3761822608369141,Low Risk,438.8,4.0,287.0,True,High Value,Low Priority
C06380,0.3752669287781569,Low Risk,268.39000000000004,7.0,83.0,True,Lower Value,Low Priority
C02595,0.37493715157678126,Low Risk,1016.9,9.0,1.0,True,High Value,Low Priority
C08416,0.37434489536542637,Low Risk,191.51,6.0,146.0,True,Lower Value,Low Priority
C03247,0.3743069769110556,Low Risk,1857.83,9.0,12.0,True,High Value,Low Priority
C01282,0.37387194838970383,Low Risk,556.75,8.0,23.0,True,High Value,Low Priority
C08405,0.3738675076632272,Low Risk,1659.98,7.0,143.0,True,High Value,Low Priority
C07478,0.37335486695283804,Low Risk,674.4499999999999,8.0,27.0,True,High Value,Low Priority
C01495,0.3730874240142602,Low Risk,648.13,13.0,34.0,True,High Value,Low Priority
C06761,0.3727960952561796,Low Risk,1018.29,12.0,126.0,True,High Value,Low Priority
C00791,0.372509964833551,Low Risk,744.74,11.0,45.0,True,High Value,Low Priority
C00193,0.37238448883744907,Low Risk,337.86,9.0,50.0,True,Lower Value,Low Priority
C07065,0.3722174230151132,Low Risk,691.68,9.0,151.0,True,High Value,Low Priority
C06699,0.3720718129127313,Low Risk,606.64,9.0,125.0,True,High Value,Low Priority
C04932,0.3718774164764791,Low Risk,651.25,7.0,238.0,True,High Value,Low Priority
C09435,0.3717309194591372,Low Risk,173.18,6.0,26.0,True,Lower Value,Low Priority
C05692,0.37133176441210675,Low Risk,1120.5,9.0,77.0,True,High Value,Low Priority
C07227,0.3711267220440625,Low Risk,365.87,6.0,285.0,True,Lower Value,Low Priority
C05405,0.371045323628592,Low Risk,382.01,8.0,125.0,True,Lower Value,Low Priority
C04183,0.3705133419919224,Low Risk,856.5600000000001,8.0,37.0,True,High Value,Low Priority
C08182,0.3702096088109263,Low Risk,549.95,8.0,73.0,True,High Value,Low Priority
C04556,0.3699315651730997,Low Risk,434.93,9.0,63.0,True,High Value,Low Priority
C06050,0.3696973563746515,Low Risk,359.36,9.0,261.0,True,Lower Value,Low Priority
C05820,0.36956484087592945,Low Risk,843.9,8.0,225.0,True,High Value,Low Priority
C06074,0.36836499246530136,Low Risk,890.11,10.0,8.0,True,High Value,Low Priority
C03471,0.36830196432369083,Low Risk,751.96,12.0,39.0,True,High Value,Low Priority
C05660,0.36824221429213766,Low Risk,532.34,11.0,21.0,True,High Value,Low Priority
C07046,0.36809087564807835,Low Risk,518.4,12.0,64.0,True,High Value,Low Priority
C03820,0.36793385827731073,Low Risk,924.95,9.0,11.0,True,High Value,Low Priority
C01173,0.36789859505987277,Low Risk,301.21,12.0,12.0,True,Lower Value,Low Priority
C05331,0.3670594759829457,Low Risk,725.87,6.0,47.0,True,High Value,Low Priority
C09325,0.36697737741221975,Low Risk,414.62,7.0,29.0,True,Lower Value,Low Priority
C07288,0.366171706828573,Low Risk,1891.11,8.0,37.0,True,High Value,Low Priority
C06582,0.36537014173238214,Low Risk,581.99,8.0,196.0,True,High Value,Low Priority
C04236,0.36532819942286976,Low Risk,753.55,8.0,27.0,True,High Value,Low Priority
C02942,0.36495765111995926,Low Risk,422.13,10.0,70.0,True,Lower Value,Low Priority
C01936,0.3649537922712047,Low Risk,554.31,6.0,141.0,True,High Value,Low Priority
C09076,0.3648966876386591,Low Risk,134.38,4.0,116.0,True,Lower Value,Low Priority
C05689,0.36484598269439156,Low Risk,411.64,9.0,14.0,True,Lower Value,Low Priority
C07154,0.3648065129680551,Low Risk,1215.17,11.0,19.0,True,High Value,Low Priority
C01968,0.3646799672452337,Low Risk,315.16,7.0,188.0,True,Lower Value,Low Priority
C00466,0.36444503331037165,Low Risk,745.37,13.0,87.0,True,High Value,Low Priority
C08210,0.3637082081355312,Low Risk,1729.59,7.0,22.0,True,High Value,Low Priority
C04380,0.36301588779779914,Low Risk,272.15,8.0,81.0,True,Lower Value,Low Priority
C08804,0.3628734060295052,Low Risk,303.62,9.0,137.0,True,Lower Value,Low Priority
C01827,0.36277610935196347,Low Risk,486.8200000000001,10.0,120.0,True,High Value,Low Priority
C09054,0.36143664216961024,Low Risk,979.78,14.0,36.0,True,High Value,Low Priority
C09718,0.3614111030428822,Low Risk,1349.84,11.0,144.0,True,High Value,Low Priority
C09053,0.3611846354658165,Low Risk,462.92,7.0,107.0,True,High Value,Low Priority
C08195,0.361154439173977,Low Risk,805.76,11.0,5.0,True,High Value,Low Priority
C03061,0.36036850213797195,Low Risk,203.57,5.0,30.0,True,Lower Value,Low Priority
C08898,0.35893091329807814,Low Risk,721.43,9.0,56.0,True,High Value,Low Priority
C05776,0.35885842259003076,Low Risk,423.52,10.0,167.0,True,High Value,Low Priority
C08377,0.3576507792306414,Low Risk,296.5,5.0,35.0,True,Lower Value,Low Priority
C07657,0.3570676374766352,Low Risk,271.84000000000003,8.0,63.0,True,Lower Value,Low Priority
C05024,0.35673947548844837,Low Risk,807.21,5.0,6.0,True,High Value,Low Priority
C06871,0.35658556126876134,Low Risk,343.14,5.0,25.0,True,Lower Value,Low Priority
C03301,0.35642924843789714,Low Risk,540.29,10.0,122.0,True,High Value,Low Priority
C04063,0.35614854580607863,Low Risk,609.23,8.0,36.0,True,High Value,Low Priority
C01622,0.35602945040231093,Low Risk,651.86,9.0,224.0,True,High Value,Low Priority
C08288,0.3559006201827555,Low Risk,225.88,6.0,85.0,True,Lower Value,Low Priority
C08861,0.3558055539998188,Low Risk,1519.7600000000002,7.0,94.0,True,High Value,Low Priority
C03009,0.35574253454355126,Low Risk,812.6899999999999,8.0,21.0,True,High Value,Low Priority
C05979,0.35569619914797423,Low Risk,532.17,8.0,35.0,True,High Value,Low Priority
C03277,0.3553617520534795,Low Risk,1844.67,12.0,4.0,True,High Value,Low Priority
C06275,0.355112895290426,Low Risk,810.7900000000001,10.0,3.0,True,High Value,Low Priority
C02565,0.3550771728547978,Low Risk,331.54,9.0,68.0,True,Lower Value,Low Priority
C03737,0.3542745484080219,Low Risk,897.65,12.0,61.0,True,High Value,Low Priority
C09594,0.3540035223670797,Low Risk,852.4399999999999,10.0,2.0,True,High Value,Low Priority
C03316,0.35392959400285673,Low Risk,934.88,12.0,80.0,True,High Value,Low Priority
C02568,0.353694965689538,Low Risk,737.8399999999999,7.0,22.0,True,High Value,Low Priority
C05246,0.3530796787081228,Low Risk,801.41,10.0,98.0,True,High Value,Low Priority
C04031,0.3529253483597304,Low Risk,826.7,9.0,58.0,True,High Value,Low Priority
C05599,0.35262623204059246,Low Risk,1176.46,11.0,113.0,True,High Value,Low Priority
C01264,0.3524011522931974,Low Risk,723.02,12.0,57.0,True,High Value,Low Priority
C08724,0.35228715486989337,Low Risk,212.77,8.0,176.0,True,Lower Value,Low Priority
C03073,0.35224624055017034,Low Risk,1177.5500000000002,8.0,97.0,True,High Value,Low Priority
C05752,0.3522163307339058,Low Risk,388.51,7.0,62.0,True,Lower Value,Low Priority
C09367,0.3518207004414994,Low Risk,616.0799999999999,8.0,241.0,True,High Value,Low Priority
C00300,0.35142781623267777,Low Risk,479.39,14.0,9.0,True,High Value,Low Priority
C08150,0.3512608922496261,Low Risk,1210.62,9.0,141.0,True,High Value,Low Priority
C05336,0.35092255352499446,Low Risk,280.09,11.0,180.0,True,Lower Value,Low Priority
C00943,0.35084411737800203,Low Risk,896.54,11.0,2.0,True,High Value,Low Priority
C09182,0.35009380470599516,Low Risk,1346.3,11.0,41.0,True,High Value,Low Priority
C07685,0.34977133108358544,Low Risk,378.14,9.0,17.0,True,Lower Value,Low Priority
C02597,0.34932019945718373,Low Risk,1236.58,12.0,4.0,True,High Value,Low Priority
C09402,0.3491582810712485,Low Risk,1394.57,10.0,39.0,True,High Value,Low Priority
C02268,0.34911908919963275,Low Risk,2296.48,9.0,61.0,True,High Value,Low Priority
C01207,0.34911246491341846,Low Risk,733.23,9.0,117.0,True,High Value,Low Priority
C05720,0.3470832159910964,Low Risk,717.85,9.0,61.0,True,High Value,Low Priority
C08041,0.34685255224129735,Low Risk,504.3,10.0,16.0,True,High Value,Low Priority
C04131,0.34621111397738263,Low Risk,434.62,6.0,59.0,True,High Value,Low Priority
C03146,0.34574076207850585,Low Risk,433.89,9.0,13.0,True,High Value,Low Priority
C03274,0.34553223542145034,Low Risk,116.11,4.0,76.0,True,Lower Value,Low Priority
C04138,0.34506140317248457,Low Risk,553.1899999999999,11.0,20.0,True,High Value,Low Priority
C08383,0.34433406691502394,Low Risk,983.63,11.0,84.0,True,High Value,Low Priority
C06740,0.34331024376906843,Low Risk,2511.7,12.0,129.0,True,High Value,Low Priority
C08619,0.3431085509143878,Low Risk,466.55,9.0,177.0,True,High Value,Low Priority
C00792,0.3427440780101276,Low Risk,202.93,8.0,50.0,True,Lower Value,Low Priority
C08723,0.34247533123709933,Low Risk,174.56,9.0,45.0,True,Lower Value,Low Priority
C06510,0.34227682615129906,Low Risk,1202.71,10.0,30.0,True,High Value,Low Priority
C09266,0.3409021075525034,Low Risk,941.14,12.0,40.0,True,High Value,Low Priority
C05609,0.3406891824744635,Low Risk,403.22,9.0,28.0,True,Lower Value,Low Priority
C07201,0.3406321747117122,Low Risk,2922.69,12.0,94.0,True,High Value,Low Priority
C01257,0.34061797315059306,Low Risk,343.86,7.0,44.0,True,Lower Value,Low Priority
C03241,0.3404701907474936,Low Risk,513.55,5.0,59.0,True,High Value,Low Priority
C03474,0.3404673592508106,Low Risk,1034.78,10.0,82.0,True,High Value,Low Priority
C02499,0.3403786312241907,Low Risk,423.51,9.0,9.0,True,Lower Value,Low Priority
C00671,0.33951061433782376,Low Risk,424.17,7.0,2.0,True,High Value,Low Priority
C06332,0.3384774325778666,Low Risk,1343.72,13.0,12.0,True,High Value,Low Priority
C03891,0.33826422430151803,Low Risk,508.47,9.0,108.0,True,High Value,Low Priority
C02182,0.3379180582280036,Low Risk,564.52,6.0,6.0,True,High Value,Low Priority
C04526,0.3378157255810216,Low Risk,421.89,9.0,34.0,True,Lower Value,Low Priority
C01956,0.33745462141367405,Low Risk,395.89,4.0,14.0,True,Lower Value,Low Priority
C08837,0.337431294009906,Low Risk,342.81,7.0,6.0,True,Lower Value,Low Priority
C08744,0.33706383865582834,Low Risk,479.97,10.0,61.0,True,High Value,Low Priority
C01069,0.3368641139319877,Low Risk,886.08,12.0,54.0,True,High Value,Low Priority
C02066,0.3366418243547031,Low Risk,636.7,8.0,35.0,True,High Value,Low Priority
C05976,0.33637853672959744,Low Risk,541.21,9.0,15.0,True,High Value,Low Priority
C08534,0.33634030589711605,Low Risk,865.0999999999999,8.0,129.0,True,High Value,Low Priority
C00146,0.3359678913601854,Low Risk,808.11,11.0,59.0,True,High Value,Low Priority
C06954,0.335511375310195,Low Risk,925.45,13.0,26.0,True,High Value,Low Priority
C03902,0.33538246283516693,Low Risk,2157.73,11.0,41.0,True,High Value,Low Priority
C02153,0.3348875656212001,Low Risk,534.91,9.0,1.0,True,High Value,Low Priority
C07404,0.3348476997847278,Low Risk,982.99,8.0,97.0,True,High Value,Low Priority
C08805,0.33448956780807276,Low Risk,1553.85,10.0,84.0,True,High Value,Low Priority
C05491,0.33444865656452083,Low Risk,817.74,8.0,180.0,True,High Value,Low Priority
C06353,0.3341541193547869,Low Risk,956.28,11.0,14.0,True,High Value,Low Priority
C02611,0.333950954195536,Low Risk,584.6,13.0,93.0,True,High Value,Low Priority
C05589,0.33363049194371047,Low Risk,512.34,8.0,8.0,True,High Value,Low Priority
C07515,0.3335013948107781,Low Risk,590.9200000000001,7.0,77.0,True,High Value,Low Priority
C04327,0.33300939414731795,Low Risk,840.5,14.0,16.0,True,High Value,Low Priority
C05409,0.3327800135199831,Low Risk,604.25,11.0,15.0,True,High Value,Low Priority
C00862,0.3322496814745253,Low Risk,422.4,6.0,265.0,True,Lower Value,Low Priority
C03267,0.3318573130353664,Low Risk,965.8,10.0,114.0,True,High Value,Low Priority
C06232,0.33138483517931056,Low Risk,460.14,11.0,37.0,True,High Value,Low Priority
C01967,0.3309322379170145,Low Risk,487.34,7.0,61.0,True,High Value,Low Priority
C07979,0.33092804657116276,Low Risk,774.15,12.0,22.0,True,High Value,Low Priority
C03520,0.33029323220206236,Low Risk,596.01,12.0,6.0,True,High Value,Low Priority
C02677,0.3301216843092301,Low Risk,507.56,7.0,24.0,True,High Value,Low Priority
C03341,0.33006312225018325,Low Risk,789.9,8.0,4.0,True,High Value,Low Priority
C09077,0.32977138326148037,Low Risk,243.18,6.0,70.0,True,Lower Value,Low Priority
C06931,0.3293060200469267,Low Risk,540.55,12.0,98.0,True,High Value,Low Priority
C00873,0.32928860847830554,Low Risk,522.91,11.0,28.0,True,High Value,Low Priority
C01088,0.3291385820726742,Low Risk,710.7,11.0,113.0,True,High Value,Low Priority
C03568,0.32903957635834313,Low Risk,764.54,8.0,92.0,True,High Value,Low Priority
C03713,0.3288461462517867,Low Risk,795.47,13.0,161.0,True,High Value,Low Priority
C06150,0.3282463697878875,Low Risk,1319.5,14.0,86.0,True,High Value,Low Priority
C08552,0.3281728197002539,Low Risk,694.6999999999999,10.0,87.0,True,High Value,Low Priority
C03515,0.32813443341731,Low Risk,917.42,11.0,16.0,True,High Value,Low Priority
C07236,0.32795935448328056,Low Risk,1195.24,13.0,31.0,True,High Value,Low Priority
C09442,0.3275769296826919,Low Risk,1072.42,10.0,7.0,True,High Value,Low Priority
C07026,0.32749410619688224,Low Risk,1297.03,14.0,1.0,True,High Value,Low Priority
C09633,0.3272009306346885,Low Risk,950.25,11.0,25.0,True,High Value,Low Priority
C06040,0.32719481139899603,Low Risk,211.77,6.0,32.0,True,Lower Value,Low Priority
C07081,0.3268989892425799,Low Risk,541.6,9.0,118.0,True,High Value,Low Priority
C02506,0.3262987685147629,Low Risk,343.4,6.0,171.0,True,Lower Value,Low Priority
C00606,0.32626440967943243,Low Risk,491.89,13.0,90.0,True,High Value,Low Priority
C05335,0.32591481352413365,Low Risk,815.4300000000001,9.0,110.0,True,High Value,Low Priority
C01538,0.32585993557025444,Low Risk,239.82,8.0,105.0,True,Lower Value,Low Priority
C03322,0.32574020176391355,Low Risk,987.5,13.0,70.0,True,High Value,Low Priority
C01577,0.3250493984697755,Low Risk,695.35,12.0,104.0,True,High Value,Low Priority
C02701,0.32487394392377417,Low Risk,818.53,12.0,110.0,True,High Value,Low Priority
C09196,0.32482211311858583,Low Risk,1421.17,11.0,37.0,True,High Value,Low Priority
C07249,0.32462884237880896,Low Risk,981.11,10.0,14.0,True,High Value,Low Priority
C03290,0.3233719494570788,Low Risk,1948.16,7.0,48.0,True,High Value,Low Priority
C07138,0.323275480253762,Low Risk,417.97,9.0,45.0,True,Lower Value,Low Priority
C04596,0.32241519592203227,Low Risk,412.26,8.0,223.0,True,Lower Value,Low Priority
C03464,0.32152446970876725,Low Risk,441.99,9.0,205.0,True,High Value,Low Priority
C03838,0.3214252887574729,Low Risk,662.62,8.0,44.0,True,High Value,Low Priority
C06878,0.32075230405202704,Low Risk,456.8,10.0,14.0,True,High Value,Low Priority
C04320,0.32057496581591366,Low Risk,1314.25,7.0,112.0,True,High Value,Low Priority
C08891,0.32057422749693343,Low Risk,611.21,10.0,119.0,True,High Value,Low Priority
C05382,0.32022518746039863,Low Risk,411.43,7.0,225.0,True,Lower Value,Low Priority
C05981,0.31992148474602006,Low Risk,407.72,9.0,48.0,True,Lower Value,Low Priority
C09395,0.31975291027720243,Low Risk,892.62,13.0,18.0,True,High Value,Low Priority
C05230,0.31847786037768894,Low Risk,466.24,10.0,23.0,True,High Value,Low Priority
C02380,0.31802860825300583,Low Risk,635.27,8.0,17.0,True,High Value,Low Priority
C05829,0.31772690393002984,Low Risk,417.22,9.0,34.0,True,Lower Value,Low Priority
C03795,0.317645597664175,Low Risk,1111.21,12.0,11.0,True,High Value,Low Priority
C06978,0.31677024178066926,Low Risk,644.93,10.0,29.0,True,High Value,Low Priority
C00596,0.31658784139415075,Low Risk,633.59,6.0,297.0,True,High Value,Low Priority
C00079,0.31655335278196767,Low Risk,728.27,5.0,33.0,True,High Value,Low Priority
C06570,0.31654705802221417,Low Risk,726.04,10.0,181.0,True,High Value,Low Priority
C04565,0.3164119402491851,Low Risk,603.16,8.0,50.0,True,High Value,Low Priority
C06669,0.31627991214322804,Low Risk,1341.39,9.0,49.0,True,High Value,Low Priority
C05463,0.3159113309409043,Low Risk,499.35,11.0,201.0,True,High Value,Low Priority
C05997,0.3158533420100425,Low Risk,739.32,11.0,58.0,True,High Value,Low Priority
C00356,0.31569851981593255,Low Risk,704.27,10.0,90.0,True,High Value,Low Priority
C06693,0.3142349446278599,Low Risk,400.59,5.0,175.0,True,Lower Value,Low Priority
C09598,0.3140998433404921,Low Risk,283.42,7.0,104.0,True,Lower Value,Low Priority
C09954,0.3134861643228208,Low Risk,560.12,14.0,16.0,True,High Value,Low Priority
C00603,0.31312573123883586,Low Risk,1090.82,12.0,64.0,True,High Value,Low Priority
C02291,0.3125928908465407,Low Risk,654.51,11.0,42.0,True,High Value,Low Priority
C06058,0.3116945332277007,Low Risk,1405.83,12.0,116.0,True,High Value,Low Priority
C03144,0.3115875184850924,Low Risk,932.74,12.0,168.0,True,High Value,Low Priority
C04441,0.310894906244175,Low Risk,1019.03,14.0,17.0,True,High Value,Low Priority
C00138,0.31042368770051665,Low Risk,766.3299999999999,11.0,19.0,True,High Value,Low Priority
C00241,0.31005577059996997,Low Risk,280.97,6.0,15.0,True,Lower Value,Low Priority
C09357,0.3098537545758523,Low Risk,344.42,7.0,151.0,True,Lower Value,Low Priority
C00799,0.3096688187320716,Low Risk,1365.81,11.0,150.0,True,High Value,Low Priority
C04805,0.30914004002508877,Low Risk,872.55,11.0,5.0,True,High Value,Low Priority
C03776,0.30865862821669426,Low Risk,803.75,13.0,11.0,True,High Value,Low Priority
C00861,0.30862789310685385,Low Risk,1511.47,11.0,12.0,True,High Value,Low Priority
C08548,0.3075232774514847,Low Risk,780.0999999999999,11.0,116.0,True,High Value,Low Priority
C06295,0.30653551016252434,Low Risk,661.82,8.0,82.0,True,High Value,Low Priority
C07681,0.3065112295597092,Low Risk,1232.49,8.0,2.0,True,High Value,Low Priority
C08817,0.306410842885596,Low Risk,780.06,13.0,54.0,True,High Value,Low Priority
C00171,0.3061281846308542,Low Risk,883.6800000000001,12.0,57.0,True,High Value,Low Priority
C06683,0.30543254870289016,Low Risk,658.13,14.0,3.0,True,High Value,Low Priority
C09630,0.30467904619948927,Low Risk,509.88,8.0,8.0,True,High Value,Low Priority
C06301,0.3040830836373375,Low Risk,999.25,14.0,19.0,True,High Value,Low Priority
C04279,0.3037610810454529,Low Risk,1186.9,11.0,17.0,True,High Value,Low Priority
C04121,0.3024106155095556,Low Risk,500.45,11.0,209.0,True,High Value,Low Priority
C05939,0.30232345243792885,Low Risk,222.24,6.0,82.0,True,Lower Value,Low Priority
C00608,0.3021781891542557,Low Risk,641.5,10.0,28.0,True,High Value,Low Priority
C04852,0.301232610308984,Low Risk,400.75,9.0,6.0,True,Lower Value,Low Priority
C06565,0.30111215562582794,Low Risk,688.2,9.0,82.0,True,High Value,Low Priority
C00041,0.3010951912982975,Low Risk,253.53,7.0,18.0,True,Lower Value,Low Priority
C02768,0.30096947131200824,Low Risk,957.01,13.0,9.0,True,High Value,Low Priority
C07655,0.30012778012169444,Low Risk,264.8,6.0,41.0,True,Lower Value,Low Priority
C03504,0.29969040531370805,Low Risk,979.89,8.0,123.0,True,High Value,Low Priority
C06315,0.29957205183912494,Low Risk,723.66,11.0,3.0,True,High Value,Low Priority
C02360,0.29872010454155656,Low Risk,425.81,8.0,15.0,True,High Value,Low Priority
C06202,0.29837096831244475,Low Risk,607.68,14.0,77.0,True,High Value,Low Priority
C07650,0.2980346115467062,Low Risk,816.74,11.0,15.0,True,High Value,Low Priority
C06591,0.2976459613264034,Low Risk,575.48,10.0,32.0,True,High Value,Low Priority
C01021,0.29752127072071194,Low Risk,1042.5,7.0,24.0,True,High Value,Low Priority
C01330,0.2967177910544282,Low Risk,1833.57,10.0,2.0,True,High Value,Low Priority
C03711,0.2965089629100438,Low Risk,745.6700000000001,9.0,128.0,True,High Value,Low Priority
C05737,0.29614737751576936,Low Risk,1118.14,11.0,79.0,True,High Value,Low Priority
C04054,0.294765493730344,Low Risk,944.59,10.0,41.0,True,High Value,Low Priority
C09871,0.2938824568808109,Low Risk,379.47,9.0,75.0,True,Lower Value,Low Priority
C02000,0.29341454392966937,Low Risk,1480.54,8.0,8.0,True,High Value,Low Priority
C04522,0.2933675512777293,Low Risk,1007.55,10.0,72.0,True,High Value,Low Priority
C08290,0.2920938603715789,Low Risk,325.54,10.0,111.0,True,Lower Value,Low Priority
C00431,0.29150725648613884,Low Risk,930.74,14.0,47.0,True,High Value,Low Priority
C05379,0.2910771838099489,Low Risk,1334.88,13.0,2.0,True,High Value,Low Priority
C05483,0.29070574090065515,Low Risk,595.55,10.0,7.0,True,High Value,Low Priority
C08635,0.2903608766990578,Low Risk,1219.29,10.0,119.0,True,High Value,Low Priority
C04486,0.289786716689987,Low Risk,454.81,8.0,32.0,True,High Value,Low Priority
C06680,0.2889255848214436,Low Risk,505.87,9.0,64.0,True,High Value,Low Priority
C08768,0.2882260055257167,Low Risk,445.06,5.0,72.0,True,High Value,Low Priority
C04582,0.28781050861918106,Low Risk,1841.89,10.0,29.0,True,High Value,Low Priority
C06036,0.2866473736424224,Low Risk,1660.72,15.0,25.0,True,High Value,Low Priority
C00720,0.2853616744233603,Low Risk,1156.44,14.0,21.0,True,High Value,Low Priority
C00410,0.28530179131812755,Low Risk,1057.02,10.0,47.0,True,High Value,Low Priority
C09653,0.28446063541218647,Low Risk,1728.59,8.0,14.0,True,High Value,Low Priority
C03348,0.28423337943671473,Low Risk,528.54,8.0,234.0,True,High Value,Low Priority
C08407,0.284084913792458,Low Risk,841.26,9.0,88.0,True,High Value,Low Priority
C08254,0.28408025968432754,Low Risk,1147.84,13.0,79.0,True,High Value,Low Priority
C03330,0.28369838588186097,Low Risk,879.3,10.0,71.0,True,High Value,Low Priority
C08410,0.28311054362471205,Low Risk,1154.19,10.0,72.0,True,High Value,Low Priority
C00831,0.2829517319711304,Low Risk,1644.72,10.0,65.0,True,High Value,Low Priority
C08846,0.2829159179950637,Low Risk,926.53,11.0,16.0,True,High Value,Low Priority
C06548,0.2828257829123115,Low Risk,1193.77,11.0,80.0,True,High Value,Low Priority
C04412,0.2822398573517191,Low Risk,736.59,11.0,47.0,True,High Value,Low Priority
C03053,0.2821598286744441,Low Risk,823.22,11.0,195.0,True,High Value,Low Priority
C09453,0.28167694326339787,Low Risk,1197.98,11.0,69.0,True,High Value,Low Priority
C04794,0.2811354101375141,Low Risk,1240.11,15.0,52.0,True,High Value,Low Priority
C08888,0.28101097093921,Low Risk,1121.43,15.0,64.0,True,High Value,Low Priority
C04787,0.28089168460803376,Low Risk,1303.78,9.0,2.0,True,High Value,Low Priority
C00402,0.27984801953523347,Low Risk,710.34,12.0,155.0,True,High Value,Low Priority
C07606,0.2795544338270158,Low Risk,1077.01,10.0,38.0,True,High Value,Low Priority
C08437,0.2793743627884653,Low Risk,579.79,10.0,16.0,True,High Value,Low Priority
C02304,0.27907176923584986,Low Risk,950.38,13.0,82.0,True,High Value,Low Priority
C06011,0.2787419931896575,Low Risk,243.52,7.0,114.0,True,Lower Value,Low Priority
C09546,0.2784604561948699,Low Risk,587.8199999999999,13.0,35.0,True,High Value,Low Priority
C02172,0.2775581993685423,Low Risk,1061.66,11.0,21.0,True,High Value,Low Priority
C08122,0.27749310365799096,Low Risk,1176.09,13.0,3.0,True,High Value,Low Priority
C00185,0.2774514283169155,Low Risk,482.11,10.0,51.0,True,High Value,Low Priority
C02774,0.27729216514636507,Low Risk,1180.71,12.0,52.0,True,High Value,Low Priority
C06151,0.2772845704533496,Low Risk,875.11,10.0,29.0,True,High Value,Low Priority
C09580,0.2771749496611105,Low Risk,650.56,10.0,84.0,True,High Value,Low Priority
C09087,0.2767898034925499,Low Risk,389.4,9.0,162.0,True,Lower Value,Low Priority
C02640,0.2766734395200221,Low Risk,648.64,11.0,64.0,True,High Value,Low Priority
C06095,0.2764426335536196,Low Risk,518.19,13.0,5.0,True,High Value,Low Priority
C06707,0.2763542575553413,Low Risk,892.98,13.0,2.0,True,High Value,Low Priority
C08007,0.2760549641256721,Low Risk,798.14,12.0,57.0,True,High Value,Low Priority
C07838,0.27594230368103556,Low Risk,1046.51,9.0,42.0,True,High Value,Low Priority
C01202,0.27563729819619565,Low Risk,632.67,11.0,20.0,True,High Value,Low Priority
C08342,0.2754199195468799,Low Risk,898.99,9.0,123.0,True,High Value,Low Priority
C04219,0.2752359785467123,Low Risk,371.98,9.0,20.0,True,Lower Value,Low Priority
C06947,0.2744207876583317,Low Risk,492.56,11.0,98.0,True,High Value,Low Priority
C06881,0.27318204598607226,Low Risk,500.52,12.0,15.0,True,High Value,Low Priority
C07907,0.27275647097480843,Low Risk,659.66,10.0,19.0,True,High Value,Low Priority
C04499,0.27259523885190534,Low Risk,881.22,13.0,11.0,True,High Value,Low Priority
C04978,0.2694343390665152,Low Risk,467.47,9.0,14.0,True,High Value,Low Priority
C03882,0.2686430344089594,Low Risk,841.63,7.0,20.0,True,High Value,Low Priority
C00880,0.26833902940661764,Low Risk,1249.07,14.0,55.0,True,High Value,Low Priority
C03824,0.2678396268557378,Low Risk,1504.16,12.0,74.0,True,High Value,Low Priority
C05172,0.26569501557050024,Low Risk,664.42,10.0,28.0,True,High Value,Low Priority
C00458,0.26562191236545857,Low Risk,899.4200000000001,11.0,97.0,True,High Value,Low Priority
C07718,0.2651951523097351,Low Risk,885.4399999999999,13.0,32.0,True,High Value,Low Priority
C08358,0.26512686628457965,Low Risk,601.3199999999999,10.0,101.0,True,High Value,Low Priority
C06216,0.2650017866594567,Low Risk,371.66,11.0,69.0,True,Lower Value,Low Priority
C06483,0.2649057221100401,Low Risk,1382.54,13.0,33.0,True,High Value,Low Priority
C06169,0.2648629303624499,Low Risk,1614.0300000000002,11.0,143.0,True,High Value,Low Priority
C05897,0.2639202777806791,Low Risk,770.7,7.0,58.0,True,High Value,Low Priority
C08833,0.26343128763018187,Low Risk,409.92,4.0,290.0,True,Lower Value,Low Priority
C07359,0.2629861729211501,Low Risk,1074.89,11.0,11.0,True,High Value,Low Priority
C01025,0.2623154592453776,Low Risk,687.88,14.0,14.0,True,High Value,Low Priority
C01008,0.2621029663648464,Low Risk,1044.18,11.0,85.0,True,High Value,Low Priority
C04695,0.26193485335867495,Low Risk,571.66,14.0,60.0,True,High Value,Low Priority
C09660,0.26169767480930284,Low Risk,536.22,8.0,117.0,True,High Value,Low Priority
C02991,0.26067996660063947,Low Risk,333.94,13.0,87.0,True,Lower Value,Low Priority
C00711,0.25991624825256776,Low Risk,2060.43,8.0,20.0,True,High Value,Low Priority
C09746,0.25976908713132246,Low Risk,846.48,9.0,35.0,True,High Value,Low Priority
C07485,0.25904064215684797,Low Risk,447.96,9.0,197.0,True,High Value,Low Priority
C09647,0.2586232273173962,Low Risk,2366.43,9.0,14.0,True,High Value,Low Priority
C03953,0.25838627848470375,Low Risk,711.85,7.0,66.0,True,High Value,Low Priority
C03730,0.2582047469142674,Low Risk,308.69,8.0,6.0,True,Lower Value,Low Priority
C05006,0.2577206847813929,Low Risk,695.37,13.0,8.0,True,High Value,Low Priority
C03638,0.25754137501362107,Low Risk,451.05,9.0,147.0,True,High Value,Low Priority
C02472,0.25753056135398905,Low Risk,966.46,14.0,19.0,True,High Value,Low Priority
C05669,0.256756597066318,Low Risk,940.84,14.0,22.0,True,High Value,Low Priority
C01493,0.25505571666033455,Low Risk,918.11,7.0,82.0,True,High Value,Low Priority
C04623,0.25403611200668685,Low Risk,477.43,10.0,20.0,True,High Value,Low Priority
C02053,0.2538037398195171,Low Risk,518.2,10.0,112.0,True,High Value,Low Priority
C03280,0.25229925267164427,Low Risk,1340.0,11.0,80.0,True,High Value,Low Priority
C08484,0.251448531354866,Low Risk,679.22,11.0,267.0,True,High Value,Low Priority
C04035,0.25076685581736685,Low Risk,551.92,10.0,132.0,True,High Value,Low Priority
C03372,0.24973055554041723,Low Risk,1298.45,14.0,17.0,True,High Value,Low Priority
C01564,0.2495702790029382,Low Risk,928.81,10.0,54.0,True,High Value,Low Priority
C02388,0.24948536062958798,Low Risk,851.2099999999999,11.0,39.0,True,High Value,Low Priority
C01944,0.24744458042973916,Low Risk,1054.92,16.0,75.0,True,High Value,Low Priority
C04761,0.24607664703439383,Low Risk,632.89,8.0,7.0,True,High Value,Low Priority
C02266,0.24476660932890448,Low Risk,653.78,13.0,1.0,True,High Value,Low Priority
C00117,0.24463378385105425,Low Risk,696.41,15.0,52.0,True,High Value,Low Priority
C02192,0.2445490882940417,Low Risk,752.31,11.0,53.0,True,High Value,Low Priority
C04201,0.24359179617239687,Low Risk,810.38,11.0,89.0,True,High Value,Low Priority
C04581,0.24224855596374326,Low Risk,2111.44,12.0,116.0,True,High Value,Low Priority
C06334,0.24130943285136164,Low Risk,858.79,10.0,76.0,True,High Value,Low Priority
C06422,0.23986850302923649,Low Risk,1152.75,16.0,34.0,True,High Value,Low Priority
C06715,0.23961480663332077,Low Risk,1049.44,12.0,15.0,True,High Value,Low Priority
C01265,0.2387771041712304,Low Risk,1236.56,14.0,27.0,True,High Value,Low Priority
C03366,0.2386461397166434,Low Risk,668.32,13.0,52.0,True,High Value,Low Priority
C01171,0.23821193191956092,Low Risk,396.43,10.0,11.0,True,Lower Value,Low Priority
C03275,0.23777933412666152,Low Risk,873.07,14.0,1.0,True,High Value,Low Priority
C06185,0.23748617951902065,Low Risk,440.02,12.0,17.0,True,High Value,Low Priority
C01744,0.23741745344437049,Low Risk,1718.57,15.0,72.0,True,High Value,Low Priority
C04156,0.23714247002040736,Low Risk,1076.51,11.0,26.0,True,High Value,Low Priority
C00845,0.2371284162771361,Low Risk,355.05,10.0,17.0,True,Lower Value,Low Priority
C01790,0.23710737753817182,Low Risk,1828.2200000000005,12.0,51.0,True,High Value,Low Priority
C05343,0.23590022389116097,Low Risk,358.69,9.0,112.0,True,Lower Value,Low Priority
C00637,0.2354125274603681,Low Risk,1009.03,14.0,11.0,True,High Value,Low Priority
C07142,0.23529887781449108,Low Risk,1609.52,13.0,174.0,True,High Value,Low Priority
C06915,0.2348720860663427,Low Risk,879.25,14.0,124.0,True,High Value,Low Priority
C09108,0.2343847590873515,Low Risk,1228.09,10.0,65.0,True,High Value,Low Priority
C01218,0.23329706403342967,Low Risk,490.76,7.0,40.0,True,High Value,Low Priority
C01896,0.23317268873303934,Low Risk,583.51,9.0,25.0,True,High Value,Low Priority
C04061,0.2327548819330198,Low Risk,1676.52,16.0,11.0,True,High Value,Low Priority
C08818,0.23247433194606415,Low Risk,481.02,14.0,24.0,True,High Value,Low Priority
C09479,0.2323888794922923,Low Risk,1206.49,11.0,48.0,True,High Value,Low Priority
C06719,0.232311341366672,Low Risk,1539.38,15.0,22.0,True,High Value,Low Priority
C07916,0.23167496958548114,Low Risk,858.75,15.0,45.0,True,High Value,Low Priority
C09886,0.23139339450213453,Low Risk,1556.05,11.0,24.0,True,High Value,Low Priority
C07761,0.23119870474706541,Low Risk,605.74,13.0,78.0,True,High Value,Low Priority
C03138,0.2306738840854579,Low Risk,1224.36,14.0,15.0,True,High Value,Low Priority
C01390,0.23010560360757748,Low Risk,899.3,15.0,43.0,True,High Value,Low Priority
C02486,0.22776286598822346,Low Risk,1931.51,13.0,203.0,True,High Value,Low Priority
C02996,0.22739464678233065,Low Risk,643.4399999999999,12.0,32.0,True,High Value,Low Priority
C03325,0.22682898810559748,Low Risk,721.1800000000001,10.0,30.0,True,High Value,Low Priority
C04920,0.22664950808509216,Low Risk,1315.91,14.0,8.0,True,High Value,Low Priority
C08058,0.22562578523669663,Low Risk,1540.65,12.0,14.0,True,High Value,Low Priority
C07709,0.22492887636377928,Low Risk,984.94,17.0,38.0,True,High Value,Low Priority
C05744,0.2241308041564341,Low Risk,378.52,10.0,45.0,True,Lower Value,Low Priority
C09068,0.22399910156147598,Low Risk,1357.52,12.0,25.0,True,High Value,Low Priority
C06617,0.22371904266597903,Low Risk,1261.57,10.0,13.0,True,High Value,Low Priority
C05926,0.2232728912911363,Low Risk,631.08,8.0,321.0,True,High Value,Low Priority
C01972,0.2223589485149635,Low Risk,1082.24,14.0,16.0,True,High Value,Low Priority
C09022,0.22224663907063738,Low Risk,1603.25,18.0,33.0,True,High Value,Low Priority
C03596,0.220283941570299,Low Risk,732.75,13.0,1.0,True,High Value,Low Priority
C05460,0.22027417546253172,Low Risk,620.22,10.0,113.0,True,High Value,Low Priority
C07471,0.21978230720868172,Low Risk,963.55,14.0,53.0,True,High Value,Low Priority
C09366,0.2191142617823076,Low Risk,2282.23,17.0,20.0,True,High Value,Low Priority
C05964,0.2180409551533038,Low Risk,901.97,14.0,138.0,True,High Value,Low Priority
C03401,0.21744370815477398,Low Risk,860.9300000000001,9.0,18.0,True,High Value,Low Priority
C04043,0.2173661235969207,Low Risk,1139.35,7.0,14.0,True,High Value,Low Priority
C00676,0.2155904368252145,Low Risk,823.03,16.0,112.0,True,High Value,Low Priority
C09186,0.21455055563145597,Low Risk,761.26,13.0,44.0,True,High Value,Low Priority
C02976,0.21445941551070408,Low Risk,2094.08,14.0,29.0,True,High Value,Low Priority
C07637,0.21427535369043732,Low Risk,1329.57,14.0,3.0,True,High Value,Low Priority
C08623,0.21426475310067375,Low Risk,800.18,13.0,11.0,True,High Value,Low Priority
C06395,0.21325428082094014,Low Risk,1765.26,15.0,14.0,True,High Value,Low Priority
C09060,0.21268491393940359,Low Risk,860.05,16.0,80.0,True,High Value,Low Priority
C04041,0.21171563878688196,Low Risk,1315.91,16.0,28.0,True,High Value,Low Priority
C08790,0.21124655643449702,Low Risk,2080.88,13.0,84.0,True,High Value,Low Priority
C05494,0.2100275707384712,Low Risk,958.65,15.0,5.0,True,High Value,Low Priority
C07942,0.20978304739419804,Low Risk,1184.52,16.0,1.0,True,High Value,Low Priority
C09484,0.2096621795682522,Low Risk,652.86,10.0,134.0,True,High Value,Low Priority
C05966,0.20879501682042234,Low Risk,964.81,12.0,23.0,True,High Value,Low Priority
C02623,0.20670336358351854,Low Risk,1047.37,9.0,259.0,True,High Value,Low Priority
C05770,0.20623845302103294,Low Risk,777.11,14.0,2.0,True,High Value,Low Priority
C01958,0.20573180892651777,Low Risk,910.38,14.0,7.0,True,High Value,Low Priority
C00264,0.20564497407720522,Low Risk,1218.61,11.0,59.0,True,High Value,Low Priority
C02431,0.20535449797899796,Low Risk,965.01,12.0,30.0,True,High Value,Low Priority
C07323,0.20468339965652677,Low Risk,1588.09,15.0,1.0,True,High Value,Low Priority
C03782,0.20420370881687191,Low Risk,507.21,13.0,4.0,True,High Value,Low Priority
C08344,0.20387461338118437,Low Risk,673.17,11.0,50.0,True,High Value,Low Priority
C03172,0.20348066436408246,Low Risk,1933.34,14.0,9.0,True,High Value,Low Priority
C06441,0.20332902259771027,Low Risk,953.72,13.0,37.0,True,High Value,Low Priority
C04179,0.2016945397705998,Low Risk,811.8,11.0,42.0,True,High Value,Low Priority
C04683,0.20159644691797687,Low Risk,2414.12,14.0,77.0,True,High Value,Low Priority
C09024,0.201402592857876,Low Risk,868.46,15.0,5.0,True,High Value,Low Priority
C05768,0.20133407563620406,Low Risk,2619.71,13.0,20.0,True,High Value,Low Priority
C05342,0.20019223758189023,Low Risk,936.23,13.0,125.0,True,High Value,Low Priority
C02105,0.19932481758024892,Low Risk,1763.37,17.0,45.0,True,High Value,Low Priority
C00867,0.19917871351155203,Low Risk,1339.95,17.0,53.0,True,High Value,Low Priority
C03012,0.19916815901721283,Low Risk,1355.84,16.0,28.0,True,High Value,Low Priority
C02687,0.19818312074004577,Low Risk,689.07,10.0,12.0,True,High Value,Low Priority
C08287,0.1978437305111242,Low Risk,669.88,13.0,146.0,True,High Value,Low Priority
C04329,0.19765907524856696,Low Risk,1302.05,13.0,24.0,True,High Value,Low Priority
C08277,0.19746610007803841,Low Risk,495.92,11.0,129.0,True,High Value,Low Priority
C09644,0.19559106623011535,Low Risk,794.7,14.0,22.0,True,High Value,Low Priority
C06438,0.19527431932156689,Low Risk,1060.81,14.0,7.0,True,High Value,Low Priority
C05918,0.19497748849875932,Low Risk,1097.03,16.0,5.0,True,High Value,Low Priority
C04637,0.19495324995506352,Low Risk,601.64,15.0,94.0,True,High Value,Low Priority
C04299,0.19446026632112207,Low Risk,236.54,7.0,29.0,True,Lower Value,Low Priority
C05292,0.19403672841473932,Low Risk,439.68,14.0,21.0,True,High Value,Low Priority
C03550,0.19354340336249204,Low Risk,2164.94,15.0,57.0,True,High Value,Low Priority
C03091,0.1911411147898157,Low Risk,1478.1,18.0,5.0,True,High Value,Low Priority
C09611,0.19092098120239578,Low Risk,1043.71,16.0,35.0,True,High Value,Low Priority
C07672,0.1905597514182434,Low Risk,725.52,14.0,5.0,True,High Value,Low Priority
C09803,0.19050791298211392,Low Risk,1064.76,17.0,20.0,True,High Value,Low Priority
C04050,0.1900838731120668,Low Risk,1020.07,22.0,47.0,True,High Value,Low Priority
C03675,0.1899218015308516,Low Risk,854.52,11.0,8.0,True,High Value,Low Priority
C09760,0.18964780800898726,Low Risk,872.06,16.0,123.0,True,High Value,Low Priority
C08921,0.18849050032705855,Low Risk,539.4300000000001,14.0,4.0,True,High Value,Low Priority
C03427,0.18846450505357426,Low Risk,655.78,13.0,12.0,True,High Value,Low Priority
C07840,0.18682748001920146,Low Risk,1220.54,20.0,15.0,True,High Value,Low Priority
C09441,0.18626300975746013,Low Risk,1062.24,15.0,4.0,True,High Value,Low Priority
C07239,0.18622380921681758,Low Risk,820.29,10.0,182.0,True,High Value,Low Priority
C00018,0.18598925069210087,Low Risk,1342.73,14.0,49.0,True,High Value,Low Priority
C05255,0.18556111686652746,Low Risk,765.11,15.0,106.0,True,High Value,Low Priority
C06025,0.18189047942956468,Low Risk,1479.3,15.0,43.0,True,High Value,Low Priority
C04498,0.1814360222065809,Low Risk,1000.89,14.0,37.0,True,High Value,Low Priority
C05671,0.17968892562050326,Low Risk,1401.41,11.0,148.0,True,High Value,Low Priority
C06461,0.17960271685033,Low Risk,1809.89,16.0,11.0,True,High Value,Low Priority
C06351,0.1791354135068807,Low Risk,892.5899999999999,15.0,2.0,True,High Value,Low Priority
C02224,0.1778188481605397,Low Risk,1199.48,20.0,85.0,True,High Value,Low Priority
C00590,0.1774202025196871,Low Risk,1436.5,11.0,36.0,True,High Value,Low Priority
C08438,0.17720725350132233,Low Risk,849.04,13.0,146.0,True,High Value,Low Priority
C00553,0.1764776283830942,Low Risk,1054.39,16.0,68.0,True,High Value,Low Priority
C06625,0.17609669306791187,Low Risk,1457.24,18.0,31.0,True,High Value,Low Priority
C08825,0.17578674106377715,Low Risk,1066.78,14.0,75.0,True,High Value,Low Priority
C05725,0.17410960947958828,Low Risk,1216.27,16.0,42.0,True,High Value,Low Priority
C01954,0.1739895320346795,Low Risk,1060.98,16.0,9.0,True,High Value,Low Priority
C08611,0.17197158453874473,Low Risk,394.96,7.0,147.0,True,Lower Value,Low Priority
C04980,0.17045245514172083,Low Risk,1589.42,17.0,6.0,True,High Value,Low Priority
C01087,0.17022532097335547,Low Risk,1759.18,18.0,64.0,True,High Value,Low Priority
C09952,0.16983814970838212,Low Risk,696.66,12.0,103.0,True,High Value,Low Priority
C00376,0.16913087933124024,Low Risk,680.12,15.0,45.0,True,High Value,Low Priority
C09300,0.16886124342022915,Low Risk,745.71,14.0,23.0,True,High Value,Low Priority
C02214,0.16854831474467827,Low Risk,1280.14,17.0,89.0,True,High Value,Low Priority
C09838,0.1684280958256124,Low Risk,1611.83,18.0,118.0,True,High Value,Low Priority
C06959,0.16811332593078074,Low Risk,1012.2,13.0,5.0,True,High Value,Low Priority
C02493,0.1675870067255978,Low Risk,1644.0700000000002,14.0,25.0,True,High Value,Low Priority
C01909,0.1662219994523852,Low Risk,510.24,11.0,30.0,True,High Value,Low Priority
C04589,0.16616239736081978,Low Risk,1057.82,16.0,108.0,True,High Value,Low Priority
C05112,0.16610825271341592,Low Risk,1089.18,18.0,12.0,True,High Value,Low Priority
C03540,0.16568655888755945,Low Risk,773.3199999999999,16.0,71.0,True,High Value,Low Priority
C02507,0.16455591907371683,Low Risk,1129.96,19.0,14.0,True,High Value,Low Priority
C09262,0.16426760541862942,Low Risk,2040.28,13.0,3.0,True,High Value,Low Priority
C00278,0.16422154233253178,Low Risk,1259.8,20.0,30.0,True,High Value,Low Priority
C03117,0.16417364010253346,Low Risk,820.27,11.0,36.0,True,High Value,Low Priority
C06070,0.1633019384579247,Low Risk,1267.94,15.0,124.0,True,High Value,Low Priority
C06237,0.16267890393840376,Low Risk,1107.08,21.0,204.0,True,High Value,Low Priority
C01987,0.16259633713843546,Low Risk,1977.73,18.0,254.0,True,High Value,Low Priority
C05084,0.1622658239514217,Low Risk,1087.14,17.0,54.0,True,High Value,Low Priority
C03075,0.16200722876423648,Low Risk,1905.24,17.0,39.0,True,High Value,Low Priority
C05922,0.1619969807758912,Low Risk,1681.26,16.0,1.0,True,High Value,Low Priority
C02212,0.16156918402840806,Low Risk,978.96,13.0,87.0,True,High Value,Low Priority
C08509,0.1609114432638612,Low Risk,739.06,17.0,193.0,True,High Value,Low Priority
C00011,0.15988096111498473,Low Risk,652.5,12.0,30.0,True,High Value,Low Priority
C02645,0.15928686419542887,Low Risk,1311.5,15.0,100.0,True,High Value,Low Priority
C00912,0.1583514525519991,Low Risk,846.79,16.0,45.0,True,High Value,Low Priority
C06686,0.15792908053690943,Low Risk,679.21,14.0,91.0,True,High Value,Low Priority
C06132,0.1576318673485373,Low Risk,1567.73,13.0,41.0,True,High Value,Low Priority
C03557,0.1570360154718445,Low Risk,962.35,19.0,28.0,True,High Value,Low Priority
C01585,0.1560658087940927,Low Risk,1237.9,14.0,71.0,True,High Value,Low Priority
C01043,0.15526340962714677,Low Risk,394.17,9.0,3.0,True,Lower Value,Low Priority
C05438,0.15394655767850246,Low Risk,1804.12,18.0,27.0,True,High Value,Low Priority
C06550,0.1534925792632007,Low Risk,1007.85,13.0,103.0,True,High Value,Low Priority
C08747,0.15340534900648287,Low Risk,891.53,15.0,11.0,True,High Value,Low Priority
C09491,0.15284068982276053,Low Risk,1418.6,19.0,36.0,True,High Value,Low Priority
C07855,0.15262521534804474,Low Risk,1411.62,17.0,24.0,True,High Value,Low Priority
C03016,0.15134657681777636,Low Risk,1928.37,16.0,25.0,True,High Value,Low Priority
C05194,0.15009949822669344,Low Risk,961.18,14.0,82.0,True,High Value,Low Priority
C01159,0.14971040919328582,Low Risk,2124.35,18.0,19.0,True,High Value,Low Priority
C09174,0.14833627605936653,Low Risk,794.5,19.0,28.0,True,High Value,Low Priority
C01649,0.1472165426227664,Low Risk,1275.4,16.0,72.0,True,High Value,Low Priority
C03050,0.14667533411725459,Low Risk,1194.03,18.0,76.0,True,High Value,Low Priority
C04225,0.14662274561186361,Low Risk,1471.83,16.0,109.0,True,High Value,Low Priority
C04679,0.14613759843300764,Low Risk,1764.86,17.0,108.0,True,High Value,Low Priority
C08968,0.1444589800598705,Low Risk,1168.75,17.0,9.0,True,High Value,Low Priority
C01082,0.14374938754050928,Low Risk,1057.36,16.0,35.0,True,High Value,Low Priority
C05569,0.14347577359090538,Low Risk,765.89,16.0,4.0,True,High Value,Low Priority
C06377,0.1432273288457241,Low Risk,1116.47,17.0,28.0,True,High Value,Low Priority
C07555,0.1427352707039465,Low Risk,942.94,16.0,5.0,True,High Value,Low Priority
C01371,0.14211124635725517,Low Risk,1475.65,21.0,12.0,True,High Value,Low Priority
C05943,0.1420491575239257,Low Risk,1222.68,14.0,77.0,True,High Value,Low Priority
C07641,0.14008841376906964,Low Risk,2308.55,22.0,45.0,True,High Value,Low Priority
C06254,0.13954044673974064,Low Risk,1814.38,19.0,38.0,True,High Value,Low Priority
C09315,0.13929737551285962,Low Risk,1283.67,18.0,60.0,True,High Value,Low Priority
C09628,0.13916758248096406,Low Risk,927.98,19.0,64.0,True,High Value,Low Priority
C06711,0.13899953703235812,Low Risk,1925.91,18.0,37.0,True,High Value,Low Priority
C01452,0.13785603285076065,Low Risk,1696.18,17.0,32.0,True,High Value,Low Priority
C04318,0.13745956287855723,Low Risk,697.71,13.0,56.0,True,High Value,Low Priority
C02409,0.13741512780982157,Low Risk,1038.41,18.0,33.0,True,High Value,Low Priority
C06260,0.13709360446219265,Low Risk,1080.51,17.0,9.0,True,High Value,Low Priority
C06159,0.13615043725171228,Low Risk,1409.16,16.0,37.0,True,High Value,Low Priority
C00245,0.13512416700356622,Low Risk,1339.94,17.0,65.0,True,High Value,Low Priority
C06753,0.1347900677211851,Low Risk,1287.9,18.0,53.0,True,High Value,Low Priority
C06341,0.1344490361451653,Low Risk,1926.58,16.0,19.0,True,High Value,Low Priority
C06465,0.13433636195089563,Low Risk,769.4399999999999,16.0,74.0,True,High Value,Low Priority
C08533,0.13328601474129712,Low Risk,1177.19,20.0,9.0,True,High Value,Low Priority
C02579,0.1331842451797142,Low Risk,1162.94,20.0,8.0,True,High Value,Low Priority
C04512,0.13256134618498377,Low Risk,2390.37,21.0,13.0,True,High Value,Low Priority
C01874,0.1302901051556348,Low Risk,1445.07,13.0,10.0,True,High Value,Low Priority
C05675,0.12993563125435187,Low Risk,1461.94,17.0,109.0,True,High Value,Low Priority
C03492,0.129229047717089,Low Risk,3264.8700000000003,18.0,7.0,True,High Value,Low Priority
C08651,0.12854005296700483,Low Risk,894.37,17.0,13.0,True,High Value,Low Priority
C08934,0.12642352070518179,Low Risk,726.99,11.0,16.0,True,High Value,Low Priority
C01488,0.1259876407721342,Low Risk,1544.04,19.0,9.0,True,High Value,Low Priority
C04991,0.1257228198738894,Low Risk,1355.72,20.0,67.0,True,High Value,Low Priority
C01278,0.12559275598577513,Low Risk,1750.27,21.0,19.0,True,High Value,Low Priority
C08620,0.12519276296022175,Low Risk,1934.51,23.0,7.0,True,High Value,Low Priority
C02811,0.12419794758708225,Low Risk,392.97,12.0,85.0,True,Lower Value,Low Priority
C05031,0.12277658644893345,Low Risk,774.96,11.0,54.0,True,High Value,Low Priority
C05578,0.12256391847049362,Low Risk,998.23,18.0,8.0,True,High Value,Low Priority
C00948,0.1222754571058307,Low Risk,1066.04,20.0,34.0,True,High Value,Low Priority
C03337,0.12181674523403044,Low Risk,1135.14,22.0,40.0,True,High Value,Low Priority
C06322,0.1216217328823564,Low Risk,1499.51,17.0,43.0,True,High Value,Low Priority
C08095,0.12099202530235603,Low Risk,1369.52,17.0,24.0,True,High Value,Low Priority
C03444,0.11919229458413771,Low Risk,1659.73,19.0,18.0,True,High Value,Low Priority
C07595,0.1179766494829056,Low Risk,1065.6,18.0,125.0,True,High Value,Low Priority
C04246,0.11744705365494633,Low Risk,1357.37,16.0,30.0,True,High Value,Low Priority
C06246,0.11669245162797728,Low Risk,1144.48,17.0,2.0,True,High Value,Low Priority
C04988,0.11599923571377786,Low Risk,1971.15,21.0,12.0,True,High Value,Low Priority
C04762,0.11515613711639028,Low Risk,780.35,14.0,12.0,True,High Value,Low Priority
C00911,0.11514108515032494,Low Risk,806.02,17.0,12.0,True,High Value,Low Priority
C01438,0.11511824936150462,Low Risk,1177.58,18.0,55.0,True,High Value,Low Priority
C09826,0.11389040920879817,Low Risk,1322.71,17.0,46.0,True,High Value,Low Priority
C07946,0.11229840913216371,Low Risk,1180.81,16.0,19.0,True,High Value,Low Priority
C00985,0.11211315341256627,Low Risk,1805.24,20.0,11.0,True,High Value,Low Priority
C04940,0.11208239948533859,Low Risk,1289.55,20.0,28.0,True,High Value,Low Priority
C02043,0.11174497455399457,Low Risk,1169.32,14.0,44.0,True,High Value,Low Priority
C02868,0.11045872265355997,Low Risk,1709.05,17.0,7.0,True,High Value,Low Priority
C02460,0.10895220385632955,Low Risk,2733.21,14.0,82.0,True,High Value,Low Priority
C06118,0.1081059122668119,Low Risk,1384.48,21.0,25.0,True,High Value,Low Priority
C07481,0.10774340922660372,Low Risk,2665.1,18.0,52.0,True,High Value,Low Priority
C08457,0.1076122631502308,Low Risk,1442.35,17.0,5.0,True,High Value,Low Priority
C00197,0.10678949154305258,Low Risk,2813.59,21.0,1.0,True,High Value,Low Priority
C08778,0.1063440100048068,Low Risk,1331.24,21.0,43.0,True,High Value,Low Priority
C06540,0.10587671477673433,Low Risk,644.96,17.0,39.0,True,High Value,Low Priority
C07156,0.10565122466415457,Low Risk,1681.32,21.0,42.0,True,High Value,Low Priority
C09889,0.1054083852022684,Low Risk,1827.13,15.0,97.0,True,High Value,Low Priority
C00853,0.10518408338789112,Low Risk,1036.86,18.0,20.0,True,High Value,Low Priority
C06899,0.10479587568356877,Low Risk,1296.44,23.0,28.0,True,High Value,Low Priority
C02202,0.10474866117016193,Low Risk,641.66,16.0,1.0,True,High Value,Low Priority
C00467,0.10214599317117114,Low Risk,785.35,12.0,30.0,True,High Value,Low Priority
C08351,0.10188732859528453,Low Risk,1630.94,21.0,40.0,True,High Value,Low Priority
C08193,0.10176083218521728,Low Risk,863.9300000000001,19.0,30.0,True,High Value,Low Priority
C06648,0.10161684150297932,Low Risk,1461.19,18.0,8.0,True,High Value,Low Priority
C01556,0.10160237536374847,Low Risk,1710.71,21.0,52.0,True,High Value,Low Priority
C07056,0.09882580623914872,Low Risk,2153.78,13.0,92.0,True,High Value,Low Priority
C06385,0.09759676886927324,Low Risk,1463.49,13.0,8.0,True,High Value,Low Priority
C04898,0.09746214864286895,Low Risk,715.94,16.0,45.0,True,High Value,Low Priority
C02155,0.09534737873645076,Low Risk,1750.45,26.0,73.0,True,High Value,Low Priority
C04029,0.09403838249975528,Low Risk,798.24,14.0,49.0,True,High Value,Low Priority
C08819,0.09322568160897295,Low Risk,2108.55,21.0,65.0,True,High Value,Low Priority
C02403,0.09192145401806202,Low Risk,1625.22,15.0,50.0,True,High Value,Low Priority
C08444,0.09044586022414473,Low Risk,2690.2200000000003,20.0,45.0,True,High Value,Low Priority
C00661,0.09018891937011562,Low Risk,3782.69,18.0,4.0,True,High Value,Low Priority
C06569,0.09010291868548485,Low Risk,1726.29,20.0,17.0,True,High Value,Low Priority
C07417,0.08966123493031261,Low Risk,588.54,16.0,3.0,True,High Value,Low Priority
C07038,0.08939345581854741,Low Risk,1001.02,16.0,1.0,True,High Value,Low Priority
C08491,0.08856282652962197,Low Risk,2100.81,24.0,27.0,True,High Value,Low Priority
C06500,0.08662151445600136,Low Risk,2022.13,20.0,25.0,True,High Value,Low Priority
C01562,0.08620986591834008,Low Risk,1284.9,18.0,64.0,True,High Value,Low Priority
C04884,0.08593645407391864,Low Risk,1540.96,20.0,8.0,True,High Value,Low Priority
C09909,0.08579838416533576,Low Risk,1159.47,18.0,24.0,True,High Value,Low Priority
C00225,0.08384414546361321,Low Risk,3428.1600000000003,19.0,27.0,True,High Value,Low Priority
C08417,0.08196926122442319,Low Risk,1251.31,17.0,15.0,True,High Value,Low Priority
C01664,0.08101235125267303,Low Risk,1152.51,19.0,34.0,True,High Value,Low Priority
C03499,0.08043474135437112,Low Risk,533.8,12.0,83.0,True,High Value,Low Priority
C01149,0.07920692632909541,Low Risk,1143.0,20.0,1.0,True,High Value,Low Priority
C00234,0.07776515871968138,Low Risk,1181.76,17.0,29.0,True,High Value,Low Priority
C01678,0.07736374371030595,Low Risk,1598.38,17.0,55.0,True,High Value,Low Priority
C08901,0.0730294001452205,Low Risk,1639.25,22.0,14.0,True,High Value,Low Priority
C09276,0.07281584340013167,Low Risk,1990.79,30.0,16.0,True,High Value,Low Priority
C02164,0.07150050340398631,Low Risk,1173.24,16.0,45.0,True,High Value,Low Priority
C00279,0.0689238482498823,Low Risk,1833.25,21.0,22.0,True,High Value,Low Priority
C05213,0.06697591602927062,Low Risk,2578.06,21.0,54.0,True,High Value,Low Priority
C00501,0.06244419735119222,Low Risk,2763.73,26.0,1.0,True,High Value,Low Priority
C02949,0.05954011373176534,Low Risk,3110.01,24.0,81.0,True,High Value,Low Priority
C04273,0.052786213874264534,Low Risk,4122.76,21.0,20.0,True,High Value,Low Priority
C03477,0.04415128749829501,Low Risk,1869.92,16.0,51.0,True,High Value,Low Priority
C05846,0.041764832091050315,Low Risk,2278.46,27.0,56.0,True,High Value,Low Priority
C01453,0.037509722989252446,Low Risk,1343.22,22.0,56.0,True,High Value,Low Priority
C01831,0.7987470529422812,High Risk,0.0,0.0,,False,No Purchase,Reactivation / Acquisition
C02920,0.7841841720534056,High Risk,0.0,0.0,,False,No Purchase,Reactivation / Acquisition
C05282,0.7826665015191341,High Risk,0.0,0.0,,False,No Purchase,Reactivation / Acquisition
C03631,0.7708838539058516,High Risk,0.0,0.0,,False,No Purchase,Reactivation / Acquisition
C08069,0.7698237644699293,High Risk,0.0,0.0,,False,No Purchase,Reactivation / Acquisition
C05869,0.7660680080393772,High Risk,0.0,0.0,,False,No Purchase,Reactivation / Acquisition
C04172,0.7617062496205274,High Risk,0.0,0.0,,False,No Purchase,Reactivation / Acquisition
C09048,0.7607855439004031,High Risk,0.0,0.0,,False,No Purchase,Reactivation / Acquisition
C06735,0.7595890790661678,High Risk,0.0,0.0,,False,No Purchase,Reactivation / Acquisition
C09413,0.7552675000046654,High Risk,0.0,0.0,,False,No Purchase,Reactivation / Acquisition
C06981,0.7537025451108795,High Risk,0.0,0.0,,False,No Purchase,Reactivation / Acquisition
C09814,0.7517708662591241,High Risk,0.0,0.0,,False,No Purchase,Reactivation / Acquisition
C04492,0.7439035912214859,High Risk,0.0,0.0,,False,No Purchase,Reactivation / Acquisition
C06372,0.7428528571694996,High Risk,0.0,0.0,,False,No Purchase,Reactivation / Acquisition
C03783,0.7425587147249599,High Risk,0.0,0.0,,False,No Purchase,Reactivation / Acquisition
C01762,0.7419501440031653,High Risk,0.0,0.0,,False,No Purchase,Reactivation / Acquisition
C08622,0.7388343371455542,High Risk,0.0,0.0,,False,No Purchase,Reactivation / Acquisition
C04008,0.7365881608950813,High Risk,0.0,0.0,,False,No Purchase,Reactivation / Acquisition
C04142,0.7364194560759728,High Risk,0.0,0.0,,False,No Purchase,Reactivation / Acquisition
C01084,0.7357276361424967,High Risk,0.0,0.0,,False,No Purchase,Reactivation / Acquisition
C07317,0.734347320300174,High Risk,0.0,0.0,,False,No Purchase,Reactivation / Acquisition
C02906,0.7333285392810182,High Risk,0.0,0.0,,False,No Purchase,Reactivation / Acquisition
C09589,0.7315419945074043,High Risk,0.0,0.0,,False,No Purchase,Reactivation / Acquisition
C06607,0.7305438127956567,High Risk,0.0,0.0,,False,No Purchase,Reactivation / Acquisition
C03512,0.727136453540305,High Risk,0.0,0.0,,False,No Purchase,Reactivation / Acquisition
C06642,0.7205017999014166,High Risk,0.0,0.0,,False,No Purchase,Reactivation / Acquisition
C07406,0.7134185929145154,High Risk,0.0,0.0,,False,No Purchase,Reactivation / Acquisition
C06084,0.7106110585368421,High Risk,0.0,0.0,,False,No Purchase,Reactivation / Acquisition
C01910,0.7102939466938362,High Risk,0.0,0.0,,False,No Purchase,Reactivation / Acquisition
C07077,0.708920117603853,High Risk,0.0,0.0,,False,No Purchase,Reactivation / Acquisition
C03885,0.7072024797968506,High Risk,0.0,0.0,,False,No Purchase,Reactivation / Acquisition
C02604,0.7012084541460422,High Risk,0.0,0.0,,False,No Purchase,Reactivation / Acquisition
C07530,0.6979384195256682,Medium Risk,0.0,0.0,,False,No Purchase,Reactivation / Acquisition
C09873,0.6964081998525361,Medium Risk,0.0,0.0,,False,No Purchase,Reactivation / Acquisition
C08693,0.6903243777615816,Medium Risk,0.0,0.0,,False,No Purchase,Reactivation / Acquisition
C03509,0.6903191172725508,Medium Risk,0.0,0.0,,False,No Purchase,Reactivation / Acquisition
C03491,0.6894911902110221,Medium Risk,0.0,0.0,,False,No Purchase,Reactivation / Acquisition
C01989,0.6882784027705465,Medium Risk,0.0,0.0,,False,No Purchase,Reactivation / Acquisition
C06047,0.6864574841928709,Medium Risk,0.0,0.0,,False,No Purchase,Reactivation / Acquisition
C06429,0.6710494199617878,Medium Risk,0.0,0.0,,False,No Purchase,Reactivation / Acquisition
C00967,0.6710203976046932,Medium Risk,0.0,0.0,,False,No Purchase,Reactivation / Acquisition
C04493,0.6710195548600133,Medium Risk,0.0,0.0,,False,No Purchase,Reactivation / Acquisition
C09459,0.6676901768495236,Medium Risk,0.0,0.0,,False,No Purchase,Reactivation / Acquisition
C05562,0.6665280052564957,Medium Risk,0.0,0.0,,False,No Purchase,Reactivation / Acquisition
C02101,0.6659062804516584,Medium Risk,0.0,0.0,,False,No Purchase,Reactivation / Acquisition
C04146,0.6623993500316292,Medium Risk,0.0,0.0,,False,No Purchase,Reactivation / Acquisition
C04941,0.6577094271017914,Medium Risk,0.0,0.0,,False,No Purchase,Reactivation / Acquisition
C04409,0.6575134733266522,Medium Risk,0.0,0.0,,False,No Purchase,Reactivation / Acquisition
C04889,0.6532470529751291,Medium Risk,0.0,0.0,,False,No Purchase,Reactivation / Acquisition
C04954,0.6508722576871553,Medium Risk,0.0,0.0,,False,No Purchase,Reactivation / Acquisition
C02658,0.6492285991745701,Medium Risk,0.0,0.0,,False,No Purchase,Reactivation / Acquisition
C04796,0.6376019123675227,Medium Risk,0.0,0.0,,False,No Purchase,Reactivation / Acquisition
C05540,0.6200882877825743,Medium Risk,0.0,0.0,,False,No Purchase,Reactivation / Acquisition
C04778,0.6062077697488079,Medium Risk,0.0,0.0,,False,No Purchase,Reactivation / Acquisition
C06270,0.5976952222006858,Medium Risk,0.0,0.0,,False,No Purchase,Reactivation / Acquisition
