customer_id,cluster,business_segment,recency_days,frequency,monetary
C00000,1,Champions,5.0,18.0,706.65
C00001,2,Potential Loyalists,8.0,5.0,244.64
C00002,4,Loyal Customers,171.0,16.0,1104.66
C00003,1,Champions,8.0,15.0,695.06
C00004,3,Dormant / Low Value,258.0,2.0,148.32000000000002
C00005,-1,No Purchase,,0.0,0.0
C00006,1,Champions,7.0,10.0,355.74
C00007,2,Potential Loyalists,49.0,4.0,630.35
C00008,4,Loyal Customers,71.0,7.0,625.72
C00009,1,Champions,17.0,11.0,402.02
C00010,1,Champions,3.0,8.0,912.62
C00011,1,Champions,30.0,12.0,652.5
C00012,3,Dormant / Low Value,454.0,2.0,127.82
C00013,1,Champions,8.0,10.0,611.91
C00014,0,At Risk,134.0,6.0,431.25
C00015,4,Loyal Customers,56.0,6.0,549.11
C00016,2,Potential Loyalists,9.0,7.0,252.93
C00017,0,At Risk,127.0,5.0,196.45
C00018,4,Loyal Customers,49.0,14.0,1342.73
C00019,0,At Risk,273.0,7.0,183.88
C00020,4,Loyal Customers,101.0,12.0,465.42
C00021,2,Potential Loyalists,8.0,8.0,516.44
C00022,0,At Risk,66.0,3.0,96.19
C00023,1,Champions,41.0,21.0,1938.59
C00024,1,Champions,31.0,7.0,1819.61
C00025,3,Dormant / Low Value,700.0,1.0,37.11
C00026,4,Loyal Customers,57.0,7.0,487.47
C00027,0,At Risk,247.0,4.0,183.53
C00028,3,Dormant / Low Value,486.0,1.0,46.08
C00029,0,At Risk,97.0,4.0,117.77
C00030,4,Loyal Customers,35.0,8.0,945.8
C00031,3,Dormant / Low Value,307.0,1.0,97.42
C00032,1,Champions,8.0,8.0,643.63
C00033,4,Loyal Customers,39.0,7.0,550.47
C00034,0,At Risk,161.0,3.0,280.58000000000004
C00035,3,Dormant / Low Value,201.0,2.0,76.5
C00036,0,At Risk,164.0,3.0,436.13
C00037,0,At Risk,244.0,7.0,442.49
C00038,0,At Risk,80.0,4.0,177.57000000000002
C00039,4,Loyal Customers,258.0,10.0,494.49
C00040,1,Champions,33.0,12.0,700.65
C00041,2,Potential Loyalists,18.0,7.0,253.53
C00042,4,Loyal Customers,40.0,9.0,929.19
C00043,0,At Risk,118.0,5.0,351.91
C00044,4,Loyal Customers,26.0,9.0,502.23
C00045,2,Potential Loyalists,60.0,7.0,151.06
C00046,2,Potential Loyalists,17.0,3.0,189.47000000000003
C00047,2,Potential Loyalists,4.0,3.0,237.67
C00048,4,Loyal Customers,158.0,17.0,1120.32
C00049,0,At Risk,201.0,5.0,487.79
C00050,3,Dormant / Low Value,16.0,2.0,17.96
C00051,2,Potential Loyalists,28.0,6.0,482.38
C00052,0,At Risk,184.0,5.0,402.89
C00053,4,Loyal Customers,128.0,6.0,696.71
C00054,1,Champions,31.0,10.0,893.0
C00055,0,At Risk,158.0,7.0,358.91
C00056,4,Loyal Customers,169.0,9.0,1074.21
C00057,0,At Risk,286.0,4.0,165.5
C00058,4,Loyal Customers,96.0,8.0,358.17
C00059,3,Dormant / Low Value,198.0,2.0,130.67
C00060,4,Loyal Customers,93.0,12.0,871.1500000000001
C00061,0,At Risk,91.0,7.0,291.08000000000004
C00062,0,At Risk,141.0,6.0,373.82
C00063,0,At Risk,226.0,4.0,130.51
C00064,2,Potential Loyalists,44.0,4.0,381.72
C00065,4,Loyal Customers,117.0,9.0,627.96
C00066,3,Dormant / Low Value,340.0,1.0,19.71
C00067,2,Potential Loyalists,35.0,9.0,328.76
C00068,3,Dormant / Low Value,340.0,1.0,21.68
C00069,2,Potential Loyalists,52.0,5.0,335.32
C00070,0,At Risk,80.0,4.0,296.95
C00071,4,Loyal Customers,88.0,10.0,452.11
C00072,1,Champions,25.0,17.0,1427.9599999999998
C00073,3,Dormant / Low Value,76.0,2.0,94.67
C00074,0,At Risk,436.0,2.0,425.14
C00075,0,At Risk,306.0,6.0,190.37
C00076,2,Potential Loyalists,18.0,4.0,221.73
C00077,2,Potential Loyalists,26.0,6.0,325.41
C00078,4,Loyal Customers,108.0,9.0,571.77
C00079,2,Potential Loyalists,33.0,5.0,728.27
C00080,4,Loyal Customers,86.0,12.0,1007.57
C00081,4,Loyal Customers,119.0,6.0,524.58
C00082,4,Loyal Customers,159.0,13.0,553.92
C00083,3,Dormant / Low Value,572.0,2.0,135.38
C00084,-1,No Purchase,,0.0,0.0
C00085,4,Loyal Customers,75.0,7.0,514.33
C00086,4,Loyal Customers,61.0,9.0,390.96
C00087,4,Loyal Customers,256.0,6.0,757.0
C00088,0,At Risk,57.0,2.0,1064.66
C00089,1,Champions,10.0,8.0,685.12
C00090,3,Dormant / Low Value,238.0,1.0,24.47
C00091,0,At Risk,238.0,6.0,293.55
C00092,4,Loyal Customers,40.0,10.0,269.54
C00093,1,Champions,5.0,9.0,602.24
C00094,0,At Risk,294.0,7.0,517.5
C00095,4,Loyal Customers,38.0,7.0,579.98
C00096,2,Potential Loyalists,28.0,5.0,368.73
C00097,3,Dormant / Low Value,183.0,2.0,62.5
C00098,0,At Risk,284.0,3.0,156.87
C00099,-1,No Purchase,,0.0,0.0
C00100,4,Loyal Customers,91.0,16.0,942.17
C00101,1,Champions,20.0,13.0,1251.48
C00102,0,At Risk,476.0,2.0,303.79
C00103,3,Dormant / Low Value,189.0,1.0,79.32
C00104,4,Loyal Customers,70.0,11.0,1339.63
C00105,2,Potential Loyalists,13.0,7.0,635.62
C00106,0,At Risk,197.0,4.0,131.24
C00107,0,At Risk,77.0,4.0,205.06
C00108,3,Dormant / Low Value,393.0,2.0,53.760000000000005
C00109,1,Champions,60.0,17.0,2538.77
C00110,0,At Risk,136.0,4.0,274.17
C00111,-1,No Purchase,,0.0,0.0
C00112,2,Potential Loyalists,15.0,7.0,291.8
C00113,4,Loyal Customers,81.0,10.0,362.15
C00114,0,At Risk,255.0,4.0,120.8
C00115,4,Loyal Customers,208.0,11.0,679.28
C00116,0,At Risk,90.0,4.0,338.06
C00117,4,Loyal Customers,52.0,15.0,696.41
C00118,1,Champions,14.0,9.0,560.43
C00119,4,Loyal Customers,189.0,9.0,762.6700000000001
C00120,2,Potential Loyalists,33.0,3.0,268.62
C00121,4,Loyal Customers,105.0,9.0,1000.7
C00122,0,At Risk,243.0,2.0,192.58
C00123,2,Potential Loyalists,10.0,8.0,476.37
C00124,2,Potential Loyalists,33.0,6.0,392.76
C00125,4,Loyal Customers,62.0,10.0,350.53
C00126,0,At Risk,113.0,6.0,236.69
C00127,3,Dormant / Low Value,166.0,2.0,78.3
C00128,3,Dormant / Low Value,339.0,1.0,25.71
C00129,3,Dormant / Low Value,594.0,1.0,133.18
C00130,3,Dormant / Low Value,640.0,2.0,70.62
C00131,1,Champions,48.0,15.0,1853.42
C00132,4,Loyal Customers,109.0,6.0,542.69
C00133,4,Loyal Customers,109.0,9.0,512.17
C00134,1,Champions,10.0,10.0,451.51
C00135,3,Dormant / Low Value,218.0,1.0,11.06
C00136,3,Dormant / Low Value,177.0,1.0,8.96
C00137,0,At Risk,127.0,6.0,405.47
C00138,1,Champions,19.0,11.0,766.3299999999999
C00139,3,Dormant / Low Value,403.0,1.0,38.84
C00140,4,Loyal Customers,85.0,9.0,928.18
C00141,2,Potential Loyalists,19.0,9.0,395.37
C00142,4,Loyal Customers,67.0,17.0,1109.78
C00143,4,Loyal Customers,170.0,7.0,494.45
C00144,4,Loyal Customers,48.0,9.0,899.48
C00145,0,At Risk,377.0,4.0,175.92
C00146,4,Loyal Customers,59.0,11.0,808.11
C00147,1,Champions,10.0,13.0,1042.04
C00148,2,Potential Loyalists,27.0,6.0,900.81
C00149,3,Dormant / Low Value,79.0,2.0,15.169999999999998
C00150,0,At Risk,323.0,3.0,287.46000000000004
C00151,4,Loyal Customers,45.0,10.0,1020.9
C00152,0,At Risk,368.0,2.0,266.13
C00153,0,At Risk,172.0,4.0,186.38
C00154,0,At Risk,76.0,5.0,213.27
C00155,1,Champions,10.0,12.0,1044.9
C00156,0,At Risk,460.0,2.0,348.04
C00157,4,Loyal Customers,89.0,8.0,488.24
C00158,4,Loyal Customers,39.0,9.0,1106.86
C00159,4,Loyal Customers,160.0,11.0,895.31
C00160,0,At Risk,87.0,2.0,169.22
C00161,1,Champions,29.0,18.0,903.66
C00162,0,At Risk,265.0,4.0,378.84
C00163,3,Dormant / Low Value,330.0,2.0,134.31
C00164,0,At Risk,100.0,5.0,244.97
C00165,3,Dormant / Low Value,600.0,2.0,40.3
C00166,1,Champions,14.0,10.0,532.18
C00167,4,Loyal Customers,146.0,9.0,1272.21
C00168,4,Loyal Customers,100.0,10.0,628.6600000000001
C00169,0,At Risk,636.0,1.0,904.75
C00170,3,Dormant / Low Value,172.0,1.0,33.25
C00171,4,Loyal Customers,57.0,12.0,883.6800000000001
C00172,3,Dormant / Low Value,199.0,2.0,132.42
C00173,4,Loyal Customers,52.0,15.0,822.97
C00174,0,At Risk,228.0,4.0,190.96
C00175,0,At Risk,92.0,4.0,218.58
C00176,0,At Risk,249.0,7.0,308.5
C00177,-1,No Purchase,,0.0,0.0
C00178,1,Champions,19.0,20.0,2536.73
C00179,4,Loyal Customers,88.0,7.0,528.76
C00180,1,Champions,23.0,17.0,1878.78
C00181,1,Champions,47.0,17.0,1811.08
C00182,2,Potential Loyalists,10.0,5.0,333.26
C00183,2,Potential Loyalists,18.0,6.0,240.11
C00184,4,Loyal Customers,225.0,9.0,398.43
C00185,4,Loyal Customers,51.0,10.0,482.11
C00186,4,Loyal Customers,62.0,11.0,1529.13
C00187,2,Potential Loyalists,46.0,4.0,527.62
C00188,2,Potential Loyalists,7.0,8.0,334.48
C00189,0,At Risk,146.0,4.0,227.81
C00190,4,Loyal Customers,327.0,14.0,2132.21
C00191,0,At Risk,60.0,3.0,347.88
C00192,3,Dormant / Low Value,540.0,1.0,6.58
C00193,4,Loyal Customers,50.0,9.0,337.86
C00194,4,Loyal Customers,178.0,6.0,677.5699999999999
C00195,-1,No Purchase,,0.0,0.0
C00196,3,Dormant / Low Value,415.0,1.0,168.25
C00197,1,Champions,1.0,21.0,2813.59
C00198,2,Potential Loyalists,31.0,5.0,299.57
C00199,1,Champions,21.0,9.0,594.24
C00200,1,Champions,12.0,15.0,767.95
C00201,3,Dormant / Low Value,235.0,1.0,67.58
C00202,2,Potential Loyalists,29.0,7.0,523.7900000000001
C00203,3,Dormant / Low Value,264.0,2.0,110.36
C00204,2,Potential Loyalists,42.0,3.0,335.45
C00205,3,Dormant / Low Value,427.0,2.0,107.93
C00206,0,At Risk,447.0,3.0,158.96
C00207,1,Champions,13.0,10.0,710.03
C00208,0,At Risk,118.0,5.0,238.96
C00209,2,Potential Loyalists,29.0,4.0,147.39
C00210,4,Loyal Customers,142.0,8.0,659.45
C00211,2,Potential Loyalists,49.0,5.0,467.19
C00212,0,At Risk,68.0,4.0,590.91
C00213,1,Champions,16.0,10.0,519.47
C00214,1,Champions,17.0,13.0,814.72
C00215,4,Loyal Customers,131.0,10.0,281.35
C00216,0,At Risk,154.0,3.0,211.25
C00217,2,Potential Loyalists,51.0,4.0,490.86
C00218,1,Champions,32.0,22.0,2134.53
C00219,4,Loyal Customers,138.0,8.0,410.74
C00220,0,At Risk,146.0,4.0,109.43
C00221,2,Potential Loyalists,51.0,6.0,284.94
C00222,0,At Risk,177.0,7.0,424.88
C00223,0,At Risk,233.0,4.0,231.5
C00224,3,Dormant / Low Value,29.0,1.0,40.46
C00225,1,Champions,27.0,19.0,3428.1600000000003
C00226,0,At Risk,104.0,4.0,158.32
C00227,4,Loyal Customers,38.0,6.0,2001.43
C00228,4,Loyal Customers,106.0,8.0,309.33000000000004
C00229,0,At Risk,270.0,3.0,208.65
C00230,3,Dormant / Low Value,242.0,1.0,27.54
C00231,4,Loyal Customers,44.0,13.0,1119.41
C00232,-1,No Purchase,,0.0,0.0
C00233,0,At Risk,260.0,7.0,165.17
C00234,1,Champions,29.0,17.0,1181.76
C00235,4,Loyal Customers,99.0,6.0,738.66
C00236,2,Potential Loyalists,34.0,6.0,617.05
C00237,0,At Risk,221.0,5.0,212.78
C00238,0,At Risk,99.0,4.0,210.3
C00239,3,Dormant / Low Value,434.0,1.0,53.83
C00240,1,Champions,22.0,12.0,1870.72
C00241,2,Potential Loyalists,15.0,6.0,280.97
C00242,2,Potential Loyalists,1.0,6.0,638.85
C00243,2,Potential Loyalists,2.0,7.0,176.20999999999998
C00244,2,Potential Loyalists,49.0,6.0,415.69
C00245,4,Loyal Customers,65.0,17.0,1339.94
C00246,2,Potential Loyalists,18.0,2.0,271.89
C00247,4,Loyal Customers,84.0,6.0,572.19
C00248,0,At Risk,128.0,5.0,144.37
C00249,0,At Risk,170.0,5.0,262.4
C00250,4,Loyal Customers,163.0,7.0,492.21
C00251,1,Champions,17.0,17.0,1544.5
C00252,2,Potential Loyalists,26.0,7.0,674.47
C00253,0,At Risk,357.0,2.0,472.47
C00254,0,At Risk,76.0,6.0,252.42
C00255,1,Champions,27.0,15.0,1627.85
C00256,4,Loyal Customers,76.0,13.0,562.39
C00257,0,At Risk,361.0,3.0,130.95
C00258,0,At Risk,151.0,4.0,338.36
C00259,1,Champions,1.0,8.0,841.85
C00260,0,At Risk,104.0,4.0,238.29
C00261,2,Potential Loyalists,6.0,4.0,131.97
C00262,0,At Risk,215.0,5.0,629.5200000000001
C00263,3,Dormant / Low Value,289.0,2.0,41.51
C00264,4,Loyal Customers,59.0,11.0,1218.61
C00265,0,At Risk,271.0,3.0,116.57
C00266,2,Potential Loyalists,25.0,5.0,174.54
C00267,2,Potential Loyalists,16.0,6.0,226.55
C00268,0,At Risk,389.0,2.0,307.66
C00269,3,Dormant / Low Value,89.0,2.0,103.7
C00270,2,Potential Loyalists,23.0,3.0,247.03
C00271,0,At Risk,75.0,4.0,110.9
C00272,4,Loyal Customers,142.0,7.0,606.97
C00273,4,Loyal Customers,97.0,9.0,566.6
C00274,4,Loyal Customers,40.0,10.0,401.56
C00275,0,At Risk,171.0,5.0,143.73000000000002
C00276,4,Loyal Customers,64.0,7.0,522.94
C00277,4,Loyal Customers,60.0,12.0,1685.27
C00278,1,Champions,30.0,20.0,1259.8
C00279,1,Champions,22.0,21.0,1833.25
C00280,0,At Risk,115.0,3.0,280.35
C00281,0,At Risk,79.0,4.0,237.25
C00282,0,At Risk,575.0,3.0,255.96
C00283,3,Dormant / Low Value,237.0,1.0,166.55
C00284,4,Loyal Customers,167.0,6.0,678.51
C00285,4,Loyal Customers,68.0,8.0,474.81
C00286,3,Dormant / Low Value,238.0,2.0,65.58
C00287,4,Loyal Customers,120.0,9.0,393.51
C00288,0,At Risk,99.0,5.0,86.81
C00289,3,Dormant / Low Value,727.0,1.0,19.82
C00290,4,Loyal Customers,168.0,7.0,681.69
C00291,3,Dormant / Low Value,263.0,2.0,69.36
C00292,4,Loyal Customers,118.0,14.0,453.38
C00293,0,At Risk,233.0,3.0,311.56
C00294,4,Loyal Customers,117.0,10.0,478.93
C00295,1,Champions,34.0,14.0,1052.76
C00296,3,Dormant / Low Value,442.0,1.0,34.25
C00297,4,Loyal Customers,103.0,8.0,342.01
C00298,4,Loyal Customers,83.0,13.0,1148.56
C00299,2,Potential Loyalists,23.0,4.0,142.57999999999998
C00300,1,Champions,9.0,14.0,479.39
C00301,3,Dormant / Low Value,241.0,1.0,23.73
C00302,4,Loyal Customers,31.0,6.0,861.41
C00303,0,At Risk,433.0,3.0,287.26
C00304,1,Champions,31.0,21.0,1174.0
C00305,3,Dormant / Low Value,407.0,3.0,91.6
C00306,4,Loyal Customers,29.0,8.0,569.22
C00307,0,At Risk,210.0,5.0,147.73
C00308,2,Potential Loyalists,44.0,4.0,218.19
C00309,0,At Risk,167.0,3.0,258.94
C00310,4,Loyal Customers,30.0,9.0,572.6800000000001
C00311,4,Loyal Customers,262.0,10.0,591.76
C00312,2,Potential Loyalists,1.0,2.0,175.94
C00313,0,At Risk,73.0,7.0,130.93
C00314,2,Potential Loyalists,12.0,7.0,210.91
C00315,4,Loyal Customers,72.0,9.0,621.5
C00316,2,Potential Loyalists,5.0,8.0,348.71
C00317,4,Loyal Customers,54.0,8.0,511.6
C00318,3,Dormant / Low Value,625.0,1.0,26.26
C00319,1,Champions,2.0,15.0,777.45
C00320,1,Champions,5.0,16.0,1070.67
C00321,0,At Risk,78.0,5.0,156.32
C00322,2,Potential Loyalists,24.0,6.0,483.5
C00323,4,Loyal Customers,186.0,7.0,488.77
C00324,1,Champions,5.0,17.0,1764.62
C00325,1,Champions,17.0,11.0,1145.85
C00326,4,Loyal Customers,99.0,13.0,1168.26
C00327,2,Potential Loyalists,43.0,4.0,551.37
C00328,2,Potential Loyalists,10.0,5.0,683.48
C00329,0,At Risk,249.0,3.0,206.44
C00330,4,Loyal Customers,86.0,8.0,396.0
C00331,0,At Risk,290.0,5.0,306.69
C00332,0,At Risk,167.0,5.0,366.61
C00333,1,Champions,45.0,18.0,1693.44
C00334,3,Dormant / Low Value,115.0,2.0,76.6
C00335,3,Dormant / Low Value,517.0,1.0,27.54
C00336,0,At Risk,129.0,4.0,651.81
C00337,0,At Risk,137.0,4.0,195.54
C00338,3,Dormant / Low Value,336.0,2.0,40.63
C00339,1,Champions,34.0,16.0,1226.47
C00340,2,Potential Loyalists,54.0,5.0,434.81000000000006
C00341,-1,No Purchase,,0.0,0.0
C00342,1,Champions,17.0,12.0,779.58
C00343,4,Loyal Customers,62.0,6.0,442.7
C00344,1,Champions,18.0,12.0,1080.37
C00345,1,Champions,5.0,12.0,2331.7200000000003
C00346,1,Champions,5.0,21.0,3286.52
C00347,2,Potential Loyalists,15.0,6.0,125.15
C00348,4,Loyal Customers,87.0,7.0,602.5899999999999
C00349,3,Dormant / Low Value,359.0,3.0,86.17
C00350,2,Potential Loyalists,4.0,6.0,655.11
C00351,0,At Risk,69.0,4.0,340.86
C00352,1,Champions,1.0,11.0,1785.41
C00353,4,Loyal Customers,95.0,6.0,707.9699999999999
C00354,4,Loyal Customers,44.0,10.0,707.8299999999999
C00355,0,At Risk,176.0,6.0,451.13
C00356,4,Loyal Customers,90.0,10.0,704.27
C00357,0,At Risk,200.0,6.0,366.98
C00358,0,At Risk,261.0,7.0,197.04
C00359,4,Loyal Customers,40.0,9.0,1093.42
C00360,4,Loyal Customers,79.0,15.0,1020.03
C00361,0,At Risk,243.0,5.0,545.39
C00362,3,Dormant / Low Value,170.0,2.0,111.74
C00363,0,At Risk,207.0,6.0,417.62
C00364,1,Champions,13.0,11.0,768.86
C00365,4,Loyal Customers,47.0,6.0,605.41
C00366,0,At Risk,406.0,3.0,603.14
C00367,1,Champions,7.0,13.0,1021.84
C00368,0,At Risk,327.0,6.0,698.62
C00369,1,Champions,2.0,26.0,4138.389999999999
C00370,4,Loyal Customers,58.0,6.0,635.1
C00371,3,Dormant / Low Value,261.0,1.0,58.49
C00372,4,Loyal Customers,99.0,8.0,1227.81
C00373,0,At Risk,549.0,3.0,219.23
C00374,2,Potential Loyalists,11.0,4.0,103.22
C00375,0,At Risk,370.0,4.0,412.91
C00376,4,Loyal Customers,45.0,15.0,680.12
C00377,0,At Risk,113.0,5.0,252.94
C00378,4,Loyal Customers,84.0,8.0,762.5600000000001
C00379,1,Champions,11.0,12.0,1762.5
C00380,0,At Risk,259.0,5.0,445.2
C00381,1,Champions,7.0,21.0,1354.12
C00382,4,Loyal Customers,41.0,12.0,443.41
C00383,1,Champions,20.0,8.0,992.53
C00384,2,Potential Loyalists,52.0,4.0,307.02
C00385,3,Dormant / Low Value,334.0,1.0,119.11
C00386,0,At Risk,158.0,4.0,801.3299999999999
C00387,3,Dormant / Low Value,310.0,2.0,107.82
C00388,4,Loyal Customers,54.0,5.0,1723.0
C00389,1,Champions,11.0,13.0,1270.05
C00390,4,Loyal Customers,174.0,12.0,898.36
C00391,0,At Risk,231.0,4.0,858.4000000000001
C00392,2,Potential Loyalists,3.0,7.0,451.12
C00393,1,Champions,25.0,10.0,500.89
C00394,3,Dormant / Low Value,150.0,1.0,53.97
C00395,0,At Risk,180.0,3.0,162.63
C00396,2,Potential Loyalists,13.0,5.0,404.7
C00397,3,Dormant / Low Value,166.0,1.0,35.6
C00398,0,At Risk,214.0,6.0,432.41
C00399,1,Champions,8.0,12.0,1272.48
C00400,4,Loyal Customers,99.0,9.0,934.28
C00401,4,Loyal Customers,74.0,14.0,1232.5
C00402,4,Loyal Customers,155.0,12.0,710.34
C00403,3,Dormant / Low Value,679.0,1.0,29.88
C00404,3,Dormant / Low Value,54.0,1.0,106.44
C00405,4,Loyal Customers,110.0,18.0,1165.29
C00406,2,Potential Loyalists,16.0,6.0,194.02
C00407,4,Loyal Customers,45.0,13.0,1355.68
C00408,2,Potential Loyalists,18.0,7.0,515.95
C00409,0,At Risk,60.0,3.0,150.75
C00410,4,Loyal Customers,47.0,10.0,1057.02
C00411,4,Loyal Customers,99.0,11.0,955.84
C00412,4,Loyal Customers,94.0,7.0,489.19
C00413,4,Loyal Customers,77.0,18.0,1420.61
C00414,2,Potential Loyalists,6.0,4.0,176.62
C00415,3,Dormant / Low Value,299.0,2.0,119.12
C00416,3,Dormant / Low Value,684.0,1.0,41.29
C00417,1,Champions,37.0,14.0,775.11
C00418,0,At Risk,163.0,3.0,351.87
C00419,1,Champions,52.0,18.0,1901.4
C00420,4,Loyal Customers,45.0,10.0,1554.21
C00421,3,Dormant / Low Value,376.0,1.0,63.78
C00422,-1,No Purchase,,0.0,0.0
C00423,3,Dormant / Low Value,270.0,2.0,147.62
C00424,0,At Risk,160.0,3.0,138.59
C00425,1,Champions,19.0,14.0,1260.93
C00426,0,At Risk,103.0,6.0,159.5
C00427,4,Loyal Customers,103.0,9.0,566.53
C00428,0,At Risk,76.0,2.0,155.98000000000002
C00429,4,Loyal Customers,96.0,10.0,343.63
C00430,4,Loyal Customers,224.0,16.0,1047.36
C00431,4,Loyal Customers,47.0,14.0,930.74
C00432,2,Potential Loyalists,32.0,8.0,208.67
C00433,4,Loyal Customers,60.0,12.0,661.69
C00434,0,At Risk,395.0,4.0,233.35
C00435,2,Potential Loyalists,51.0,5.0,238.18
C00436,2,Potential Loyalists,36.0,2.0,145.62
C00437,2,Potential Loyalists,28.0,5.0,221.03
C00438,4,Loyal Customers,73.0,7.0,395.4
C00439,4,Loyal Customers,50.0,7.0,749.47
C00440,1,Champions,45.0,21.0,1330.18
C00441,0,At Risk,68.0,4.0,341.62
C00442,4,Loyal Customers,50.0,9.0,343.82
C00443,0,At Risk,304.0,3.0,156.59
C00444,0,At Risk,123.0,4.0,259.14
C00445,2,Potential Loyalists,8.0,3.0,1028.6
C00446,0,At Risk,261.0,3.0,832.81
C00447,4,Loyal Customers,78.0,8.0,329.06
C00448,0,At Risk,380.0,3.0,224.92
C00449,4,Loyal Customers,39.0,9.0,761.16
C00450,3,Dormant / Low Value,485.0,1.0,237.57
C00451,1,Champions,13.0,15.0,947.44
C00452,4,Loyal Customers,43.0,8.0,532.79
C00453,3,Dormant / Low Value,277.0,2.0,43.03
C00454,3,Dormant / Low Value,450.0,1.0,38.11
C00455,0,At Risk,73.0,3.0,391.59
C00456,3,Dormant / Low Value,198.0,1.0,17.21
C00457,4,Loyal Customers,50.0,9.0,724.76
C00458,4,Loyal Customers,97.0,11.0,899.4200000000001
C00459,3,Dormant / Low Value,566.0,2.0,75.66
C00460,2,Potential Loyalists,34.0,4.0,125.69
C00461,0,At Risk,667.0,1.0,1006.26
C00462,1,Champions,17.0,15.0,3421.04
C00463,4,Loyal Customers,125.0,6.0,562.71
C00464,0,At Risk,59.0,5.0,309.46000000000004
C00465,4,Loyal Customers,176.0,6.0,751.1800000000001
C00466,4,Loyal Customers,87.0,13.0,745.37
C00467,1,Champions,30.0,12.0,785.35
C00468,0,At Risk,159.0,2.0,405.6
C00469,4,Loyal Customers,44.0,9.0,746.47
C00470,2,Potential Loyalists,18.0,6.0,756.69
C00471,3,Dormant / Low Value,313.0,3.0,102.49
C00472,3,Dormant / Low Value,112.0,1.0,43.06
C00473,3,Dormant / Low Value,471.0,1.0,10.33
C00474,0,At Risk,572.0,2.0,303.7
C00475,0,At Risk,235.0,6.0,622.8199999999999
C00476,4,Loyal Customers,208.0,9.0,348.06
C00477,0,At Risk,163.0,4.0,87.75
C00478,3,Dormant / Low Value,288.0,3.0,88.82000000000001
C00479,0,At Risk,97.0,6.0,382.96
C00480,4,Loyal Customers,95.0,9.0,1970.73
C00481,3,Dormant / Low Value,321.0,1.0,20.02
C00482,1,Champions,2.0,9.0,639.4
C00483,0,At Risk,70.0,3.0,213.8
C00484,2,Potential Loyalists,8.0,5.0,496.04
C00485,4,Loyal Customers,69.0,9.0,1618.0500000000002
C00486,0,At Risk,270.0,4.0,95.15
C00487,-1,No Purchase,,0.0,0.0
C00488,2,Potential Loyalists,59.0,6.0,355.97
C00489,0,At Risk,107.0,5.0,176.55
C00490,1,Champions,32.0,11.0,806.88
C00491,4,Loyal Customers,219.0,6.0,1631.43
C00492,4,Loyal Customers,75.0,9.0,782.04
C00493,4,Loyal Customers,142.0,11.0,506.09
C00494,4,Loyal Customers,112.0,13.0,988.39
C00495,4,Loyal Customers,153.0,9.0,524.98
C00496,2,Potential Loyalists,37.0,5.0,445.04
C00497,4,Loyal Customers,77.0,9.0,819.89
C00498,2,Potential Loyalists,4.0,5.0,639.3900000000001
C00499,0,At Risk,74.0,4.0,112.46
C00500,1,Champions,17.0,13.0,618.63
C00501,1,Champions,1.0,26.0,2763.73
C00502,1,Champions,44.0,22.0,749.3
C00503,2,Potential Loyalists,11.0,6.0,553.78
C00504,2,Potential Loyalists,34.0,6.0,181.85
C00505,1,Champions,24.0,9.0,1122.6799999999998
C00506,1,Champions,1.0,12.0,1266.6699999999998
C00507,1,Champions,35.0,12.0,2027.07
C00508,4,Loyal Customers,174.0,6.0,705.88
C00509,0,At Risk,104.0,4.0,463.08
C00510,0,At Risk,367.0,4.0,137.42000000000002
C00511,4,Loyal Customers,54.0,8.0,273.4
C00512,0,At Risk,192.0,6.0,140.98
C00513,0,At Risk,331.0,3.0,229.61
C00514,4,Loyal Customers,107.0,7.0,466.2
C00515,2,Potential Loyalists,3.0,3.0,381.87
C00516,2,Potential Loyalists,11.0,6.0,396.69
C00517,4,Loyal Customers,32.0,10.0,570.63
C00518,-1,No Purchase,,0.0,0.0
C00519,4,Loyal Customers,43.0,14.0,880.6
C00520,4,Loyal Customers,47.0,13.0,1289.38
C00521,0,At Risk,228.0,6.0,475.13
C00522,2,Potential Loyalists,9.0,5.0,318.65
C00523,2,Potential Loyalists,32.0,5.0,243.1
C00524,-1,No Purchase,,0.0,0.0
C00525,0,At Risk,54.0,4.0,107.55
C00526,0,At Risk,539.0,2.0,203.11
C00527,-1,No Purchase,,0.0,0.0
C00528,1,Champions,3.0,8.0,816.4799999999999
C00529,0,At Risk,271.0,4.0,105.35
C00530,4,Loyal Customers,46.0,8.0,437.83
C00531,4,Loyal Customers,28.0,8.0,756.28
C00532,0,At Risk,223.0,3.0,114.04
C00533,4,Loyal Customers,102.0,10.0,724.14
C00534,3,Dormant / Low Value,109.0,1.0,91.72
C00535,0,At Risk,54.0,3.0,221.51
C00536,0,At Risk,166.0,4.0,114.44
C00537,0,At Risk,173.0,6.0,383.65
C00538,2,Potential Loyalists,37.0,5.0,147.07
C00539,4,Loyal Customers,64.0,4.0,886.92
C00540,0,At Risk,175.0,2.0,165.87
C00541,1,Champions,15.0,11.0,953.27
C00542,1,Champions,39.0,13.0,1378.65
C00543,3,Dormant / Low Value,661.0,1.0,40.71
C00544,3,Dormant / Low Value,91.0,1.0,37.69
C00545,2,Potential Loyalists,50.0,5.0,399.56
C00546,0,At Risk,67.0,3.0,1030.23
C00547,0,At Risk,298.0,4.0,208.14
C00548,4,Loyal Customers,87.0,8.0,554.5
C00549,0,At Risk,140.0,6.0,297.17
C00550,1,Champions,5.0,17.0,1706.86
C00551,-1,No Purchase,,0.0,0.0
C00552,2,Potential Loyalists,52.0,6.0,294.07
C00553,4,Loyal Customers,68.0,16.0,1054.39
C00554,3,Dormant / Low Value,170.0,2.0,57.36
C00555,2,Potential Loyalists,13.0,3.0,785.03
C00556,0,At Risk,248.0,2.0,1100.51
C00557,0,At Risk,280.0,6.0,272.03
C00558,0,At Risk,344.0,4.0,290.95000000000005
C00559,2,Potential Loyalists,9.0,5.0,150.23000000000002
C00560,0,At Risk,292.0,5.0,432.05
C00561,0,At Risk,136.0,5.0,319.76
C00562,4,Loyal Customers,239.0,8.0,582.79
C00563,1,Champions,28.0,11.0,828.6899999999999
C00564,3,Dormant / Low Value,82.0,4.0,50.85
C00565,4,Loyal Customers,48.0,11.0,510.87
C00566,4,Loyal Customers,57.0,8.0,536.58
C00567,0,At Risk,480.0,4.0,262.52
C00568,4,Loyal Customers,51.0,10.0,1220.01
C00569,0,At Risk,145.0,5.0,153.32
C00570,4,Loyal Customers,42.0,8.0,548.5
C00571,4,Loyal Customers,59.0,9.0,533.9
C00572,1,Champions,8.0,14.0,3015.08
C00573,4,Loyal Customers,75.0,7.0,546.9100000000001
C00574,4,Loyal Customers,151.0,10.0,562.48
C00575,3,Dormant / Low Value,192.0,1.0,26.49
C00576,4,Loyal Customers,58.0,12.0,884.76
C00577,0,At Risk,181.0,5.0,133.18
C00578,1,Champions,22.0,17.0,769.65
C00579,4,Loyal Customers,94.0,7.0,546.64
C00580,0,At Risk,110.0,4.0,98.91
C00581,4,Loyal Customers,159.0,7.0,925.12
C00582,0,At Risk,168.0,2.0,189.68
C00583,4,Loyal Customers,100.0,7.0,1282.74
C00584,1,Champions,4.0,14.0,612.9
C00585,2,Potential Loyalists,58.0,7.0,229.79
C00586,4,Loyal Customers,128.0,7.0,1353.61
C00587,0,At Risk,163.0,6.0,307.82
C00588,3,Dormant / Low Value,717.0,1.0,10.57
C00589,3,Dormant / Low Value,686.0,1.0,79.89
C00590,1,Champions,36.0,11.0,1436.5
C00591,2,Potential Loyalists,28.0,5.0,219.97
C00592,2,Potential Loyalists,37.0,6.0,411.05
C00593,2,Potential Loyalists,7.0,4.0,224.86
C00594,3,Dormant / Low Value,392.0,1.0,185.33
C00595,3,Dormant / Low Value,49.0,3.0,49.24
C00596,0,At Risk,297.0,6.0,633.59
C00597,4,Loyal Customers,46.0,6.0,736.71
C00598,3,Dormant / Low Value,374.0,1.0,25.08
C00599,0,At Risk,96.0,6.0,152.23
C00600,4,Loyal Customers,30.0,8.0,735.8100000000001
C00601,2,Potential Loyalists,55.0,5.0,448.63
C00602,4,Loyal Customers,59.0,18.0,799.98
C00603,4,Loyal Customers,64.0,12.0,1090.82
C00604,3,Dormant / Low Value,434.0,1.0,21.12
C00605,4,Loyal Customers,124.0,15.0,769.7900000000001
C00606,4,Loyal Customers,90.0,13.0,491.89
C00607,0,At Risk,193.0,2.0,466.38
C00608,1,Champions,28.0,10.0,641.5
C00609,1,Champions,14.0,10.0,836.97
C00610,4,Loyal Customers,278.0,7.0,663.35
C00611,4,Loyal Customers,85.0,7.0,1466.14
C00612,3,Dormant / Low Value,187.0,2.0,82.64
C00613,0,At Risk,341.0,2.0,178.32999999999998
C00614,3,Dormant / Low Value,131.0,3.0,98.47
C00615,4,Loyal Customers,86.0,11.0,374.24
C00616,1,Champions,15.0,10.0,503.01
C00617,0,At Risk,98.0,6.0,336.57
C00618,0,At Risk,245.0,4.0,1019.94
C00619,0,At Risk,273.0,3.0,121.81
C00620,2,Potential Loyalists,9.0,6.0,142.70000000000002
C00621,0,At Risk,106.0,3.0,343.07
C00622,0,At Risk,517.0,2.0,221.66
C00623,2,Potential Loyalists,12.0,5.0,393.55000000000007
C00624,-1,No Purchase,,0.0,0.0
C00625,4,Loyal Customers,79.0,10.0,875.62
C00626,4,Loyal Customers,75.0,12.0,2426.8
C00627,2,Potential Loyalists,36.0,6.0,334.19
C00628,2,Potential Loyalists,36.0,9.0,331.21000000000004
C00629,4,Loyal Customers,80.0,11.0,638.64
C00630,4,Loyal Customers,51.0,12.0,743.9
C00631,4,Loyal Customers,70.0,7.0,475.9
C00632,0,At Risk,350.0,4.0,145.27
C00633,2,Potential Loyalists,38.0,4.0,93.5
C00634,0,At Risk,246.0,3.0,175.53
C00635,0,At Risk,174.0,4.0,134.25
C00636,4,Loyal Customers,136.0,8.0,370.93
C00637,1,Champions,11.0,14.0,1009.03
C00638,1,Champions,10.0,12.0,536.19
C00639,4,Loyal Customers,58.0,11.0,804.47
C00640,4,Loyal Customers,71.0,12.0,636.97
C00641,2,Potential Loyalists,31.0,6.0,725.19
C00642,3,Dormant / Low Value,119.0,3.0,91.61
C00643,3,Dormant / Low Value,479.0,3.0,119.81
C00644,0,At Risk,99.0,6.0,423.26
C00645,4,Loyal Customers,62.0,15.0,679.53
C00646,4,Loyal Customers,42.0,6.0,2205.75
C00647,4,Loyal Customers,86.0,8.0,791.1899999999999
C00648,4,Loyal Customers,48.0,11.0,640.37
C00649,3,Dormant / Low Value,181.0,1.0,178.34
C00650,2,Potential Loyalists,52.0,6.0,224.34
C00651,4,Loyal Customers,126.0,12.0,551.17
C00652,1,Champions,7.0,10.0,1307.14
C00653,3,Dormant / Low Value,561.0,1.0,9.81
C00654,4,Loyal Customers,75.0,12.0,681.09
C00655,4,Loyal Customers,61.0,12.0,714.53
C00656,4,Loyal Customers,185.0,14.0,1788.1799999999998
C00657,0,At Risk,367.0,3.0,429.99
C00658,4,Loyal Customers,183.0,8.0,416.57
C00659,4,Loyal Customers,56.0,10.0,1042.45
C00660,4,Loyal Customers,147.0,6.0,734.6099999999999
C00661,1,Champions,4.0,18.0,3782.69
C00662,0,At Risk,125.0,5.0,600.24
C00663,0,At Risk,195.0,4.0,109.25
C00664,0,At Risk,287.0,4.0,207.38
C00665,4,Loyal Customers,114.0,8.0,495.21
C00666,1,Champions,14.0,10.0,714.24
C00667,0,At Risk,198.0,2.0,169.64
C00668,4,Loyal Customers,40.0,7.0,518.5699999999999
C00669,0,At Risk,92.0,5.0,278.03
C00670,3,Dormant / Low Value,312.0,1.0,53.16
C00671,2,Potential Loyalists,2.0,7.0,424.17
C00672,-1,No Purchase,,0.0,0.0
C00673,1,Champions,20.0,15.0,1228.81
C00674,0,At Risk,109.0,4.0,301.39
C00675,0,At Risk,373.0,6.0,341.07
C00676,4,Loyal Customers,112.0,16.0,823.03
C00677,2,Potential Loyalists,31.0,7.0,611.99
C00678,0,At Risk,178.0,5.0,339.4
C00679,4,Loyal Customers,114.0,11.0,493.67
C00680,4,Loyal Customers,111.0,6.0,1124.87
C00681,0,At Risk,183.0,4.0,271.03
C00682,2,Potential Loyalists,1.0,3.0,98.75
C00683,0,At Risk,67.0,5.0,300.39
C00684,2,Potential Loyalists,2.0,3.0,1083.75
C00685,4,Loyal Customers,92.0,7.0,466.36
C00686,4,Loyal Customers,163.0,9.0,857.48
C00687,3,Dormant / Low Value,10.0,1.0,24.26
C00688,2,Potential Loyalists,29.0,6.0,299.28000000000003
C00689,1,Champions,15.0,10.0,528.89
C00690,-1,No Purchase,,0.0,0.0
C00691,1,Champions,37.0,13.0,1062.31
C00692,0,At Risk,370.0,3.0,453.77
C00693,0,At Risk,124.0,4.0,225.05
C00694,1,Champions,25.0,12.0,682.11
C00695,0,At Risk,168.0,5.0,187.27
C00696,4,Loyal Customers,98.0,11.0,1250.51
C00697,4,Loyal Customers,142.0,8.0,605.27
C00698,4,Loyal Customers,145.0,9.0,364.32
C00699,3,Dormant / Low Value,268.0,2.0,31.270000000000003
C00700,3,Dormant / Low Value,729.0,1.0,74.59
C00701,4,Loyal Customers,41.0,9.0,2194.52
C00702,0,At Risk,62.0,3.0,241.36
C00703,1,Champions,25.0,19.0,1664.48
C00704,3,Dormant / Low Value,163.0,2.0,53.0
C00705,4,Loyal Customers,139.0,9.0,411.58
C00706,4,Loyal Customers,50.0,9.0,919.46
C00707,4,Loyal Customers,45.0,12.0,1310.66
C00708,4,Loyal Customers,57.0,10.0,575.68
C00709,0,At Risk,254.0,6.0,164.73000000000002
C00710,2,Potential Loyalists,14.0,2.0,439.73
C00711,1,Champions,20.0,8.0,2060.43
C00712,4,Loyal Customers,37.0,11.0,527.73
C00713,1,Champions,52.0,24.0,2164.41
C00714,0,At Risk,65.0,6.0,131.0
C00715,3,Dormant / Low Value,405.0,2.0,52.34
C00716,4,Loyal Customers,96.0,6.0,447.35
C00717,4,Loyal Customers,140.0,8.0,362.75
C00718,0,At Risk,55.0,3.0,393.35
C00719,3,Dormant / Low Value,76.0,2.0,75.28999999999999
C00720,1,Champions,21.0,14.0,1156.44
C00721,0,At Risk,279.0,5.0,462.58
C00722,0,At Risk,233.0,4.0,161.43
C00723,3,Dormant / Low Value,127.0,1.0,57.31
C00724,3,Dormant / Low Value,632.0,1.0,189.77
C00725,3,Dormant / Low Value,61.0,2.0,38.24
C00726,3,Dormant / Low Value,66.0,2.0,40.36
C00727,3,Dormant / Low Value,479.0,2.0,37.48
C00728,2,Potential Loyalists,27.0,4.0,79.86
C00729,4,Loyal Customers,97.0,11.0,450.7
C00730,0,At Risk,65.0,8.0,195.06
C00731,2,Potential Loyalists,45.0,3.0,178.70999999999998
C00732,0,At Risk,196.0,4.0,395.25
C00733,2,Potential Loyalists,28.0,7.0,307.35
C00734,0,At Risk,139.0,3.0,124.18
C00735,4,Loyal Customers,94.0,9.0,620.92
C00736,4,Loyal Customers,56.0,4.0,1046.53
C00737,2,Potential Loyalists,4.0,8.0,424.82
C00738,4,Loyal Customers,243.0,6.0,840.04
C00739,0,At Risk,151.0,6.0,185.26
C00740,0,At Risk,204.0,2.0,335.66
C00741,3,Dormant / Low Value,293.0,3.0,62.79
C00742,1,Champions,63.0,24.0,1429.86
C00743,4,Loyal Customers,152.0,7.0,962.16
C00744,0,At Risk,67.0,5.0,239.04
C00745,0,At Risk,147.0,3.0,149.2
C00746,4,Loyal Customers,117.0,7.0,451.86
C00747,4,Loyal Customers,169.0,8.0,609.34
C00748,4,Loyal Customers,61.0,8.0,381.06
C00749,2,Potential Loyalists,28.0,8.0,326.3
C00750,2,Potential Loyalists,17.0,4.0,645.53
C00751,4,Loyal Customers,94.0,10.0,786.59
C00752,3,Dormant / Low Value,491.0,3.0,103.98
C00753,4,Loyal Customers,68.0,8.0,1146.33
C00754,1,Champions,8.0,12.0,698.52
C00755,3,Dormant / Low Value,77.0,2.0,111.86
C00756,4,Loyal Customers,65.0,8.0,1001.92
C00757,1,Champions,22.0,16.0,1765.5600000000002
C00758,0,At Risk,69.0,5.0,151.62
C00759,2,Potential Loyalists,24.0,3.0,883.8499999999999
C00760,1,Champions,25.0,18.0,1753.52
C00761,3,Dormant / Low Value,576.0,1.0,29.59
C00762,0,At Risk,329.0,3.0,309.22
C00763,0,At Risk,164.0,8.0,212.54
C00764,4,Loyal Customers,81.0,16.0,1085.5800000000002
C00765,0,At Risk,177.0,4.0,171.81
C00766,3,Dormant / Low Value,223.0,3.0,89.75
C00767,3,Dormant / Low Value,431.0,1.0,37.11
C00768,0,At Risk,250.0,4.0,257.19
C00769,2,Potential Loyalists,43.0,5.0,507.18
C00770,2,Potential Loyalists,15.0,3.0,210.58
C00771,0,At Risk,144.0,6.0,420.53
C00772,0,At Risk,270.0,4.0,309.63
C00773,1,Champions,24.0,12.0,703.0600000000001
C00774,3,Dormant / Low Value,615.0,1.0,13.79
C00775,1,Champions,21.0,16.0,1713.45
C00776,0,At Risk,68.0,4.0,255.23
C00777,2,Potential Loyalists,35.0,3.0,90.23
C00778,4,Loyal Customers,85.0,9.0,282.94
C00779,1,Champions,10.0,15.0,659.56
C00780,0,At Risk,158.0,3.0,535.58
C00781,1,Champions,9.0,24.0,1136.21
C00782,0,At Risk,141.0,6.0,374.25
C00783,2,Potential Loyalists,4.0,7.0,326.61
C00784,0,At Risk,98.0,3.0,119.67
C00785,4,Loyal Customers,336.0,7.0,605.96
C00786,0,At Risk,55.0,4.0,299.44
C00787,4,Loyal Customers,85.0,7.0,335.93
C00788,0,At Risk,123.0,5.0,218.66
C00789,2,Potential Loyalists,8.0,3.0,468.09
C00790,0,At Risk,176.0,2.0,508.72
C00791,4,Loyal Customers,45.0,11.0,744.74
C00792,2,Potential Loyalists,50.0,8.0,202.93
C00793,2,Potential Loyalists,7.0,5.0,579.84
C00794,0,At Risk,264.0,3.0,140.09
C00795,0,At Risk,361.0,4.0,227.6
C00796,3,Dormant / Low Value,225.0,2.0,39.52
C00797,0,At Risk,106.0,4.0,84.52
C00798,4,Loyal Customers,115.0,9.0,471.16
C00799,4,Loyal Customers,150.0,11.0,1365.81
C00800,1,Champions,14.0,13.0,894.32
C00801,4,Loyal Customers,39.0,6.0,2425.26
C00802,1,Champions,21.0,12.0,1390.81
C00803,2,Potential Loyalists,24.0,5.0,149.1
C00804,2,Potential Loyalists,29.0,4.0,257.05
C00805,0,At Risk,283.0,4.0,473.4
C00806,4,Loyal Customers,98.0,11.0,381.07
C00807,-1,No Purchase,,0.0,0.0
C00808,4,Loyal Customers,43.0,7.0,568.08
C00809,0,At Risk,151.0,2.0,158.75
C00810,0,At Risk,218.0,4.0,358.74
C00811,2,Potential Loyalists,23.0,3.0,218.18
C00812,3,Dormant / Low Value,137.0,1.0,30.78
C00813,2,Potential Loyalists,6.0,5.0,202.47
C00814,4,Loyal Customers,69.0,7.0,536.34
C00815,4,Loyal Customers,56.0,8.0,295.78
C00816,1,Champions,22.0,24.0,1593.64
C00817,4,Loyal Customers,42.0,8.0,475.83
C00818,4,Loyal Customers,155.0,9.0,778.8000000000001
C00819,4,Loyal Customers,130.0,8.0,310.39
C00820,3,Dormant / Low Value,479.0,1.0,117.86
C00821,0,At Risk,162.0,6.0,230.53
C00822,3,Dormant / Low Value,109.0,2.0,44.94
C00823,1,Champions,39.0,15.0,1031.94
C00824,4,Loyal Customers,193.0,8.0,716.69
C00825,0,At Risk,120.0,4.0,206.97
C00826,2,Potential Loyalists,22.0,4.0,268.9
C00827,0,At Risk,76.0,4.0,319.79
C00828,1,Champions,34.0,20.0,1451.17
C00829,2,Potential Loyalists,22.0,4.0,61.06
C00830,1,Champions,39.0,11.0,1398.13
C00831,4,Loyal Customers,65.0,10.0,1644.72
C00832,4,Loyal Customers,108.0,10.0,448.91
C00833,4,Loyal Customers,40.0,10.0,1253.03
C00834,0,At Risk,106.0,6.0,246.13
C00835,4,Loyal Customers,30.0,9.0,839.21
C00836,2,Potential Loyalists,44.0,8.0,299.18
C00837,3,Dormant / Low Value,520.0,1.0,144.76
C00838,4,Loyal Customers,96.0,9.0,1007.0
C00839,2,Potential Loyalists,41.0,6.0,356.01
C00840,4,Loyal Customers,145.0,9.0,501.8
C00841,4,Loyal Customers,61.0,12.0,1234.53
C00842,4,Loyal Customers,135.0,12.0,633.5500000000001
C00843,4,Loyal Customers,228.0,10.0,332.84000000000003
C00844,0,At Risk,287.0,2.0,460.27
C00845,2,Potential Loyalists,17.0,10.0,355.05
C00846,2,Potential Loyalists,29.0,7.0,522.72
C00847,4,Loyal Customers,124.0,14.0,1632.63
C00848,3,Dormant / Low Value,275.0,3.0,60.74
C00849,3,Dormant / Low Value,92.0,2.0,41.150000000000006
C00850,0,At Risk,91.0,5.0,332.71
C00851,2,Potential Loyalists,51.0,7.0,288.94
C00852,1,Champions,16.0,26.0,1838.66
C00853,1,Champions,20.0,18.0,1036.86
C00854,3,Dormant / Low Value,617.0,1.0,33.74
C00855,2,Potential Loyalists,18.0,6.0,318.4
C00856,1,Champions,4.0,7.0,598.05
C00857,1,Champions,16.0,28.0,1337.41
C00858,4,Loyal Customers,56.0,11.0,704.19
C00859,2,Potential Loyalists,1.0,4.0,285.32
C00860,4,Loyal Customers,190.0,13.0,683.0
C00861,1,Champions,12.0,11.0,1511.47
C00862,0,At Risk,265.0,6.0,422.4
C00863,0,At Risk,153.0,5.0,136.49
C00864,0,At Risk,214.0,2.0,168.7
C00865,1,Champions,19.0,17.0,738.21
C00866,4,Loyal Customers,69.0,14.0,1461.47
C00867,1,Champions,53.0,17.0,1339.95
C00868,0,At Risk,180.0,4.0,196.15
C00869,3,Dormant / Low Value,57.0,1.0,76.47
C00870,4,Loyal Customers,75.0,9.0,672.52
C00871,2,Potential Loyalists,21.0,3.0,229.71
C00872,0,At Risk,368.0,3.0,569.19
C00873,1,Champions,28.0,11.0,522.91
C00874,1,Champions,32.0,14.0,1162.98
C00875,1,Champions,8.0,11.0,449.67
C00876,2,Potential Loyalists,17.0,8.0,491.86
C00877,4,Loyal Customers,95.0,7.0,922.98
C00878,4,Loyal Customers,155.0,11.0,664.8
C00879,4,Loyal Customers,37.0,9.0,494.17
C00880,4,Loyal Customers,55.0,14.0,1249.07
C00881,0,At Risk,120.0,5.0,407.34
C00882,1,Champions,11.0,18.0,1137.08
C00883,0,At Risk,164.0,7.0,410.58
C00884,0,At Risk,455.0,3.0,368.16
C00885,4,Loyal Customers,66.0,9.0,1538.83
C00886,4,Loyal Customers,77.0,10.0,743.76
C00887,0,At Risk,387.0,4.0,151.26
C00888,0,At Risk,121.0,2.0,231.04
C00889,2,Potential Loyalists,15.0,10.0,322.09
C00890,4,Loyal Customers,101.0,9.0,809.56
C00891,-1,No Purchase,,0.0,0.0
C00892,0,At Risk,91.0,4.0,138.01
C00893,0,At Risk,60.0,2.0,147.18
C00894,0,At Risk,195.0,6.0,294.46
C00895,1,Champions,41.0,15.0,973.5
C00896,0,At Risk,248.0,5.0,507.2
C00897,2,Potential Loyalists,6.0,4.0,288.71000000000004
C00898,0,At Risk,93.0,5.0,343.73
C00899,0,At Risk,164.0,5.0,489.97
C00900,1,Champions,14.0,12.0,754.59
C00901,2,Potential Loyalists,42.0,4.0,347.8
C00902,-1,No Purchase,,0.0,0.0
C00903,1,Champions,7.0,8.0,516.39
C00904,-1,No Purchase,,0.0,0.0
C00905,1,Champions,17.0,14.0,707.06
C00906,0,At Risk,194.0,7.0,181.66
C00907,0,At Risk,265.0,4.0,193.82
C00908,3,Dormant / Low Value,52.0,1.0,31.44
C00909,2,Potential Loyalists,12.0,4.0,202.8
C00910,4,Loyal Customers,47.0,7.0,440.54
C00911,1,Champions,12.0,17.0,806.02
C00912,4,Loyal Customers,45.0,16.0,846.79
C00913,3,Dormant / Low Value,635.0,1.0,18.2
C00914,0,At Risk,160.0,3.0,180.54
C00915,3,Dormant / Low Value,309.0,1.0,55.96
C00916,0,At Risk,222.0,4.0,250.64
C00917,3,Dormant / Low Value,705.0,1.0,35.22
C00918,0,At Risk,227.0,4.0,95.27
C00919,0,At Risk,58.0,3.0,151.91
C00920,3,Dormant / Low Value,99.0,2.0,65.86
C00921,4,Loyal Customers,112.0,6.0,532.98
C00922,2,Potential Loyalists,11.0,6.0,478.23
C00923,0,At Risk,189.0,5.0,298.92
C00924,0,At Risk,256.0,4.0,305.4
C00925,2,Potential Loyalists,43.0,7.0,396.03
C00926,3,Dormant / Low Value,414.0,1.0,50.4
C00927,4,Loyal Customers,67.0,15.0,1521.24
C00928,4,Loyal Customers,52.0,8.0,847.62
C00929,4,Loyal Customers,114.0,13.0,990.73
C00930,0,At Risk,98.0,5.0,201.36
C00931,0,At Risk,391.0,4.0,269.97
C00932,2,Potential Loyalists,16.0,6.0,759.02
C00933,1,Champions,38.0,11.0,1326.25
C00934,4,Loyal Customers,266.0,9.0,1106.29
C00935,0,At Risk,83.0,6.0,364.33
C00936,4,Loyal Customers,91.0,16.0,1001.24
C00937,-1,No Purchase,,0.0,0.0
C00938,1,Champions,11.0,16.0,784.61
C00939,0,At Risk,197.0,3.0,541.8
C00940,2,Potential Loyalists,36.0,3.0,137.5
C00941,4,Loyal Customers,167.0,10.0,754.39
C00942,3,Dormant / Low Value,572.0,1.0,31.46
C00943,1,Champions,2.0,11.0,896.54
C00944,2,Potential Loyalists,49.0,7.0,253.41
C00945,0,At Risk,295.0,3.0,295.88
C00946,4,Loyal Customers,50.0,16.0,962.04
C00947,1,Champions,23.0,12.0,753.91
C00948,1,Champions,34.0,20.0,1066.04
C00949,0,At Risk,72.0,4.0,273.26
C00950,1,Champions,20.0,9.0,831.84
C00951,0,At Risk,287.0,3.0,432.93
C00952,0,At Risk,168.0,6.0,428.15
C00953,4,Loyal Customers,307.0,7.0,900.84
C00954,1,Champions,24.0,12.0,772.81
C00955,4,Loyal Customers,79.0,21.0,1079.57
C00956,0,At Risk,68.0,4.0,219.28
C00957,2,Potential Loyalists,18.0,5.0,871.6500000000001
C00958,4,Loyal Customers,177.0,6.0,691.87
C00959,0,At Risk,174.0,6.0,555.48
C00960,1,Champions,5.0,7.0,823.69
C00961,0,At Risk,123.0,7.0,251.16
C00962,2,Potential Loyalists,19.0,5.0,591.25
C00963,3,Dormant / Low Value,503.0,2.0,103.79
C00964,0,At Risk,84.0,5.0,309.35
C00965,3,Dormant / Low Value,79.0,1.0,12.38
C00966,3,Dormant / Low Value,620.0,1.0,67.14
C00967,-1,No Purchase,,0.0,0.0
C00968,2,Potential Loyalists,10.0,3.0,104.62
C00969,0,At Risk,219.0,5.0,713.26
C00970,2,Potential Loyalists,10.0,6.0,857.53
C00971,3,Dormant / Low Value,187.0,2.0,117.36
C00972,0,At Risk,170.0,3.0,237.55
C00973,4,Loyal Customers,150.0,8.0,683.96
C00974,0,At Risk,191.0,5.0,259.99
C00975,0,At Risk,153.0,5.0,74.5
C00976,2,Potential Loyalists,59.0,6.0,232.54
C00977,3,Dormant / Low Value,218.0,2.0,160.76
C00978,2,Potential Loyalists,28.0,8.0,439.63
C00979,0,At Risk,79.0,4.0,404.41
C00980,3,Dormant / Low Value,164.0,1.0,43.25
C00981,0,At Risk,261.0,6.0,504.81
C00982,4,Loyal Customers,101.0,10.0,559.75
C00983,4,Loyal Customers,87.0,6.0,994.9
C00984,3,Dormant / Low Value,116.0,2.0,99.39
C00985,1,Champions,11.0,20.0,1805.24
C00986,2,Potential Loyalists,17.0,7.0,320.43
C00987,3,Dormant / Low Value,713.0,1.0,93.7
C00988,2,Potential Loyalists,44.0,6.0,479.34
C00989,1,Champions,26.0,8.0,1028.73
C00990,4,Loyal Customers,71.0,7.0,494.84
C00991,4,Loyal Customers,252.0,11.0,431.86
C00992,4,Loyal Customers,85.0,8.0,1820.14
C00993,0,At Risk,150.0,4.0,128.56
C00994,1,Champions,23.0,27.0,3327.58
C00995,1,Champions,11.0,12.0,3196.36
C00996,4,Loyal Customers,30.0,10.0,658.35
C00997,3,Dormant / Low Value,328.0,3.0,80.37
C00998,3,Dormant / Low Value,492.0,1.0,6.55
C00999,0,At Risk,96.0,3.0,692.9200000000001
C01000,3,Dormant / Low Value,371.0,2.0,53.06
C01001,1,Champions,15.0,11.0,1523.31
C01002,3,Dormant / Low Value,648.0,1.0,41.38
C01003,2,Potential Loyalists,1.0,5.0,286.51
C01004,4,Loyal Customers,65.0,11.0,502.03
C01005,0,At Risk,340.0,6.0,425.22
C01006,1,Champions,51.0,18.0,1179.48
C01007,4,Loyal Customers,61.0,7.0,783.74
C01008,4,Loyal Customers,85.0,11.0,1044.18
C01009,3,Dormant / Low Value,158.0,2.0,106.06
C01010,4,Loyal Customers,166.0,15.0,841.0
C01011,1,Champions,6.0,12.0,590.28
C01012,2,Potential Loyalists,50.0,3.0,377.47
C01013,0,At Risk,104.0,2.0,283.47
C01014,0,At Risk,79.0,5.0,454.21
C01015,3,Dormant / Low Value,407.0,4.0,63.42
C01016,4,Loyal Customers,99.0,18.0,1553.06
C01017,4,Loyal Customers,46.0,9.0,738.58
C01018,0,At Risk,220.0,3.0,245.34
C01019,0,At Risk,63.0,4.0,258.79
C01020,4,Loyal Customers,46.0,13.0,1272.67
C01021,1,Champions,24.0,7.0,1042.5
C01022,3,Dormant / Low Value,370.0,2.0,78.72
C01023,2,Potential Loyalists,54.0,7.0,208.17
C01024,4,Loyal Customers,108.0,11.0,1226.46
C01025,1,Champions,14.0,14.0,687.88
C01026,1,Champions,26.0,6.0,1563.08
C01027,0,At Risk,63.0,6.0,308.46
C01028,0,At Risk,122.0,7.0,322.73
C01029,4,Loyal Customers,35.0,7.0,835.5500000000001
C01030,2,Potential Loyalists,16.0,3.0,72.69999999999999
C01031,4,Loyal Customers,82.0,12.0,1579.26
C01032,4,Loyal Customers,116.0,10.0,871.7700000000001
C01033,1,Champions,45.0,17.0,1882.13
C01034,0,At Risk,236.0,6.0,315.0
C01035,3,Dormant / Low Value,53.0,2.0,67.89999999999999
C01036,4,Loyal Customers,135.0,8.0,931.55
C01037,4,Loyal Customers,61.0,8.0,461.66
C01038,4,Loyal Customers,46.0,9.0,1096.94
C01039,3,Dormant / Low Value,250.0,1.0,29.32
C01040,0,At Risk,147.0,4.0,381.17
C01041,1,Champions,3.0,13.0,1016.59
C01042,2,Potential Loyalists,59.0,6.0,332.16
C01043,1,Champions,3.0,9.0,394.17
C01044,2,Potential Loyalists,2.0,5.0,126.42
C01045,0,At Risk,190.0,4.0,230.11
C01046,4,Loyal Customers,80.0,5.0,577.2
C01047,4,Loyal Customers,262.0,8.0,411.27
C01048,1,Champions,17.0,13.0,617.39
C01049,3,Dormant / Low Value,134.0,2.0,146.56
C01050,1,Champions,5.0,15.0,694.79
C01051,0,At Risk,68.0,2.0,325.71
C01052,0,At Risk,83.0,3.0,714.0600000000001
C01053,2,Potential Loyalists,9.0,6.0,634.27
C01054,4,Loyal Customers,86.0,7.0,842.28
C01055,4,Loyal Customers,76.0,9.0,1050.77
C01056,1,Champions,34.0,12.0,1048.78
C01057,0,At Risk,128.0,3.0,452.39
C01058,2,Potential Loyalists,25.0,4.0,884.05
C01059,4,Loyal Customers,58.0,12.0,722.39
C01060,3,Dormant / Low Value,277.0,1.0,67.75
C01061,2,Potential Loyalists,36.0,7.0,293.28
C01062,3,Dormant / Low Value,381.0,3.0,116.34
C01063,4,Loyal Customers,43.0,8.0,559.38
C01064,4,Loyal Customers,171.0,9.0,633.44
C01065,-1,No Purchase,,0.0,0.0
C01066,0,At Risk,78.0,4.0,114.66
C01067,4,Loyal Customers,54.0,7.0,894.8000000000001
C01068,0,At Risk,298.0,3.0,130.02
C01069,4,Loyal Customers,54.0,12.0,886.08
C01070,1,Champions,34.0,14.0,1130.63
C01071,2,Potential Loyalists,12.0,8.0,270.57
C01072,4,Loyal Customers,63.0,7.0,400.52
C01073,1,Champions,23.0,21.0,1949.75
C01074,1,Champions,20.0,22.0,2351.45
C01075,4,Loyal Customers,226.0,9.0,502.72
C01076,4,Loyal Customers,83.0,7.0,1304.46
C01077,4,Loyal Customers,27.0,8.0,728.5699999999999
C01078,2,Potential Loyalists,12.0,6.0,403.91
C01079,2,Potential Loyalists,20.0,8.0,534.81
C01080,0,At Risk,460.0,2.0,199.82
C01081,4,Loyal Customers,51.0,16.0,959.23
C01082,1,Champions,35.0,16.0,1057.36
C01083,0,At Risk,72.0,6.0,255.16
C01084,-1,No Purchase,,0.0,0.0
C01085,4,Loyal Customers,54.0,9.0,434.77
C01086,4,Loyal Customers,136.0,12.0,511.23
C01087,4,Loyal Customers,64.0,18.0,1759.18
C01088,4,Loyal Customers,113.0,11.0,710.7
C01089,0,At Risk,142.0,6.0,399.61
C01090,3,Dormant / Low Value,308.0,2.0,98.07
C01091,1,Champions,12.0,10.0,974.08
C01092,2,Potential Loyalists,34.0,3.0,177.11
C01093,0,At Risk,70.0,2.0,142.89
C01094,0,At Risk,365.0,4.0,150.8
C01095,2,Potential Loyalists,13.0,5.0,642.7
C01096,0,At Risk,257.0,6.0,527.62
C01097,4,Loyal Customers,53.0,8.0,730.42
C01098,4,Loyal Customers,62.0,16.0,2195.91
C01099,0,At Risk,83.0,5.0,166.06
C01100,0,At Risk,396.0,3.0,438.64
C01101,2,Potential Loyalists,48.0,6.0,256.46
C01102,4,Loyal Customers,41.0,8.0,398.84
C01103,4,Loyal Customers,29.0,7.0,1091.36
C01104,2,Potential Loyalists,24.0,3.0,1271.2199999999998
C01105,0,At Risk,123.0,6.0,402.48
C01106,3,Dormant / Low Value,537.0,2.0,110.4
C01107,2,Potential Loyalists,25.0,7.0,465.45
C01108,2,Potential Loyalists,25.0,3.0,417.5
C01109,3,Dormant / Low Value,626.0,1.0,58.76
C01110,0,At Risk,168.0,1.0,397.36
C01111,0,At Risk,74.0,5.0,494.15
C01112,0,At Risk,296.0,6.0,204.66
C01113,1,Champions,23.0,14.0,741.6800000000001
C01114,2,Potential Loyalists,2.0,3.0,600.58
C01115,3,Dormant / Low Value,28.0,1.0,18.17
C01116,3,Dormant / Low Value,156.0,3.0,81.22
C01117,4,Loyal Customers,43.0,13.0,953.69
C01118,3,Dormant / Low Value,318.0,1.0,117.13
C01119,1,Champions,1.0,17.0,1328.72
C01120,4,Loyal Customers,95.0,9.0,674.98
C01121,0,At Risk,342.0,3.0,123.9
C01122,0,At Risk,78.0,6.0,255.58
C01123,3,Dormant / Low Value,358.0,3.0,92.08
C01124,0,At Risk,102.0,5.0,367.54
C01125,0,At Risk,129.0,4.0,636.56
C01126,4,Loyal Customers,184.0,9.0,773.38
C01127,4,Loyal Customers,72.0,11.0,870.9300000000001
C01128,4,Loyal Customers,177.0,11.0,476.97
C01129,0,At Risk,552.0,3.0,192.32
C01130,0,At Risk,284.0,2.0,232.63
C01131,3,Dormant / Low Value,405.0,2.0,118.93
C01132,4,Loyal Customers,105.0,6.0,513.4
C01133,2,Potential Loyalists,2.0,5.0,743.15
C01134,3,Dormant / Low Value,208.0,1.0,19.45
C01135,4,Loyal Customers,65.0,6.0,506.01
C01136,4,Loyal Customers,41.0,7.0,811.0
C01137,2,Potential Loyalists,7.0,6.0,174.68
C01138,3,Dormant / Low Value,85.0,2.0,80.14
C01139,4,Loyal Customers,139.0,9.0,713.0
C01140,2,Potential Loyalists,17.0,5.0,429.81
C01141,1,Champions,12.0,13.0,745.53
C01142,4,Loyal Customers,79.0,14.0,987.67
C01143,3,Dormant / Low Value,417.0,1.0,25.77
C01144,1,Champions,20.0,11.0,757.73
C01145,4,Loyal Customers,51.0,5.0,1124.48
C01146,4,Loyal Customers,64.0,15.0,993.49
C01147,1,Champions,15.0,12.0,1916.21
C01148,2,Potential Loyalists,32.0,2.0,137.47
C01149,1,Champions,1.0,20.0,1143.0
C01150,4,Loyal Customers,45.0,10.0,427.15
C01151,4,Loyal Customers,164.0,19.0,1330.16
C01152,3,Dormant / Low Value,302.0,1.0,82.06
C01153,0,At Risk,146.0,2.0,158.7
C01154,0,At Risk,298.0,7.0,234.36
C01155,0,At Risk,71.0,2.0,166.22
C01156,2,Potential Loyalists,41.0,6.0,210.19
C01157,0,At Risk,82.0,3.0,157.95
C01158,4,Loyal Customers,44.0,7.0,748.1800000000001
C01159,1,Champions,19.0,18.0,2124.35
C01160,3,Dormant / Low Value,628.0,2.0,45.9
C01161,4,Loyal Customers,124.0,12.0,743.4000000000001
C01162,1,Champions,1.0,13.0,834.39
C01163,3,Dormant / Low Value,87.0,3.0,68.45
C01164,2,Potential Loyalists,42.0,6.0,394.64
C01165,1,Champions,44.0,19.0,847.83
C01166,4,Loyal Customers,41.0,9.0,385.21
C01167,4,Loyal Customers,34.0,8.0,643.9
C01168,2,Potential Loyalists,43.0,9.0,255.59
C01169,3,Dormant / Low Value,214.0,2.0,22.2
C01170,4,Loyal Customers,102.0,11.0,359.43
C01171,1,Champions,11.0,10.0,396.43
C01172,0,At Risk,417.0,3.0,146.82999999999998
C01173,1,Champions,12.0,12.0,301.21
C01174,0,At Risk,473.0,5.0,357.17999999999995
C01175,4,Loyal Customers,81.0,16.0,596.65
C01176,0,At Risk,342.0,4.0,320.36
C01177,2,Potential Loyalists,29.0,7.0,524.56
C01178,2,Potential Loyalists,35.0,4.0,292.96000000000004
C01179,2,Potential Loyalists,38.0,5.0,277.37
C01180,1,Champions,23.0,11.0,1316.21
C01181,3,Dormant / Low Value,514.0,4.0,78.68
C01182,0,At Risk,467.0,4.0,222.57
C01183,2,Potential Loyalists,25.0,2.0,205.24
C01184,3,Dormant / Low Value,150.0,2.0,135.27
C01185,4,Loyal Customers,52.0,5.0,709.21
C01186,0,At Risk,137.0,5.0,235.85
C01187,-1,No Purchase,,0.0,0.0
C01188,0,At Risk,62.0,3.0,88.97
C01189,1,Champions,23.0,15.0,1969.21
C01190,2,Potential Loyalists,25.0,8.0,379.4
C01191,0,At Risk,142.0,4.0,387.46
C01192,1,Champions,14.0,17.0,1629.01
C01193,3,Dormant / Low Value,131.0,1.0,3.71
C01194,4,Loyal Customers,64.0,18.0,982.02
C01195,0,At Risk,72.0,3.0,332.89
C01196,3,Dormant / Low Value,93.0,2.0,117.86
C01197,4,Loyal Customers,38.0,7.0,955.75
C01198,0,At Risk,271.0,6.0,409.27
C01199,4,Loyal Customers,93.0,13.0,1135.03
C01200,4,Loyal Customers,61.0,7.0,794.1700000000001
C01201,4,Loyal Customers,41.0,9.0,330.35
C01202,1,Champions,20.0,11.0,632.67
C01203,4,Loyal Customers,94.0,8.0,438.36
C01204,0,At Risk,175.0,6.0,202.1
C01205,3,Dormant / Low Value,365.0,2.0,54.84
C01206,0,At Risk,119.0,3.0,100.23
C01207,4,Loyal Customers,117.0,9.0,733.23
C01208,3,Dormant / Low Value,102.0,1.0,74.85
C01209,0,At Risk,122.0,3.0,984.16
C01210,1,Champions,39.0,15.0,1388.72
C01211,0,At Risk,99.0,5.0,187.11
C01212,2,Potential Loyalists,4.0,4.0,193.53
C01213,4,Loyal Customers,127.0,11.0,653.62
C01214,0,At Risk,405.0,3.0,323.86
C01215,0,At Risk,246.0,5.0,421.81
C01216,0,At Risk,400.0,5.0,522.4
C01217,1,Champions,35.0,8.0,2268.66
C01218,4,Loyal Customers,40.0,7.0,490.76
C01219,4,Loyal Customers,72.0,7.0,454.88
C01220,0,At Risk,219.0,3.0,129.1
C01221,0,At Risk,172.0,4.0,717.33
C01222,1,Champions,22.0,17.0,941.16
C01223,4,Loyal Customers,153.0,5.0,754.71
C01224,3,Dormant / Low Value,586.0,1.0,192.56
C01225,4,Loyal Customers,89.0,12.0,718.75
C01226,0,At Risk,205.0,5.0,613.24
C01227,4,Loyal Customers,42.0,8.0,1421.44
C01228,1,Champions,15.0,17.0,1749.66
C01229,0,At Risk,207.0,5.0,162.12
C01230,4,Loyal Customers,49.0,4.0,1892.69
C01231,1,Champions,16.0,9.0,928.08
C01232,-1,No Purchase,,0.0,0.0
C01233,1,Champions,12.0,9.0,1156.33
C01234,0,At Risk,78.0,3.0,448.52
C01235,2,Potential Loyalists,45.0,4.0,639.54
C01236,3,Dormant / Low Value,168.0,2.0,133.43
C01237,2,Potential Loyalists,39.0,6.0,268.16
C01238,0,At Risk,237.0,3.0,180.19
C01239,3,Dormant / Low Value,642.0,2.0,97.12
C01240,1,Champions,30.0,15.0,1116.35
C01241,4,Loyal Customers,137.0,9.0,802.0600000000001
C01242,0,At Risk,68.0,4.0,251.58
C01243,0,At Risk,217.0,3.0,223.32
C01244,2,Potential Loyalists,4.0,5.0,733.96
C01245,0,At Risk,367.0,1.0,899.5
C01246,4,Loyal Customers,78.0,7.0,477.92
C01247,2,Potential Loyalists,31.0,6.0,308.63
C01248,4,Loyal Customers,96.0,16.0,1347.41
C01249,1,Champions,25.0,16.0,976.12
C01250,3,Dormant / Low Value,639.0,1.0,192.24
C01251,2,Potential Loyalists,23.0,5.0,426.95
C01252,3,Dormant / Low Value,270.0,1.0,14.73
C01253,0,At Risk,188.0,5.0,334.01
C01254,3,Dormant / Low Value,510.0,2.0,99.85
C01255,4,Loyal Customers,108.0,18.0,1578.9
C01256,1,Champions,21.0,11.0,846.08
C01257,2,Potential Loyalists,44.0,7.0,343.86
C01258,0,At Risk,162.0,3.0,144.1
C01259,3,Dormant / Low Value,617.0,1.0,136.54
C01260,0,At Risk,81.0,3.0,156.97
C01261,4,Loyal Customers,65.0,7.0,269.26
C01262,4,Loyal Customers,66.0,9.0,716.2
C01263,1,Champions,33.0,23.0,1332.49
C01264,4,Loyal Customers,57.0,12.0,723.02
C01265,1,Champions,27.0,14.0,1236.56
C01266,2,Potential Loyalists,15.0,5.0,619.6700000000001
C01267,3,Dormant / Low Value,645.0,1.0,13.49
C01268,4,Loyal Customers,79.0,7.0,453.16
C01269,0,At Risk,64.0,5.0,266.58000000000004
C01270,0,At Risk,124.0,2.0,308.49
C01271,4,Loyal Customers,57.0,5.0,882.59
C01272,4,Loyal Customers,74.0,7.0,360.8
C01273,1,Champions,11.0,9.0,549.95
C01274,0,At Risk,55.0,3.0,189.3
C01275,1,Champions,19.0,8.0,764.72
C01276,2,Potential Loyalists,29.0,3.0,65.05
C01277,2,Potential Loyalists,24.0,4.0,131.98
C01278,1,Champions,19.0,21.0,1750.27
C01279,3,Dormant / Low Value,94.0,4.0,57.96
C01280,4,Loyal Customers,40.0,8.0,1211.17
C01281,1,Champions,30.0,10.0,1578.83
C01282,2,Potential Loyalists,23.0,8.0,556.75
C01283,4,Loyal Customers,59.0,8.0,1273.53
C01284,4,Loyal Customers,78.0,10.0,745.9
C01285,4,Loyal Customers,127.0,15.0,1828.18
C01286,4,Loyal Customers,201.0,7.0,616.46
C01287,3,Dormant / Low Value,344.0,3.0,110.59
C01288,0,At Risk,155.0,4.0,451.8
C01289,0,At Risk,187.0,7.0,333.83
C01290,2,Potential Loyalists,2.0,4.0,589.22
C01291,4,Loyal Customers,61.0,11.0,785.12
C01292,0,At Risk,172.0,5.0,584.89
C01293,4,Loyal Customers,52.0,11.0,1792.44
C01294,0,At Risk,138.0,4.0,721.0500000000001
C01295,4,Loyal Customers,207.0,6.0,834.93
C01296,3,Dormant / Low Value,665.0,1.0,235.15
C01297,0,At Risk,74.0,4.0,135.68
C01298,2,Potential Loyalists,18.0,5.0,986.36
C01299,2,Potential Loyalists,44.0,4.0,541.39
C01300,0,At Risk,350.0,5.0,184.19
C01301,4,Loyal Customers,115.0,7.0,456.74
C01302,4,Loyal Customers,40.0,10.0,659.3000000000001
C01303,3,Dormant / Low Value,492.0,1.0,30.96
C01304,1,Champions,34.0,18.0,937.27
C01305,1,Champions,47.0,20.0,1166.69
C01306,3,Dormant / Low Value,345.0,2.0,36.89
C01307,1,Champions,11.0,10.0,987.0
C01308,3,Dormant / Low Value,77.0,2.0,68.45
C01309,1,Champions,25.0,14.0,921.02
C01310,4,Loyal Customers,247.0,11.0,592.14
C01311,4,Loyal Customers,137.0,12.0,593.9399999999999
C01312,2,Potential Loyalists,47.0,5.0,142.14
C01313,3,Dormant / Low Value,34.0,3.0,42.010000000000005
C01314,3,Dormant / Low Value,344.0,2.0,61.53
C01315,1,Champions,48.0,15.0,1473.78
C01316,0,At Risk,165.0,5.0,367.3
C01317,3,Dormant / Low Value,226.0,2.0,131.04
C01318,1,Champions,31.0,12.0,609.47
C01319,4,Loyal Customers,64.0,16.0,1354.07
C01320,0,At Risk,181.0,4.0,472.81
C01321,3,Dormant / Low Value,222.0,2.0,34.55
C01322,0,At Risk,109.0,3.0,741.05
C01323,4,Loyal Customers,69.0,14.0,848.47
C01324,4,Loyal Customers,133.0,8.0,672.02
C01325,1,Champions,38.0,18.0,767.77
C01326,0,At Risk,449.0,5.0,99.77
C01327,0,At Risk,166.0,3.0,120.39
C01328,0,At Risk,101.0,4.0,132.74
C01329,-1,No Purchase,,0.0,0.0
C01330,1,Champions,2.0,10.0,1833.57
C01331,4,Loyal Customers,208.0,8.0,1054.31
C01332,2,Potential Loyalists,7.0,6.0,590.16
C01333,2,Potential Loyalists,5.0,5.0,160.03
C01334,-1,No Purchase,,0.0,0.0
C01335,1,Champions,12.0,28.0,2264.96
C01336,3,Dormant / Low Value,228.0,1.0,11.45
C01337,2,Potential Loyalists,34.0,6.0,285.04
C01338,4,Loyal Customers,105.0,19.0,1123.12
C01339,1,Champions,2.0,9.0,1286.57
C01340,3,Dormant / Low Value,62.0,3.0,75.82000000000001
C01341,1,Champions,11.0,9.0,1152.3
C01342,4,Loyal Customers,127.0,6.0,546.14
C01343,2,Potential Loyalists,30.0,7.0,205.69
C01344,3,Dormant / Low Value,75.0,1.0,117.38
C01345,2,Potential Loyalists,41.0,5.0,306.15
C01346,4,Loyal Customers,41.0,8.0,661.92
C01347,4,Loyal Customers,36.0,7.0,614.6
C01348,4,Loyal Customers,50.0,5.0,851.44
C01349,3,Dormant / Low Value,57.0,2.0,98.23
C01350,2,Potential Loyalists,38.0,4.0,215.7
C01351,0,At Risk,133.0,6.0,439.45
C01352,4,Loyal Customers,37.0,7.0,556.45
C01353,2,Potential Loyalists,31.0,7.0,192.8
C01354,4,Loyal Customers,60.0,13.0,549.55
C01355,3,Dormant / Low Value,195.0,2.0,93.97
C01356,0,At Risk,137.0,4.0,226.22
C01357,4,Loyal Customers,52.0,11.0,632.05
C01358,1,Champions,12.0,11.0,926.66
C01359,0,At Risk,127.0,3.0,205.3
C01360,1,Champions,17.0,12.0,1033.05
C01361,4,Loyal Customers,61.0,9.0,695.14
C01362,1,Champions,23.0,8.0,669.84
C01363,0,At Risk,270.0,2.0,266.45
C01364,4,Loyal Customers,139.0,10.0,725.5
C01365,3,Dormant / Low Value,514.0,3.0,73.28999999999999
C01366,3,Dormant / Low Value,149.0,2.0,84.45
C01367,0,At Risk,60.0,4.0,454.69
C01368,0,At Risk,176.0,3.0,155.45
C01369,0,At Risk,131.0,5.0,397.72
C01370,0,At Risk,94.0,4.0,563.38
C01371,1,Champions,12.0,21.0,1475.65
C01372,2,Potential Loyalists,10.0,6.0,300.3
C01373,0,At Risk,529.0,2.0,196.25
C01374,3,Dormant / Low Value,533.0,1.0,71.69
C01375,2,Potential Loyalists,1.0,6.0,226.91000000000005
C01376,4,Loyal Customers,64.0,9.0,432.54
C01377,4,Loyal Customers,210.0,13.0,1557.32
C01378,2,Potential Loyalists,55.0,6.0,377.91
C01379,4,Loyal Customers,211.0,8.0,409.02
C01380,4,Loyal Customers,67.0,9.0,706.54
C01381,3,Dormant / Low Value,186.0,3.0,94.17
C01382,1,Champions,2.0,8.0,781.53
C01383,0,At Risk,336.0,2.0,405.97
C01384,-1,No Purchase,,0.0,0.0
C01385,2,Potential Loyalists,6.0,6.0,361.7000000000001
C01386,4,Loyal Customers,27.0,9.0,609.11
C01387,0,At Risk,156.0,5.0,251.39
C01388,1,Champions,20.0,18.0,2034.76
C01389,3,Dormant / Low Value,277.0,3.0,31.25
C01390,1,Champions,43.0,15.0,899.3
C01391,4,Loyal Customers,44.0,11.0,1509.12
C01392,0,At Risk,73.0,4.0,251.85
C01393,-1,No Purchase,,0.0,0.0
C01394,4,Loyal Customers,70.0,12.0,1378.88
C01395,3,Dormant / Low Value,209.0,1.0,26.02
C01396,3,Dormant / Low Value,337.0,2.0,74.82
C01397,4,Loyal Customers,108.0,10.0,408.12
C01398,4,Loyal Customers,141.0,8.0,577.76
C01399,0,At Risk,119.0,3.0,338.98
C01400,0,At Risk,242.0,4.0,152.63
C01401,3,Dormant / Low Value,73.0,1.0,33.13
C01402,0,At Risk,63.0,3.0,153.46
C01403,0,At Risk,325.0,3.0,342.69000000000005
C01404,0,At Risk,54.0,3.0,172.91
C01405,0,At Risk,275.0,6.0,131.41
C01406,3,Dormant / Low Value,52.0,2.0,34.67
C01407,0,At Risk,217.0,4.0,224.8
C01408,1,Champions,10.0,14.0,1839.52
C01409,1,Champions,1.0,11.0,921.25
C01410,0,At Risk,138.0,7.0,348.32
C01411,0,At Risk,69.0,3.0,139.93
C01412,4,Loyal Customers,138.0,12.0,1987.14
C01413,1,Champions,35.0,18.0,888.75
C01414,3,Dormant / Low Value,640.0,1.0,154.14
C01415,1,Champions,8.0,16.0,754.9
C01416,4,Loyal Customers,194.0,9.0,319.6
C01417,2,Potential Loyalists,2.0,3.0,185.48
C01418,1,Champions,27.0,20.0,1470.14
C01419,3,Dormant / Low Value,263.0,2.0,65.84
C01420,4,Loyal Customers,75.0,11.0,306.26
C01421,2,Potential Loyalists,27.0,7.0,224.99
C01422,0,At Risk,158.0,3.0,530.39
C01423,4,Loyal Customers,43.0,10.0,553.54
C01424,4,Loyal Customers,68.0,7.0,519.5
C01425,4,Loyal Customers,101.0,8.0,599.1
C01426,2,Potential Loyalists,24.0,3.0,106.65
C01427,0,At Risk,88.0,4.0,398.85
C01428,1,Champions,13.0,9.0,1691.65
C01429,4,Loyal Customers,135.0,8.0,592.1800000000001
C01430,4,Loyal Customers,103.0,17.0,944.25
C01431,4,Loyal Customers,207.0,7.0,464.87
C01432,3,Dormant / Low Value,219.0,2.0,111.14
C01433,0,At Risk,107.0,6.0,150.53
C01434,0,At Risk,477.0,4.0,304.6
C01435,3,Dormant / Low Value,593.0,1.0,87.92
C01436,2,Potential Loyalists,7.0,4.0,308.71
C01437,2,Potential Loyalists,17.0,3.0,373.34
C01438,4,Loyal Customers,55.0,18.0,1177.58
C01439,3,Dormant / Low Value,362.0,2.0,152.21
C01440,3,Dormant / Low Value,267.0,1.0,145.48
C01441,3,Dormant / Low Value,520.0,3.0,83.75999999999999
C01442,-1,No Purchase,,0.0,0.0
C01443,3,Dormant / Low Value,169.0,3.0,54.89
C01444,-1,No Purchase,,0.0,0.0
C01445,4,Loyal Customers,134.0,9.0,467.8
C01446,4,Loyal Customers,107.0,19.0,1047.53
C01447,4,Loyal Customers,55.0,10.0,643.0
C01448,4,Loyal Customers,100.0,8.0,554.11
C01449,3,Dormant / Low Value,695.0,1.0,24.78
C01450,2,Potential Loyalists,13.0,7.0,296.9
C01451,2,Potential Loyalists,11.0,10.0,336.06
C01452,1,Champions,32.0,17.0,1696.18
C01453,1,Champions,56.0,22.0,1343.22
C01454,0,At Risk,195.0,5.0,622.2
C01455,0,At Risk,52.0,2.0,533.11
C01456,3,Dormant / Low Value,168.0,2.0,18.61
C01457,4,Loyal Customers,189.0,7.0,876.67
C01458,1,Champions,11.0,22.0,1942.6
C01459,2,Potential Loyalists,47.0,7.0,294.18
C01460,0,At Risk,182.0,8.0,330.2
C01461,4,Loyal Customers,95.0,9.0,609.89
C01462,1,Champions,2.0,7.0,1085.52
C01463,2,Potential Loyalists,53.0,4.0,366.84
C01464,4,Loyal Customers,155.0,11.0,1045.67
C01465,1,Champions,16.0,13.0,593.46
C01466,0,At Risk,335.0,7.0,274.36
C01467,3,Dormant / Low Value,282.0,1.0,12.34
C01468,4,Loyal Customers,49.0,9.0,467.84
C01469,2,Potential Loyalists,34.0,6.0,444.31
C01470,1,Champions,40.0,16.0,1160.79
C01471,2,Potential Loyalists,31.0,4.0,227.0
C01472,3,Dormant / Low Value,306.0,2.0,102.1
C01473,2,Potential Loyalists,21.0,7.0,757.17
C01474,2,Potential Loyalists,2.0,6.0,438.92
C01475,4,Loyal Customers,35.0,7.0,562.38
C01476,4,Loyal Customers,127.0,8.0,950.35
C01477,-1,No Purchase,,0.0,0.0
C01478,4,Loyal Customers,99.0,9.0,555.99
C01479,2,Potential Loyalists,31.0,6.0,263.75
C01480,0,At Risk,230.0,4.0,298.3
C01481,3,Dormant / Low Value,374.0,2.0,33.01
C01482,2,Potential Loyalists,24.0,5.0,461.9
C01483,3,Dormant / Low Value,127.0,1.0,33.02
C01484,4,Loyal Customers,64.0,9.0,775.6600000000001
C01485,0,At Risk,98.0,3.0,448.99
C01486,3,Dormant / Low Value,471.0,2.0,113.36
C01487,0,At Risk,102.0,6.0,294.49
C01488,1,Champions,9.0,19.0,1544.04
C01489,2,Potential Loyalists,39.0,4.0,504.44
C01490,2,Potential Loyalists,13.0,4.0,621.63
C01491,4,Loyal Customers,144.0,6.0,2336.42
C01492,0,At Risk,160.0,6.0,440.46
C01493,4,Loyal Customers,82.0,7.0,918.11
C01494,4,Loyal Customers,47.0,10.0,528.84
C01495,1,Champions,34.0,13.0,648.13
C01496,4,Loyal Customers,64.0,19.0,1619.67
C01497,2,Potential Loyalists,24.0,6.0,405.47
C01498,0,At Risk,236.0,5.0,191.62
C01499,1,Champions,1.0,11.0,460.4
C01500,4,Loyal Customers,76.0,12.0,626.62
C01501,0,At Risk,368.0,3.0,225.05
C01502,2,Potential Loyalists,25.0,6.0,278.95
C01503,0,At Risk,186.0,4.0,168.93
C01504,4,Loyal Customers,60.0,15.0,1981.12
C01505,2,Potential Loyalists,13.0,6.0,330.49
C01506,4,Loyal Customers,106.0,11.0,1588.91
C01507,4,Loyal Customers,94.0,10.0,939.21
C01508,3,Dormant / Low Value,140.0,1.0,10.92
C01509,2,Potential Loyalists,20.0,8.0,292.56
C01510,0,At Risk,192.0,2.0,176.53
C01511,3,Dormant / Low Value,298.0,1.0,68.97
C01512,4,Loyal Customers,98.0,7.0,786.28
C01513,0,At Risk,159.0,5.0,450.99
C01514,1,Champions,29.0,18.0,1216.67
C01515,3,Dormant / Low Value,487.0,1.0,288.46
C01516,4,Loyal Customers,77.0,7.0,356.91
C01517,3,Dormant / Low Value,51.0,1.0,143.41
C01518,4,Loyal Customers,89.0,5.0,600.65
C01519,0,At Risk,356.0,3.0,759.29
C01520,0,At Risk,72.0,5.0,241.86
C01521,0,At Risk,198.0,7.0,276.59
C01522,4,Loyal Customers,112.0,8.0,535.64
C01523,4,Loyal Customers,140.0,10.0,538.43
C01524,3,Dormant / Low Value,332.0,2.0,48.19
C01525,0,At Risk,113.0,4.0,170.13
C01526,4,Loyal Customers,78.0,9.0,388.28
C01527,2,Potential Loyalists,1.0,4.0,234.53
C01528,4,Loyal Customers,215.0,7.0,844.97
C01529,4,Loyal Customers,30.0,11.0,539.43
C01530,4,Loyal Customers,86.0,8.0,1223.99
C01531,3,Dormant / Low Value,730.0,1.0,17.8
C01532,4,Loyal Customers,60.0,7.0,784.65
C01533,1,Champions,7.0,11.0,1573.19
C01534,2,Potential Loyalists,34.0,3.0,225.23
C01535,0,At Risk,253.0,3.0,167.51999999999998
C01536,1,Champions,8.0,10.0,769.7
C01537,4,Loyal Customers,65.0,14.0,655.33
C01538,0,At Risk,105.0,8.0,239.82
C01539,2,Potential Loyalists,49.0,4.0,116.8
C01540,1,Champions,6.0,8.0,906.8
C01541,3,Dormant / Low Value,349.0,3.0,78.57
C01542,0,At Risk,75.0,5.0,408.67
C01543,2,Potential Loyalists,50.0,4.0,144.29
C01544,4,Loyal Customers,104.0,6.0,823.9
C01545,0,At Risk,111.0,5.0,186.19
C01546,3,Dormant / Low Value,640.0,2.0,75.91
C01547,4,Loyal Customers,67.0,5.0,559.98
C01548,2,Potential Loyalists,27.0,5.0,212.45
C01549,0,At Risk,142.0,3.0,273.70000000000005
C01550,2,Potential Loyalists,36.0,5.0,422.78
C01551,2,Potential Loyalists,18.0,7.0,603.5600000000001
C01552,0,At Risk,336.0,5.0,326.79999999999995
C01553,0,At Risk,96.0,4.0,287.3
C01554,4,Loyal Customers,106.0,7.0,1078.06
C01555,4,Loyal Customers,88.0,9.0,574.06
C01556,1,Champions,52.0,21.0,1710.71
C01557,2,Potential Loyalists,28.0,4.0,254.44
C01558,0,At Risk,158.0,6.0,494.47
C01559,4,Loyal Customers,80.0,13.0,908.26
C01560,0,At Risk,77.0,3.0,262.56
C01561,4,Loyal Customers,67.0,8.0,672.51
C01562,4,Loyal Customers,64.0,18.0,1284.9
C01563,1,Champions,27.0,9.0,805.11
C01564,4,Loyal Customers,54.0,10.0,928.81
C01565,4,Loyal Customers,200.0,9.0,811.8599999999999
C01566,0,At Risk,216.0,5.0,362.7
C01567,0,At Risk,344.0,3.0,140.65
C01568,0,At Risk,401.0,4.0,374.68
C01569,0,At Risk,95.0,4.0,308.61
C01570,0,At Risk,256.0,5.0,398.33
C01571,0,At Risk,98.0,4.0,318.65
C01572,2,Potential Loyalists,24.0,5.0,488.96
C01573,1,Champions,29.0,12.0,2129.19
C01574,0,At Risk,263.0,5.0,258.38
C01575,3,Dormant / Low Value,263.0,1.0,64.65
C01576,4,Loyal Customers,179.0,8.0,1026.31
C01577,4,Loyal Customers,104.0,12.0,695.35
C01578,-1,No Purchase,,0.0,0.0
C01579,4,Loyal Customers,71.0,16.0,1537.84
C01580,1,Champions,12.0,18.0,1344.18
C01581,4,Loyal Customers,64.0,13.0,1417.75
C01582,2,Potential Loyalists,24.0,4.0,268.76
C01583,-1,No Purchase,,0.0,0.0
C01584,1,Champions,6.0,12.0,645.1800000000001
C01585,4,Loyal Customers,71.0,14.0,1237.9
C01586,0,At Risk,154.0,7.0,334.01
C01587,0,At Risk,127.0,5.0,517.39
C01588,0,At Risk,452.0,3.0,410.59
C01589,0,At Risk,87.0,2.0,338.36
C01590,3,Dormant / Low Value,248.0,2.0,92.38
C01591,0,At Risk,161.0,3.0,461.68
C01592,4,Loyal Customers,45.0,14.0,944.57
C01593,0,At Risk,179.0,3.0,107.51
C01594,1,Champions,4.0,12.0,1275.05
C01595,1,Champions,7.0,10.0,620.49
C01596,3,Dormant / Low Value,653.0,3.0,74.57
C01597,2,Potential Loyalists,42.0,5.0,232.94
C01598,4,Loyal Customers,198.0,12.0,785.01
C01599,0,At Risk,107.0,4.0,123.08
C01600,4,Loyal Customers,165.0,13.0,975.4
C01601,0,At Risk,117.0,5.0,246.92
C01602,0,At Risk,89.0,5.0,207.17
C01603,1,Champions,1.0,16.0,962.71
C01604,2,Potential Loyalists,34.0,5.0,344.75
C01605,3,Dormant / Low Value,217.0,1.0,48.5
C01606,2,Potential Loyalists,7.0,4.0,201.64
C01607,0,At Risk,179.0,4.0,133.38
C01608,2,Potential Loyalists,5.0,4.0,594.78
C01609,1,Champions,13.0,9.0,625.94
C01610,0,At Risk,126.0,3.0,604.7
C01611,0,At Risk,230.0,6.0,520.95
C01612,4,Loyal Customers,60.0,5.0,487.67
C01613,0,At Risk,65.0,2.0,363.65
C01614,1,Champions,6.0,9.0,2367.05
C01615,3,Dormant / Low Value,65.0,2.0,111.44
C01616,2,Potential Loyalists,20.0,6.0,509.41
C01617,1,Champions,9.0,7.0,916.72
C01618,-1,No Purchase,,0.0,0.0
C01619,0,At Risk,78.0,5.0,287.38
C01620,3,Dormant / Low Value,42.0,1.0,9.85
C01621,4,Loyal Customers,68.0,4.0,917.05
C01622,4,Loyal Customers,224.0,9.0,651.86
C01623,2,Potential Loyalists,50.0,5.0,244.04
C01624,2,Potential Loyalists,8.0,7.0,395.61
C01625,4,Loyal Customers,150.0,10.0,977.55
C01626,2,Potential Loyalists,7.0,5.0,211.09
C01627,0,At Risk,248.0,4.0,174.09
C01628,0,At Risk,200.0,5.0,146.26
C01629,1,Champions,22.0,12.0,1213.48
C01630,2,Potential Loyalists,15.0,3.0,89.78
C01631,4,Loyal Customers,61.0,18.0,1304.92
C01632,0,At Risk,132.0,3.0,109.96
C01633,1,Champions,12.0,14.0,1327.92
C01634,3,Dormant / Low Value,373.0,1.0,26.71
C01635,2,Potential Loyalists,1.0,6.0,290.37
C01636,3,Dormant / Low Value,28.0,2.0,59.24
C01637,1,Champions,47.0,19.0,1706.92
C01638,2,Potential Loyalists,4.0,1.0,99.46
C01639,1,Champions,13.0,12.0,1256.0
C01640,4,Loyal Customers,72.0,8.0,539.08
C01641,0,At Risk,57.0,3.0,117.96
C01642,1,Champions,30.0,7.0,1925.8
C01643,2,Potential Loyalists,3.0,6.0,606.99
C01644,2,Potential Loyalists,8.0,5.0,453.02
C01645,2,Potential Loyalists,46.0,4.0,553.9300000000001
C01646,4,Loyal Customers,85.0,4.0,1137.79
C01647,4,Loyal Customers,94.0,10.0,836.64
C01648,1,Champions,6.0,24.0,1474.61
C01649,4,Loyal Customers,72.0,16.0,1275.4
C01650,3,Dormant / Low Value,85.0,2.0,56.12
C01651,0,At Risk,141.0,5.0,256.49
C01652,2,Potential Loyalists,59.0,5.0,423.82
C01653,3,Dormant / Low Value,110.0,2.0,27.17
C01654,4,Loyal Customers,83.0,16.0,1115.27
C01655,4,Loyal Customers,72.0,5.0,1240.68
C01656,0,At Risk,306.0,3.0,239.26
C01657,1,Champions,32.0,10.0,1596.37
C01658,2,Potential Loyalists,16.0,7.0,233.26
C01659,0,At Risk,165.0,3.0,117.05
C01660,-1,No Purchase,,0.0,0.0
C01661,0,At Risk,564.0,4.0,362.45
C01662,0,At Risk,63.0,5.0,293.28000000000003
C01663,4,Loyal Customers,56.0,9.0,420.03
C01664,1,Champions,34.0,19.0,1152.51
C01665,1,Champions,34.0,17.0,1369.92
C01666,1,Champions,10.0,13.0,1447.35
C01667,3,Dormant / Low Value,229.0,2.0,35.43
C01668,0,At Risk,217.0,4.0,174.44
C01669,1,Champions,42.0,17.0,822.23
C01670,2,Potential Loyalists,15.0,7.0,472.61
C01671,2,Potential Loyalists,33.0,8.0,374.13
C01672,4,Loyal Customers,75.0,8.0,658.62
C01673,4,Loyal Customers,94.0,7.0,363.18
C01674,1,Champions,2.0,14.0,1518.88
C01675,1,Champions,15.0,18.0,1375.28
C01676,4,Loyal Customers,58.0,13.0,439.87
C01677,2,Potential Loyalists,30.0,5.0,314.90000000000003
C01678,1,Champions,55.0,17.0,1598.38
C01679,4,Loyal Customers,87.0,6.0,717.1
C01680,4,Loyal Customers,56.0,15.0,537.75
C01681,1,Champions,16.0,14.0,1283.5
C01682,2,Potential Loyalists,7.0,8.0,380.26
C01683,3,Dormant / Low Value,363.0,2.0,71.00999999999999
C01684,2,Potential Loyalists,4.0,5.0,948.39
C01685,0,At Risk,189.0,4.0,110.53
C01686,4,Loyal Customers,89.0,7.0,689.54
C01687,2,Potential Loyalists,3.0,3.0,501.49
C01688,4,Loyal Customers,40.0,8.0,474.74
C01689,1,Champions,4.0,9.0,1100.56
C01690,4,Loyal Customers,63.0,10.0,673.74
C01691,4,Loyal Customers,51.0,12.0,888.09
C01692,3,Dormant / Low Value,393.0,1.0,201.38
C01693,4,Loyal Customers,37.0,6.0,1151.0
C01694,4,Loyal Customers,120.0,6.0,1089.99
C01695,0,At Risk,172.0,4.0,100.92
C01696,0,At Risk,264.0,8.0,285.66
C01697,2,Potential Loyalists,8.0,7.0,441.98
C01698,3,Dormant / Low Value,202.0,1.0,31.44
C01699,2,Potential Loyalists,32.0,4.0,137.78
C01700,1,Champions,6.0,21.0,1443.15
C01701,3,Dormant / Low Value,66.0,1.0,62.73
C01702,0,At Risk,269.0,3.0,229.85
C01703,4,Loyal Customers,63.0,13.0,600.35
C01704,2,Potential Loyalists,22.0,4.0,643.75
C01705,-1,No Purchase,,0.0,0.0
C01706,0,At Risk,168.0,6.0,314.83
C01707,4,Loyal Customers,100.0,4.0,1490.87
C01708,1,Champions,49.0,22.0,1461.51
C01709,4,Loyal Customers,222.0,6.0,674.1400000000001
C01710,0,At Risk,281.0,7.0,468.67
C01711,4,Loyal Customers,175.0,7.0,496.98
C01712,0,At Risk,56.0,1.0,761.85
C01713,1,Champions,12.0,25.0,2086.53
C01714,2,Potential Loyalists,5.0,5.0,151.17000000000002
C01715,4,Loyal Customers,131.0,10.0,1104.88
C01716,1,Champions,1.0,7.0,554.0799999999999
C01717,4,Loyal Customers,121.0,7.0,564.8
C01718,2,Potential Loyalists,25.0,7.0,194.55
C01719,2,Potential Loyalists,28.0,6.0,817.0799999999999
C01720,0,At Risk,193.0,4.0,165.14
C01721,0,At Risk,134.0,5.0,195.81
C01722,1,Champions,5.0,12.0,247.19
C01723,4,Loyal Customers,213.0,9.0,516.59
C01724,4,Loyal Customers,193.0,8.0,535.85
C01725,0,At Risk,171.0,3.0,259.54
C01726,0,At Risk,276.0,6.0,566.44
C01727,1,Champions,3.0,21.0,1743.3
C01728,0,At Risk,92.0,3.0,256.02
C01729,0,At Risk,186.0,3.0,221.88
C01730,1,Champions,8.0,14.0,873.64
C01731,3,Dormant / Low Value,62.0,3.0,85.64
C01732,1,Champions,6.0,11.0,1561.35
C01733,0,At Risk,190.0,5.0,457.74
C01734,1,Champions,15.0,22.0,1678.05
C01735,4,Loyal Customers,67.0,7.0,640.85
C01736,4,Loyal Customers,36.0,14.0,501.93
C01737,2,Potential Loyalists,23.0,6.0,543.22
C01738,0,At Risk,90.0,7.0,287.08000000000004
C01739,4,Loyal Customers,184.0,6.0,689.4699999999999
C01740,3,Dormant / Low Value,389.0,1.0,83.25
C01741,3,Dormant / Low Value,98.0,1.0,222.96
C01742,0,At Risk,100.0,1.0,377.46
C01743,-1,No Purchase,,0.0,0.0
C01744,4,Loyal Customers,72.0,15.0,1718.57
C01745,4,Loyal Customers,106.0,9.0,660.0699999999999
C01746,1,Champions,23.0,15.0,2616.8
C01747,2,Potential Loyalists,33.0,5.0,253.67
C01748,2,Potential Loyalists,30.0,5.0,691.52
C01749,0,At Risk,90.0,4.0,208.6
C01750,3,Dormant / Low Value,197.0,2.0,119.57
C01751,0,At Risk,141.0,3.0,204.46
C01752,1,Champions,2.0,16.0,1281.41
C01753,1,Champions,41.0,14.0,1123.65
C01754,2,Potential Loyalists,23.0,5.0,439.34
C01755,2,Potential Loyalists,7.0,7.0,287.1
C01756,3,Dormant / Low Value,434.0,2.0,167.87
C01757,3,Dormant / Low Value,407.0,2.0,16.45
C01758,1,Champions,41.0,16.0,1429.48
C01759,1,Champions,30.0,17.0,1392.87
C01760,2,Potential Loyalists,29.0,4.0,241.32
C01761,0,At Risk,62.0,2.0,128.36
C01762,-1,No Purchase,,0.0,0.0
C01763,0,At Risk,170.0,3.0,107.33
C01764,3,Dormant / Low Value,469.0,1.0,22.22
C01765,3,Dormant / Low Value,666.0,1.0,35.84
C01766,-1,No Purchase,,0.0,0.0
C01767,3,Dormant / Low Value,620.0,1.0,29.25
C01768,3,Dormant / Low Value,354.0,1.0,84.45
C01769,0,At Risk,87.0,5.0,392.55
C01770,2,Potential Loyalists,30.0,6.0,558.6
C01771,2,Potential Loyalists,40.0,6.0,199.74
C01772,0,At Risk,201.0,4.0,338.0
C01773,4,Loyal Customers,62.0,14.0,675.0
C01774,4,Loyal Customers,41.0,8.0,390.97
C01775,4,Loyal Customers,31.0,7.0,626.85
C01776,4,Loyal Customers,122.0,9.0,649.23
C01777,4,Loyal Customers,71.0,6.0,870.73
C01778,4,Loyal Customers,73.0,7.0,309.8
C01779,4,Loyal Customers,234.0,5.0,1111.27
C01780,2,Potential Loyalists,58.0,4.0,701.94
C01781,4,Loyal Customers,60.0,11.0,737.04
C01782,0,At Risk,309.0,4.0,176.36999999999998
C01783,0,At Risk,384.0,4.0,182.45
C01784,4,Loyal Customers,89.0,6.0,504.73
C01785,4,Loyal Customers,44.0,8.0,420.6
C01786,4,Loyal Customers,137.0,7.0,685.78
C01787,4,Loyal Customers,113.0,8.0,862.89
C01788,4,Loyal Customers,30.0,11.0,467.73
C01789,-1,No Purchase,,0.0,0.0
C01790,4,Loyal Customers,51.0,12.0,1828.2200000000005
C01791,2,Potential Loyalists,6.0,7.0,365.61
C01792,0,At Risk,119.0,4.0,123.25
C01793,4,Loyal Customers,63.0,9.0,927.17
C01794,4,Loyal Customers,69.0,19.0,1292.06
C01795,3,Dormant / Low Value,263.0,2.0,51.09
C01796,1,Champions,17.0,12.0,1168.03
C01797,0,At Risk,121.0,2.0,154.19
C01798,4,Loyal Customers,59.0,7.0,480.57
C01799,4,Loyal Customers,129.0,10.0,358.97
C01800,4,Loyal Customers,48.0,7.0,452.37
C01801,0,At Risk,291.0,5.0,193.91000000000005
C01802,3,Dormant / Low Value,47.0,2.0,61.43
C01803,1,Champions,20.0,11.0,2290.12
C01804,4,Loyal Customers,107.0,11.0,550.33
C01805,4,Loyal Customers,54.0,8.0,657.7
C01806,0,At Risk,106.0,5.0,282.96000000000004
C01807,4,Loyal Customers,132.0,8.0,362.23
C01808,2,Potential Loyalists,35.0,8.0,411.03
C01809,3,Dormant / Low Value,640.0,1.0,67.2
C01810,0,At Risk,325.0,2.0,445.04
C01811,2,Potential Loyalists,7.0,6.0,423.5
C01812,4,Loyal Customers,64.0,9.0,563.75
C01813,0,At Risk,73.0,4.0,336.17
C01814,1,Champions,16.0,11.0,772.35
C01815,2,Potential Loyalists,10.0,3.0,342.95
C01816,4,Loyal Customers,42.0,10.0,1025.85
C01817,4,Loyal Customers,47.0,7.0,443.31
C01818,0,At Risk,447.0,4.0,456.33
C01819,3,Dormant / Low Value,421.0,2.0,160.62
C01820,1,Champions,6.0,12.0,833.36
C01821,2,Potential Loyalists,28.0,8.0,412.48
C01822,0,At Risk,103.0,5.0,179.19
C01823,4,Loyal Customers,53.0,7.0,359.0
C01824,4,Loyal Customers,131.0,9.0,305.13
C01825,0,At Risk,58.0,3.0,142.45
C01826,0,At Risk,92.0,7.0,212.72
C01827,4,Loyal Customers,120.0,10.0,486.8200000000001
C01828,1,Champions,39.0,17.0,1473.58
C01829,4,Loyal Customers,164.0,8.0,347.23
C01830,0,At Risk,77.0,5.0,256.15
C01831,-1,No Purchase,,0.0,0.0
C01832,0,At Risk,171.0,7.0,260.85
C01833,0,At Risk,312.0,3.0,172.53000000000003
C01834,3,Dormant / Low Value,636.0,2.0,129.72
C01835,0,At Risk,182.0,3.0,315.44
C01836,0,At Risk,253.0,4.0,150.95000000000002
C01837,2,Potential Loyalists,57.0,5.0,331.44
C01838,4,Loyal Customers,36.0,8.0,642.26
C01839,4,Loyal Customers,50.0,8.0,390.62
C01840,0,At Risk,280.0,5.0,206.36
C01841,2,Potential Loyalists,17.0,4.0,313.53
C01842,-1,No Purchase,,0.0,0.0
C01843,1,Champions,1.0,10.0,663.29
C01844,0,At Risk,151.0,5.0,242.89
C01845,2,Potential Loyalists,9.0,7.0,248.57
C01846,0,At Risk,208.0,6.0,433.08
C01847,3,Dormant / Low Value,194.0,2.0,86.69
C01848,0,At Risk,270.0,4.0,301.67
C01849,4,Loyal Customers,62.0,8.0,733.5
C01850,0,At Risk,83.0,4.0,235.5
C01851,4,Loyal Customers,67.0,12.0,793.11
C01852,4,Loyal Customers,186.0,11.0,486.97
C01853,4,Loyal Customers,155.0,12.0,817.5899999999999
C01854,4,Loyal Customers,277.0,9.0,882.62
C01855,3,Dormant / Low Value,359.0,1.0,111.84
C01856,0,At Risk,158.0,4.0,137.66
C01857,3,Dormant / Low Value,361.0,3.0,100.96
C01858,0,At Risk,319.0,3.0,233.48
C01859,4,Loyal Customers,167.0,4.0,1228.97
C01860,0,At Risk,152.0,6.0,239.02
C01861,-1,No Purchase,,0.0,0.0
C01862,-1,No Purchase,,0.0,0.0
C01863,2,Potential Loyalists,39.0,3.0,1079.06
C01864,1,Champions,29.0,11.0,500.39
C01865,1,Champions,7.0,12.0,661.51
C01866,4,Loyal Customers,56.0,14.0,833.12
C01867,2,Potential Loyalists,7.0,8.0,492.36
C01868,0,At Risk,339.0,5.0,217.68
C01869,0,At Risk,108.0,4.0,242.56
C01870,0,At Risk,255.0,6.0,190.25
C01871,4,Loyal Customers,47.0,12.0,1253.72
C01872,3,Dormant / Low Value,555.0,1.0,21.46
C01873,3,Dormant / Low Value,710.0,1.0,11.83
C01874,1,Champions,10.0,13.0,1445.07
C01875,1,Champions,6.0,8.0,3118.51
C01876,2,Potential Loyalists,18.0,5.0,303.81
C01877,4,Loyal Customers,174.0,6.0,997.39
C01878,4,Loyal Customers,106.0,10.0,493.14
C01879,4,Loyal Customers,99.0,8.0,499.56
C01880,0,At Risk,128.0,6.0,222.51
C01881,3,Dormant / Low Value,607.0,2.0,150.63
C01882,4,Loyal Customers,94.0,8.0,443.42
C01883,4,Loyal Customers,111.0,7.0,445.65
C01884,2,Potential Loyalists,26.0,7.0,260.28
C01885,2,Potential Loyalists,33.0,7.0,403.71
C01886,0,At Risk,137.0,2.0,180.71
C01887,0,At Risk,303.0,5.0,306.31
C01888,1,Champions,2.0,17.0,1142.58
C01889,2,Potential Loyalists,29.0,7.0,548.44
C01890,0,At Risk,55.0,3.0,236.3
C01891,0,At Risk,112.0,6.0,222.33
C01892,4,Loyal Customers,116.0,7.0,355.2
C01893,4,Loyal Customers,123.0,9.0,559.73
C01894,4,Loyal Customers,116.0,9.0,713.52
C01895,3,Dormant / Low Value,718.0,1.0,287.13
C01896,1,Champions,25.0,9.0,583.51
C01897,3,Dormant / Low Value,194.0,2.0,96.34
C01898,3,Dormant / Low Value,266.0,1.0,5.32
C01899,0,At Risk,163.0,3.0,106.71
C01900,0,At Risk,172.0,6.0,442.85
C01901,0,At Risk,162.0,4.0,170.21
C01902,4,Loyal Customers,30.0,8.0,829.3
C01903,0,At Risk,460.0,2.0,247.64
C01904,0,At Risk,207.0,3.0,288.18
C01905,4,Loyal Customers,280.0,8.0,514.4300000000001
C01906,2,Potential Loyalists,17.0,8.0,496.35
C01907,3,Dormant / Low Value,34.0,2.0,63.85
C01908,4,Loyal Customers,28.0,8.0,853.0799999999999
C01909,4,Loyal Customers,30.0,11.0,510.24
C01910,-1,No Purchase,,0.0,0.0
C01911,0,At Risk,196.0,2.0,547.49
C01912,4,Loyal Customers,75.0,12.0,996.08
C01913,0,At Risk,361.0,8.0,170.07
C01914,3,Dormant / Low Value,190.0,2.0,117.43
C01915,4,Loyal Customers,85.0,5.0,617.64
C01916,2,Potential Loyalists,45.0,7.0,230.01
C01917,0,At Risk,307.0,4.0,313.84
C01918,0,At Risk,171.0,5.0,355.52
C01919,3,Dormant / Low Value,82.0,1.0,20.37
C01920,1,Champions,11.0,8.0,951.01
C01921,0,At Risk,85.0,6.0,260.59
C01922,2,Potential Loyalists,6.0,5.0,279.66
C01923,0,At Risk,69.0,5.0,169.87
C01924,2,Potential Loyalists,39.0,6.0,602.3299999999999
C01925,2,Potential Loyalists,4.0,3.0,87.0
C01926,4,Loyal Customers,198.0,7.0,539.5
C01927,1,Champions,4.0,10.0,728.86
C01928,3,Dormant / Low Value,65.0,2.0,20.12
C01929,4,Loyal Customers,68.0,8.0,829.79
C01930,0,At Risk,291.0,5.0,208.84
C01931,2,Potential Loyalists,47.0,4.0,178.43
C01932,4,Loyal Customers,172.0,8.0,675.78
C01933,4,Loyal Customers,37.0,12.0,797.97
C01934,2,Potential Loyalists,12.0,7.0,519.87
C01935,0,At Risk,179.0,2.0,299.97
C01936,4,Loyal Customers,141.0,6.0,554.31
C01937,4,Loyal Customers,252.0,6.0,703.53
C01938,0,At Risk,148.0,5.0,268.72
C01939,2,Potential Loyalists,20.0,3.0,119.46
C01940,0,At Risk,412.0,3.0,149.7
C01941,4,Loyal Customers,403.0,6.0,899.44
C01942,0,At Risk,265.0,2.0,1421.22
C01943,2,Potential Loyalists,34.0,6.0,380.75
C01944,4,Loyal Customers,75.0,16.0,1054.92
C01945,4,Loyal Customers,128.0,13.0,1780.84
C01946,3,Dormant / Low Value,493.0,1.0,19.02
C01947,4,Loyal Customers,63.0,18.0,1381.74
C01948,3,Dormant / Low Value,31.0,3.0,48.72
C01949,4,Loyal Customers,129.0,20.0,2163.62
C01950,-1,No Purchase,,0.0,0.0
C01951,2,Potential Loyalists,4.0,6.0,392.61
C01952,4,Loyal Customers,81.0,7.0,392.16
C01953,3,Dormant / Low Value,504.0,1.0,41.36
C01954,1,Champions,9.0,16.0,1060.98
C01955,3,Dormant / Low Value,218.0,1.0,38.3
C01956,2,Potential Loyalists,14.0,4.0,395.89
C01957,4,Loyal Customers,30.0,9.0,866.69
C01958,1,Champions,7.0,14.0,910.38
C01959,0,At Risk,119.0,7.0,336.12
C01960,3,Dormant / Low Value,344.0,2.0,54.56
C01961,4,Loyal Customers,76.0,6.0,469.55
C01962,1,Champions,1.0,11.0,695.01
C01963,2,Potential Loyalists,8.0,2.0,28.26
C01964,2,Potential Loyalists,31.0,9.0,322.13
C01965,0,At Risk,111.0,3.0,418.41
C01966,2,Potential Loyalists,14.0,8.0,249.52
C01967,4,Loyal Customers,61.0,7.0,487.34
C01968,0,At Risk,188.0,7.0,315.16
C01969,0,At Risk,124.0,6.0,179.11
C01970,3,Dormant / Low Value,279.0,3.0,75.84
C01971,3,Dormant / Low Value,252.0,1.0,7.99
C01972,1,Champions,16.0,14.0,1082.24
C01973,0,At Risk,262.0,4.0,358.34
C01974,3,Dormant / Low Value,347.0,3.0,101.97
C01975,0,At Risk,634.0,2.0,378.35
C01976,4,Loyal Customers,119.0,7.0,636.4399999999999
C01977,4,Loyal Customers,52.0,15.0,878.78
C01978,4,Loyal Customers,85.0,14.0,1134.3300000000002
C01979,0,At Risk,96.0,4.0,591.31
C01980,1,Champions,3.0,18.0,1217.16
C01981,1,Champions,25.0,9.0,708.9300000000001
C01982,1,Champions,3.0,15.0,848.39
C01983,0,At Risk,235.0,3.0,395.25
C01984,4,Loyal Customers,54.0,9.0,555.69
C01985,1,Champions,26.0,21.0,1060.87
C01986,3,Dormant / Low Value,199.0,2.0,121.41
C01987,4,Loyal Customers,254.0,18.0,1977.73
C01988,0,At Risk,52.0,2.0,372.56
C01989,-1,No Purchase,,0.0,0.0
C01990,0,At Risk,91.0,2.0,181.2
C01991,4,Loyal Customers,120.0,8.0,797.53
C01992,4,Loyal Customers,112.0,8.0,491.71
C01993,0,At Risk,343.0,6.0,283.82
C01994,0,At Risk,95.0,5.0,208.77
C01995,2,Potential Loyalists,32.0,4.0,221.13
C01996,2,Potential Loyalists,10.0,4.0,108.83
C01997,2,Potential Loyalists,30.0,6.0,217.02
C01998,4,Loyal Customers,379.0,6.0,1256.1
C01999,3,Dormant / Low Value,256.0,1.0,14.96
C02000,1,Champions,8.0,8.0,1480.54
C02001,0,At Risk,91.0,5.0,388.25
C02002,3,Dormant / Low Value,139.0,2.0,93.68
C02003,4,Loyal Customers,49.0,13.0,856.88
C02004,2,Potential Loyalists,25.0,6.0,207.64
C02005,1,Champions,14.0,17.0,686.97
C02006,4,Loyal Customers,55.0,10.0,529.11
C02007,3,Dormant / Low Value,164.0,3.0,68.3
C02008,2,Potential Loyalists,42.0,4.0,258.8
C02009,4,Loyal Customers,48.0,8.0,493.5
C02010,0,At Risk,191.0,3.0,246.51
C02011,0,At Risk,207.0,3.0,265.25
C02012,2,Potential Loyalists,43.0,6.0,307.74
C02013,0,At Risk,110.0,4.0,84.58
C02014,0,At Risk,76.0,5.0,219.81000000000003
C02015,4,Loyal Customers,61.0,8.0,801.06
C02016,3,Dormant / Low Value,504.0,2.0,86.98
C02017,4,Loyal Customers,41.0,7.0,920.84
C02018,0,At Risk,140.0,5.0,308.36
C02019,2,Potential Loyalists,11.0,7.0,383.64
C02020,4,Loyal Customers,96.0,18.0,983.72
C02021,-1,No Purchase,,0.0,0.0
C02022,3,Dormant / Low Value,352.0,2.0,41.07
C02023,0,At Risk,64.0,5.0,238.78
C02024,0,At Risk,206.0,6.0,366.98
C02025,3,Dormant / Low Value,145.0,3.0,86.68
C02026,0,At Risk,246.0,8.0,385.87
C02027,4,Loyal Customers,215.0,7.0,600.12
C02028,0,At Risk,114.0,7.0,336.79
C02029,1,Champions,3.0,9.0,803.53
C02030,0,At Risk,430.0,2.0,348.28000000000003
C02031,3,Dormant / Low Value,83.0,1.0,53.83
C02032,2,Potential Loyalists,22.0,5.0,295.21000000000004
C02033,4,Loyal Customers,105.0,9.0,273.62
C02034,3,Dormant / Low Value,216.0,2.0,17.71
C02035,4,Loyal Customers,54.0,11.0,1025.14
C02036,4,Loyal Customers,53.0,15.0,808.03
C02037,0,At Risk,188.0,5.0,152.59
C02038,4,Loyal Customers,62.0,9.0,935.62
C02039,1,Champions,15.0,10.0,807.49
C02040,3,Dormant / Low Value,587.0,2.0,51.85
C02041,4,Loyal Customers,43.0,7.0,466.83
C02042,2,Potential Loyalists,23.0,5.0,393.28
C02043,1,Champions,44.0,14.0,1169.32
C02044,3,Dormant / Low Value,444.0,1.0,2.68
C02045,2,Potential Loyalists,40.0,4.0,147.18
C02046,4,Loyal Customers,60.0,10.0,497.33
C02047,2,Potential Loyalists,19.0,7.0,264.52
C02048,0,At Risk,106.0,5.0,225.21
C02049,4,Loyal Customers,55.0,7.0,941.75
C02050,3,Dormant / Low Value,38.0,1.0,66.42
C02051,0,At Risk,153.0,3.0,150.47
C02052,4,Loyal Customers,83.0,9.0,284.06
C02053,4,Loyal Customers,112.0,10.0,518.2
C02054,2,Potential Loyalists,38.0,2.0,475.17
C02055,0,At Risk,251.0,6.0,368.13
C02056,-1,No Purchase,,0.0,0.0
C02057,2,Potential Loyalists,8.0,3.0,187.85
C02058,0,At Risk,291.0,4.0,242.88
C02059,2,Potential Loyalists,3.0,6.0,352.51
C02060,1,Champions,40.0,20.0,1196.35
C02061,0,At Risk,180.0,4.0,451.95
C02062,1,Champions,11.0,9.0,1028.38
C02063,0,At Risk,66.0,3.0,108.16
C02064,1,Champions,21.0,13.0,740.4
C02065,4,Loyal Customers,52.0,10.0,1072.02
C02066,4,Loyal Customers,35.0,8.0,636.7
C02067,0,At Risk,206.0,4.0,133.11
C02068,2,Potential Loyalists,32.0,5.0,387.69
C02069,0,At Risk,276.0,6.0,176.79
C02070,4,Loyal Customers,92.0,18.0,962.84
C02071,0,At Risk,515.0,3.0,598.8299999999999
C02072,3,Dormant / Low Value,420.0,3.0,92.43
C02073,1,Champions,40.0,14.0,1199.41
C02074,4,Loyal Customers,59.0,7.0,620.22
C02075,0,At Risk,356.0,4.0,623.6
C02076,0,At Risk,216.0,2.0,398.06
C02077,0,At Risk,123.0,4.0,456.78
C02078,2,Potential Loyalists,26.0,6.0,255.98
C02079,0,At Risk,184.0,4.0,515.58
C02080,2,Potential Loyalists,24.0,7.0,664.5899999999999
C02081,2,Potential Loyalists,54.0,5.0,308.83000000000004
C02082,1,Champions,17.0,18.0,1318.44
C02083,4,Loyal Customers,58.0,7.0,603.46
C02084,1,Champions,5.0,15.0,591.72
C02085,3,Dormant / Low Value,149.0,1.0,73.08
C02086,4,Loyal Customers,80.0,7.0,744.36
C02087,4,Loyal Customers,81.0,8.0,1907.58
C02088,4,Loyal Customers,244.0,11.0,562.06
C02089,0,At Risk,209.0,6.0,458.14
C02090,0,At Risk,190.0,5.0,94.02
C02091,4,Loyal Customers,83.0,12.0,569.78
C02092,4,Loyal Customers,147.0,12.0,597.1
C02093,0,At Risk,215.0,3.0,236.91
C02094,1,Champions,6.0,15.0,1215.3
C02095,3,Dormant / Low Value,483.0,2.0,135.24
C02096,0,At Risk,132.0,3.0,252.28
C02097,4,Loyal Customers,159.0,8.0,474.74
C02098,4,Loyal Customers,199.0,6.0,1184.34
C02099,3,Dormant / Low Value,279.0,1.0,13.52
C02100,4,Loyal Customers,70.0,10.0,1278.78
C02101,-1,No Purchase,,0.0,0.0
C02102,4,Loyal Customers,83.0,15.0,1098.33
C02103,1,Champions,25.0,20.0,2484.95
C02104,1,Champions,10.0,9.0,469.66
C02105,1,Champions,45.0,17.0,1763.37
C02106,4,Loyal Customers,140.0,9.0,739.66
C02107,3,Dormant / Low Value,34.0,1.0,18.29
C02108,4,Loyal Customers,121.0,5.0,741.91
C02109,2,Potential Loyalists,27.0,2.0,591.4499999999999
C02110,4,Loyal Customers,89.0,10.0,1190.78
C02111,2,Potential Loyalists,22.0,6.0,201.12
C02112,0,At Risk,166.0,4.0,242.76
C02113,4,Loyal Customers,106.0,10.0,395.69
C02114,3,Dormant / Low Value,77.0,1.0,75.32
C02115,4,Loyal Customers,86.0,13.0,1154.86
C02116,0,At Risk,597.0,1.0,456.5
C02117,0,At Risk,89.0,5.0,216.06
C02118,3,Dormant / Low Value,389.0,3.0,88.23
C02119,0,At Risk,416.0,3.0,151.21
C02120,3,Dormant / Low Value,81.0,2.0,80.96000000000001
C02121,0,At Risk,105.0,4.0,121.75
C02122,0,At Risk,290.0,2.0,183.26
C02123,2,Potential Loyalists,5.0,3.0,1895.18
C02124,1,Champions,19.0,9.0,574.56
C02125,0,At Risk,348.0,4.0,228.89
C02126,1,Champions,28.0,9.0,1045.12
C02127,2,Potential Loyalists,54.0,4.0,507.33
C02128,0,At Risk,145.0,4.0,693.52
C02129,3,Dormant / Low Value,504.0,1.0,115.51
C02130,0,At Risk,71.0,4.0,620.45
C02131,4,Loyal Customers,128.0,7.0,510.55
C02132,0,At Risk,164.0,2.0,335.04
C02133,1,Champions,51.0,19.0,1114.06
C02134,1,Champions,13.0,9.0,474.87
C02135,0,At Risk,240.0,5.0,519.5
C02136,0,At Risk,326.0,4.0,160.31
C02137,1,Champions,4.0,12.0,851.46
C02138,4,Loyal Customers,66.0,14.0,809.74
C02139,1,Champions,12.0,11.0,968.09
C02140,1,Champions,28.0,22.0,1645.32
C02141,0,At Risk,310.0,4.0,99.81
C02142,1,Champions,18.0,12.0,574.54
C02143,4,Loyal Customers,103.0,13.0,564.83
C02144,0,At Risk,152.0,3.0,134.99
C02145,1,Champions,39.0,13.0,1101.59
C02146,0,At Risk,77.0,2.0,167.9
C02147,3,Dormant / Low Value,204.0,2.0,56.87
C02148,0,At Risk,154.0,4.0,372.75
C02149,2,Potential Loyalists,43.0,4.0,136.73
C02150,1,Champions,8.0,10.0,394.68
C02151,3,Dormant / Low Value,336.0,2.0,27.160000000000004
C02152,2,Potential Loyalists,6.0,6.0,791.71
C02153,1,Champions,1.0,9.0,534.91
C02154,4,Loyal Customers,91.0,5.0,628.49
C02155,1,Champions,73.0,26.0,1750.45
C02156,3,Dormant / Low Value,486.0,1.0,29.45
C02157,0,At Risk,175.0,4.0,605.85
C02158,0,At Risk,166.0,6.0,329.99
C02159,3,Dormant / Low Value,321.0,2.0,76.06
C02160,4,Loyal Customers,413.0,10.0,921.94
C02161,-1,No Purchase,,0.0,0.0
C02162,0,At Risk,507.0,4.0,304.35
C02163,0,At Risk,113.0,3.0,277.49
C02164,1,Champions,45.0,16.0,1173.24
C02165,0,At Risk,290.0,4.0,280.03000000000003
C02166,1,Champions,30.0,19.0,1000.94
C02167,1,Champions,7.0,10.0,1762.19
C02168,1,Champions,7.0,9.0,479.62
C02169,0,At Risk,93.0,4.0,216.98
C02170,0,At Risk,327.0,3.0,553.86
C02171,3,Dormant / Low Value,401.0,1.0,271.38
C02172,1,Champions,21.0,11.0,1061.66
C02173,2,Potential Loyalists,9.0,2.0,29.1
C02174,0,At Risk,128.0,3.0,816.66
C02175,0,At Risk,120.0,5.0,398.83
C02176,2,Potential Loyalists,51.0,5.0,338.44
C02177,4,Loyal Customers,37.0,10.0,377.12
C02178,3,Dormant / Low Value,214.0,2.0,143.19
C02179,0,At Risk,216.0,3.0,123.26
C02180,1,Champions,17.0,10.0,465.73
C02181,-1,No Purchase,,0.0,0.0
C02182,2,Potential Loyalists,6.0,6.0,564.52
C02183,0,At Risk,177.0,2.0,209.1
C02184,4,Loyal Customers,136.0,9.0,387.05
C02185,0,At Risk,90.0,5.0,137.24
C02186,4,Loyal Customers,57.0,17.0,1089.29
C02187,2,Potential Loyalists,54.0,5.0,466.51
C02188,2,Potential Loyalists,1.0,7.0,444.06
C02189,4,Loyal Customers,37.0,8.0,438.6
C02190,-1,No Purchase,,0.0,0.0
C02191,4,Loyal Customers,77.0,8.0,878.57
C02192,4,Loyal Customers,53.0,11.0,752.31
C02193,3,Dormant / Low Value,152.0,1.0,44.19
C02194,1,Champions,17.0,10.0,532.53
C02195,1,Champions,2.0,10.0,393.51
C02196,0,At Risk,115.0,6.0,269.21
C02197,2,Potential Loyalists,7.0,6.0,191.83
C02198,3,Dormant / Low Value,256.0,2.0,34.410000000000004
C02199,4,Loyal Customers,110.0,10.0,636.38
C02200,0,At Risk,206.0,5.0,186.19
C02201,4,Loyal Customers,69.0,17.0,1344.04
C02202,1,Champions,1.0,16.0,641.66
C02203,0,At Risk,121.0,4.0,313.29999999999995
C02204,1,Champions,27.0,12.0,699.06
C02205,4,Loyal Customers,218.0,10.0,999.72
C02206,4,Loyal Customers,115.0,9.0,1969.25
C02207,4,Loyal Customers,117.0,11.0,983.35
C02208,2,Potential Loyalists,19.0,5.0,167.3
C02209,0,At Risk,69.0,3.0,149.58
C02210,-1,No Purchase,,0.0,0.0
C02211,3,Dormant / Low Value,179.0,2.0,50.31
C02212,4,Loyal Customers,87.0,13.0,978.96
C02213,1,Champions,23.0,11.0,1108.73
C02214,4,Loyal Customers,89.0,17.0,1280.14
C02215,0,At Risk,441.0,2.0,858.79
C02216,3,Dormant / Low Value,136.0,2.0,139.07999999999998
C02217,4,Loyal Customers,57.0,14.0,700.77
C02218,1,Champions,13.0,20.0,2538.9500000000003
C02219,4,Loyal Customers,223.0,11.0,338.83
C02220,1,Champions,24.0,10.0,2286.3
C02221,2,Potential Loyalists,19.0,7.0,410.31
C02222,2,Potential Loyalists,18.0,7.0,279.06
C02223,2,Potential Loyalists,29.0,6.0,617.54
C02224,4,Loyal Customers,85.0,20.0,1199.48
C02225,0,At Risk,384.0,4.0,545.19
C02226,2,Potential Loyalists,58.0,6.0,341.46000000000004
C02227,0,At Risk,90.0,4.0,253.07
C02228,-1,No Purchase,,0.0,0.0
C02229,4,Loyal Customers,142.0,9.0,470.93
C02230,2,Potential Loyalists,40.0,6.0,480.07
C02231,4,Loyal Customers,126.0,8.0,871.1500000000001
C02232,0,At Risk,131.0,6.0,400.64
C02233,1,Champions,21.0,17.0,1704.68
C02234,1,Champions,2.0,14.0,822.92
C02235,1,Champions,40.0,20.0,1549.52
C02236,0,At Risk,561.0,3.0,187.36
C02237,4,Loyal Customers,314.0,8.0,512.28
C02238,0,At Risk,535.0,3.0,426.63
C02239,4,Loyal Customers,62.0,8.0,484.21
C02240,0,At Risk,260.0,3.0,730.76
C02241,4,Loyal Customers,40.0,6.0,902.31
C02242,2,Potential Loyalists,22.0,5.0,199.09
C02243,0,At Risk,487.0,3.0,601.13
C02244,0,At Risk,101.0,5.0,373.47
C02245,0,At Risk,110.0,4.0,419.67
C02246,0,At Risk,269.0,7.0,332.43
C02247,3,Dormant / Low Value,87.0,3.0,89.11
C02248,1,Champions,16.0,10.0,793.69
C02249,2,Potential Loyalists,22.0,5.0,500.37
C02250,2,Potential Loyalists,37.0,4.0,229.87
C02251,4,Loyal Customers,134.0,15.0,592.0799999999999
C02252,2,Potential Loyalists,16.0,6.0,818.13
C02253,4,Loyal Customers,37.0,8.0,408.41
C02254,3,Dormant / Low Value,703.0,1.0,40.71
C02255,2,Potential Loyalists,20.0,9.0,266.16
C02256,1,Champions,7.0,19.0,1083.7
C02257,4,Loyal Customers,31.0,8.0,534.6999999999999
C02258,3,Dormant / Low Value,448.0,1.0,78.97
C02259,4,Loyal Customers,67.0,6.0,551.41
C02260,1,Champions,13.0,10.0,992.04
C02261,2,Potential Loyalists,27.0,3.0,434.74
C02262,0,At Risk,156.0,5.0,213.74
C02263,3,Dormant / Low Value,15.0,2.0,26.71
C02264,4,Loyal Customers,105.0,8.0,422.22
C02265,0,At Risk,240.0,5.0,193.69
C02266,1,Champions,1.0,13.0,653.78
C02267,2,Potential Loyalists,21.0,4.0,279.57
C02268,4,Loyal Customers,61.0,9.0,2296.48
C02269,4,Loyal Customers,73.0,12.0,1401.35
C02270,4,Loyal Customers,192.0,7.0,1107.07
C02271,1,Champions,10.0,11.0,593.08
C02272,1,Champions,14.0,12.0,629.27
C02273,2,Potential Loyalists,15.0,10.0,304.76
C02274,4,Loyal Customers,62.0,15.0,886.66
C02275,3,Dormant / Low Value,382.0,2.0,98.2
C02276,4,Loyal Customers,56.0,13.0,1283.64
C02277,3,Dormant / Low Value,194.0,1.0,55.16
C02278,4,Loyal Customers,50.0,15.0,908.31
C02279,2,Potential Loyalists,9.0,4.0,264.89
C02280,0,At Risk,283.0,5.0,169.12
C02281,0,At Risk,147.0,4.0,410.28
C02282,4,Loyal Customers,51.0,10.0,632.75
C02283,4,Loyal Customers,61.0,8.0,1561.66
C02284,0,At Risk,252.0,3.0,636.0999999999999
C02285,0,At Risk,162.0,2.0,182.25
C02286,4,Loyal Customers,59.0,15.0,1129.5
C02287,4,Loyal Customers,78.0,8.0,975.01
C02288,3,Dormant / Low Value,76.0,3.0,75.05000000000001
C02289,0,At Risk,270.0,4.0,233.95
C02290,0,At Risk,124.0,3.0,189.13
C02291,4,Loyal Customers,42.0,11.0,654.51
C02292,4,Loyal Customers,108.0,8.0,919.89
C02293,4,Loyal Customers,80.0,6.0,585.51
C02294,2,Potential Loyalists,51.0,4.0,252.57
C02295,0,At Risk,325.0,2.0,309.54999999999995
C02296,1,Champions,4.0,9.0,744.31
C02297,2,Potential Loyalists,27.0,3.0,115.26
C02298,2,Potential Loyalists,21.0,6.0,644.23
C02299,0,At Risk,84.0,5.0,226.43
C02300,1,Champions,33.0,29.0,2473.65
C02301,1,Champions,24.0,10.0,944.12
C02302,4,Loyal Customers,51.0,7.0,1066.75
C02303,0,At Risk,92.0,5.0,102.36
C02304,4,Loyal Customers,82.0,13.0,950.38
C02305,2,Potential Loyalists,29.0,5.0,483.39
C02306,0,At Risk,289.0,7.0,327.66
C02307,4,Loyal Customers,142.0,9.0,624.77
C02308,0,At Risk,317.0,4.0,367.8200000000001
C02309,4,Loyal Customers,72.0,11.0,827.1500000000001
C02310,-1,No Purchase,,0.0,0.0
C02311,0,At Risk,55.0,4.0,296.07
C02312,0,At Risk,209.0,6.0,379.0100000000001
C02313,2,Potential Loyalists,9.0,3.0,85.41
C02314,1,Champions,14.0,9.0,580.96
C02315,2,Potential Loyalists,1.0,2.0,96.3
C02316,3,Dormant / Low Value,206.0,2.0,58.0
C02317,4,Loyal Customers,66.0,10.0,1418.26
C02318,4,Loyal Customers,157.0,8.0,1514.96
C02319,1,Champions,24.0,21.0,920.07
C02320,0,At Risk,653.0,3.0,459.87
C02321,0,At Risk,148.0,2.0,621.96
C02322,4,Loyal Customers,38.0,5.0,1019.16
C02323,2,Potential Loyalists,33.0,3.0,211.61
C02324,4,Loyal Customers,179.0,6.0,616.49
C02325,-1,No Purchase,,0.0,0.0
C02326,0,At Risk,251.0,6.0,280.59
C02327,-1,No Purchase,,0.0,0.0
C02328,2,Potential Loyalists,4.0,3.0,500.18
C02329,4,Loyal Customers,57.0,12.0,1751.2
C02330,4,Loyal Customers,36.0,7.0,1147.03
C02331,1,Champions,21.0,10.0,1197.42
C02332,0,At Risk,78.0,5.0,430.78
C02333,4,Loyal Customers,122.0,8.0,569.12
C02334,4,Loyal Customers,216.0,8.0,783.69
C02335,1,Champions,24.0,14.0,377.71
C02336,1,Champions,2.0,12.0,846.95
C02337,4,Loyal Customers,76.0,9.0,636.5
C02338,4,Loyal Customers,96.0,9.0,496.79
C02339,3,Dormant / Low Value,164.0,3.0,97.93
C02340,2,Potential Loyalists,19.0,3.0,74.23
C02341,2,Potential Loyalists,3.0,4.0,576.28
C02342,2,Potential Loyalists,4.0,8.0,446.85
C02343,3,Dormant / Low Value,50.0,2.0,37.05
C02344,4,Loyal Customers,37.0,8.0,522.41
C02345,2,Potential Loyalists,15.0,3.0,90.87
C02346,4,Loyal Customers,124.0,11.0,719.1
C02347,4,Loyal Customers,65.0,13.0,917.49
C02348,0,At Risk,121.0,6.0,218.87
C02349,0,At Risk,61.0,4.0,191.96
C02350,3,Dormant / Low Value,282.0,3.0,110.57
C02351,1,Champions,29.0,21.0,782.73
C02352,0,At Risk,657.0,2.0,371.63
C02353,4,Loyal Customers,35.0,7.0,816.86
C02354,4,Loyal Customers,32.0,10.0,448.63
C02355,1,Champions,33.0,13.0,703.55
C02356,0,At Risk,231.0,4.0,531.11
C02357,2,Potential Loyalists,13.0,4.0,203.89
C02358,3,Dormant / Low Value,123.0,1.0,37.38
C02359,0,At Risk,157.0,4.0,313.79
C02360,2,Potential Loyalists,15.0,8.0,425.81
C02361,0,At Risk,55.0,3.0,479.69
C02362,4,Loyal Customers,178.0,7.0,998.94
C02363,1,Champions,12.0,18.0,1620.8
C02364,1,Champions,14.0,10.0,619.96
C02365,4,Loyal Customers,159.0,11.0,475.77
C02366,0,At Risk,239.0,3.0,325.62
C02367,0,At Risk,152.0,4.0,155.0
C02368,4,Loyal Customers,142.0,11.0,1672.7299999999998
C02369,0,At Risk,130.0,5.0,379.39
C02370,1,Champions,11.0,16.0,1123.39
C02371,4,Loyal Customers,139.0,7.0,748.05
C02372,0,At Risk,56.0,2.0,178.39999999999998
C02373,0,At Risk,352.0,3.0,222.95
C02374,1,Champions,19.0,11.0,1100.86
C02375,4,Loyal Customers,213.0,6.0,676.78
C02376,1,Champions,15.0,16.0,982.8
C02377,4,Loyal Customers,68.0,7.0,341.06
C02378,3,Dormant / Low Value,307.0,2.0,69.18
C02379,4,Loyal Customers,35.0,8.0,999.88
C02380,1,Champions,17.0,8.0,635.27
C02381,0,At Risk,416.0,3.0,160.72000000000003
C02382,3,Dormant / Low Value,227.0,1.0,29.01
C02383,2,Potential Loyalists,22.0,2.0,59.96000000000001
C02384,3,Dormant / Low Value,138.0,1.0,31.96
C02385,1,Champions,8.0,10.0,793.4399999999999
C02386,3,Dormant / Low Value,618.0,1.0,48.48
C02387,4,Loyal Customers,30.0,9.0,831.57
C02388,4,Loyal Customers,39.0,11.0,851.2099999999999
C02389,3,Dormant / Low Value,642.0,1.0,17.24
C02390,0,At Risk,161.0,4.0,967.15
C02391,2,Potential Loyalists,38.0,5.0,382.88
C02392,0,At Risk,97.0,6.0,233.83
C02393,2,Potential Loyalists,39.0,3.0,203.36
C02394,0,At Risk,140.0,7.0,138.52
C02395,3,Dormant / Low Value,385.0,1.0,173.76
C02396,3,Dormant / Low Value,316.0,2.0,60.09
C02397,4,Loyal Customers,114.0,9.0,742.8499999999999
C02398,0,At Risk,133.0,5.0,461.29
C02399,0,At Risk,496.0,4.0,138.57
C02400,0,At Risk,215.0,4.0,730.1500000000001
C02401,4,Loyal Customers,137.0,10.0,865.19
C02402,4,Loyal Customers,105.0,8.0,404.28
C02403,1,Champions,50.0,15.0,1625.22
C02404,4,Loyal Customers,69.0,10.0,530.98
C02405,0,At Risk,332.0,4.0,146.44
C02406,0,At Risk,466.0,4.0,159.22
C02407,0,At Risk,104.0,4.0,481.17
C02408,4,Loyal Customers,75.0,8.0,668.39
C02409,1,Champions,33.0,18.0,1038.41
C02410,4,Loyal Customers,63.0,10.0,1703.2
C02411,3,Dormant / Low Value,410.0,1.0,27.37
C02412,1,Champions,25.0,12.0,671.58
C02413,4,Loyal Customers,180.0,7.0,578.4300000000001
C02414,4,Loyal Customers,40.0,8.0,516.49
C02415,2,Potential Loyalists,38.0,6.0,325.13
C02416,3,Dormant / Low Value,634.0,1.0,55.53
C02417,4,Loyal Customers,161.0,10.0,1100.39
C02418,3,Dormant / Low Value,35.0,2.0,27.15
C02419,1,Champions,32.0,16.0,1369.26
C02420,0,At Risk,139.0,6.0,300.16
C02421,0,At Risk,160.0,4.0,356.51000000000005
C02422,1,Champions,23.0,11.0,1325.72
C02423,4,Loyal Customers,103.0,8.0,590.36
C02424,1,Champions,30.0,20.0,2110.35
C02425,1,Champions,23.0,10.0,1318.24
C02426,0,At Risk,345.0,7.0,195.87
C02427,4,Loyal Customers,163.0,12.0,1142.4299999999998
C02428,0,At Risk,174.0,4.0,194.09
C02429,4,Loyal Customers,65.0,11.0,561.47
C02430,4,Loyal Customers,53.0,14.0,742.28
C02431,1,Champions,30.0,12.0,965.01
C02432,4,Loyal Customers,91.0,7.0,365.82
C02433,2,Potential Loyalists,8.0,6.0,589.39
C02434,0,At Risk,131.0,2.0,176.44
C02435,0,At Risk,54.0,3.0,149.45
C02436,4,Loyal Customers,76.0,9.0,456.7000000000001
C02437,0,At Risk,86.0,3.0,122.86
C02438,4,Loyal Customers,117.0,8.0,576.64
C02439,1,Champions,1.0,10.0,352.38
C02440,3,Dormant / Low Value,441.0,1.0,37.86
C02441,3,Dormant / Low Value,137.0,2.0,59.14
C02442,0,At Risk,92.0,4.0,578.76
C02443,0,At Risk,83.0,6.0,393.27
C02444,4,Loyal Customers,74.0,9.0,616.5699999999999
C02445,2,Potential Loyalists,1.0,6.0,435.7
C02446,2,Potential Loyalists,42.0,6.0,212.88
C02447,0,At Risk,357.0,5.0,338.81
C02448,2,Potential Loyalists,35.0,6.0,571.3800000000001
C02449,4,Loyal Customers,112.0,8.0,1028.26
C02450,4,Loyal Customers,59.0,13.0,1098.47
C02451,4,Loyal Customers,117.0,14.0,1397.97
C02452,4,Loyal Customers,164.0,8.0,553.55
C02453,4,Loyal Customers,61.0,10.0,736.04
C02454,4,Loyal Customers,68.0,10.0,1264.51
C02455,0,At Risk,295.0,4.0,443.75
C02456,4,Loyal Customers,113.0,5.0,898.05
C02457,3,Dormant / Low Value,352.0,2.0,120.07
C02458,3,Dormant / Low Value,275.0,1.0,21.84
C02459,4,Loyal Customers,79.0,6.0,419.93
C02460,4,Loyal Customers,82.0,14.0,2733.21
C02461,4,Loyal Customers,161.0,13.0,798.27
C02462,3,Dormant / Low Value,297.0,1.0,18.58
C02463,0,At Risk,110.0,6.0,323.29
C02464,0,At Risk,197.0,5.0,161.28
C02465,4,Loyal Customers,86.0,12.0,1242.59
C02466,2,Potential Loyalists,40.0,7.0,344.14
C02467,4,Loyal Customers,185.0,8.0,457.39
C02468,4,Loyal Customers,103.0,8.0,282.65
C02469,4,Loyal Customers,51.0,8.0,639.11
C02470,0,At Risk,83.0,5.0,206.01
C02471,4,Loyal Customers,155.0,11.0,553.5899999999999
C02472,1,Champions,19.0,14.0,966.46
C02473,2,Potential Loyalists,28.0,6.0,403.01
C02474,4,Loyal Customers,48.0,8.0,553.05
C02475,0,At Risk,120.0,2.0,154.11
C02476,3,Dormant / Low Value,184.0,2.0,63.12
C02477,0,At Risk,99.0,3.0,96.78
C02478,2,Potential Loyalists,24.0,7.0,725.79
C02479,1,Champions,24.0,18.0,1194.17
C02480,4,Loyal Customers,29.0,9.0,475.33
C02481,0,At Risk,237.0,3.0,195.13
C02482,0,At Risk,393.0,4.0,161.2
C02483,3,Dormant / Low Value,296.0,2.0,164.48999999999998
C02484,4,Loyal Customers,52.0,6.0,434.4
C02485,1,Champions,36.0,13.0,822.28
C02486,4,Loyal Customers,203.0,13.0,1931.51
C02487,1,Champions,23.0,12.0,781.3199999999999
C02488,3,Dormant / Low Value,161.0,2.0,32.86
C02489,1,Champions,36.0,13.0,918.94
C02490,-1,No Purchase,,0.0,0.0
C02491,0,At Risk,193.0,6.0,283.36
C02492,3,Dormant / Low Value,108.0,1.0,7.6
C02493,1,Champions,25.0,14.0,1644.0700000000002
C02494,4,Loyal Customers,151.0,14.0,909.95
C02495,4,Loyal Customers,81.0,9.0,854.85
C02496,4,Loyal Customers,112.0,11.0,458.69
C02497,3,Dormant / Low Value,139.0,1.0,129.3
C02498,1,Champions,9.0,9.0,1072.13
C02499,2,Potential Loyalists,9.0,9.0,423.51
C02500,3,Dormant / Low Value,152.0,2.0,23.28
C02501,1,Champions,1.0,13.0,1519.83
C02502,3,Dormant / Low Value,259.0,2.0,71.22
C02503,1,Champions,31.0,10.0,774.06
C02504,0,At Risk,144.0,2.0,625.54
C02505,2,Potential Loyalists,29.0,4.0,291.74
C02506,0,At Risk,171.0,6.0,343.4
C02507,1,Champions,14.0,19.0,1129.96
C02508,0,At Risk,478.0,4.0,449.48
C02509,0,At Risk,58.0,4.0,392.3200000000001
C02510,0,At Risk,186.0,4.0,304.49
C02511,0,At Risk,509.0,5.0,202.21
C02512,3,Dormant / Low Value,39.0,1.0,41.11
C02513,0,At Risk,186.0,3.0,224.37
C02514,3,Dormant / Low Value,72.0,1.0,198.87
C02515,1,Champions,19.0,14.0,446.4
C02516,0,At Risk,265.0,2.0,252.14
C02517,2,Potential Loyalists,5.0,2.0,47.940000000000005
C02518,4,Loyal Customers,36.0,10.0,541.5
C02519,3,Dormant / Low Value,70.0,2.0,41.53
C02520,3,Dormant / Low Value,122.0,2.0,66.74
C02521,4,Loyal Customers,87.0,8.0,1030.31
C02522,3,Dormant / Low Value,220.0,2.0,34.43
C02523,0,At Risk,156.0,6.0,359.71
C02524,1,Champions,16.0,15.0,1215.56
C02525,3,Dormant / Low Value,213.0,2.0,86.84
C02526,1,Champions,1.0,20.0,1400.53
C02527,1,Champions,8.0,16.0,947.69
C02528,4,Loyal Customers,123.0,7.0,516.97
C02529,1,Champions,16.0,11.0,1316.05
C02530,2,Potential Loyalists,7.0,3.0,327.56
C02531,1,Champions,17.0,12.0,1015.14
C02532,2,Potential Loyalists,55.0,5.0,195.01
C02533,0,At Risk,91.0,3.0,353.8
C02534,3,Dormant / Low Value,442.0,2.0,108.45
C02535,2,Potential Loyalists,17.0,5.0,966.08
C02536,4,Loyal Customers,131.0,13.0,1432.64
C02537,4,Loyal Customers,54.0,7.0,395.33
C02538,2,Potential Loyalists,24.0,3.0,251.78
C02539,2,Potential Loyalists,44.0,5.0,303.5
C02540,0,At Risk,121.0,2.0,1220.98
C02541,4,Loyal Customers,160.0,9.0,591.61
C02542,0,At Risk,383.0,8.0,390.62
C02543,3,Dormant / Low Value,673.0,1.0,28.38
C02544,0,At Risk,99.0,5.0,156.92000000000002
C02545,1,Champions,18.0,10.0,831.17
C02546,0,At Risk,245.0,2.0,290.69
C02547,0,At Risk,78.0,4.0,481.58
C02548,2,Potential Loyalists,24.0,5.0,265.44
C02549,0,At Risk,201.0,3.0,114.55
C02550,4,Loyal Customers,36.0,8.0,418.04
C02551,3,Dormant / Low Value,76.0,3.0,59.86
C02552,0,At Risk,134.0,5.0,609.1
C02553,3,Dormant / Low Value,697.0,1.0,12.26
C02554,0,At Risk,120.0,4.0,271.19
C02555,4,Loyal Customers,148.0,9.0,603.55
C02556,0,At Risk,209.0,4.0,380.44
C02557,0,At Risk,62.0,3.0,404.25
C02558,2,Potential Loyalists,40.0,4.0,183.08
C02559,0,At Risk,532.0,4.0,304.93
C02560,0,At Risk,85.0,6.0,387.44
C02561,1,Champions,36.0,17.0,844.08
C02562,1,Champions,20.0,9.0,766.0500000000001
C02563,4,Loyal Customers,145.0,9.0,918.55
C02564,4,Loyal Customers,46.0,11.0,499.98
C02565,4,Loyal Customers,68.0,9.0,331.54
C02566,2,Potential Loyalists,7.0,3.0,83.6
C02567,4,Loyal Customers,33.0,9.0,473.45
C02568,2,Potential Loyalists,22.0,7.0,737.8399999999999
C02569,3,Dormant / Low Value,528.0,1.0,22.78
C02570,3,Dormant / Low Value,262.0,2.0,35.08
C02571,4,Loyal Customers,151.0,8.0,331.87
C02572,2,Potential Loyalists,9.0,3.0,78.67
C02573,4,Loyal Customers,40.0,8.0,563.05
C02574,0,At Risk,216.0,6.0,407.18
C02575,2,Potential Loyalists,29.0,5.0,535.9200000000001
C02576,4,Loyal Customers,89.0,11.0,675.68
C02577,1,Champions,10.0,16.0,1589.24
C02578,0,At Risk,276.0,4.0,343.17
C02579,1,Champions,8.0,20.0,1162.94
C02580,3,Dormant / Low Value,366.0,1.0,21.72
C02581,2,Potential Loyalists,18.0,5.0,332.47
C02582,3,Dormant / Low Value,530.0,1.0,11.6
C02583,3,Dormant / Low Value,725.0,1.0,38.95
C02584,0,At Risk,79.0,4.0,237.47
C02585,1,Champions,29.0,10.0,1581.28
C02586,4,Loyal Customers,240.0,7.0,641.77
C02587,3,Dormant / Low Value,211.0,2.0,45.75
C02588,2,Potential Loyalists,8.0,5.0,645.98
C02589,0,At Risk,224.0,3.0,113.22
C02590,4,Loyal Customers,37.0,12.0,430.35
C02591,1,Champions,38.0,13.0,1082.07
C02592,1,Champions,19.0,10.0,434.63
C02593,3,Dormant / Low Value,45.0,2.0,74.18
C02594,3,Dormant / Low Value,110.0,1.0,30.22
C02595,1,Champions,1.0,9.0,1016.9
C02596,0,At Risk,99.0,5.0,132.37
C02597,1,Champions,4.0,12.0,1236.58
C02598,1,Champions,4.0,18.0,3844.05
C02599,0,At Risk,126.0,5.0,260.11
C02600,0,At Risk,110.0,5.0,300.23
C02601,4,Loyal Customers,110.0,8.0,2363.67
C02602,4,Loyal Customers,81.0,8.0,1086.32
C02603,0,At Risk,82.0,5.0,78.7
C02604,-1,No Purchase,,0.0,0.0
C02605,2,Potential Loyalists,4.0,2.0,1251.74
C02606,4,Loyal Customers,41.0,9.0,1199.07
C02607,0,At Risk,63.0,2.0,297.01
C02608,4,Loyal Customers,41.0,7.0,506.96
C02609,2,Potential Loyalists,20.0,7.0,590.77
C02610,4,Loyal Customers,68.0,18.0,1462.75
C02611,4,Loyal Customers,93.0,13.0,584.6
C02612,2,Potential Loyalists,39.0,4.0,437.12
C02613,0,At Risk,129.0,4.0,256.07
C02614,3,Dormant / Low Value,538.0,2.0,103.83
C02615,4,Loyal Customers,83.0,7.0,310.28000000000003
C02616,0,At Risk,257.0,3.0,138.74
C02617,1,Champions,48.0,16.0,2192.7000000000003
C02618,4,Loyal Customers,56.0,9.0,480.06
C02619,4,Loyal Customers,71.0,14.0,801.46
C02620,1,Champions,10.0,17.0,1582.08
C02621,3,Dormant / Low Value,114.0,2.0,58.99
C02622,3,Dormant / Low Value,265.0,1.0,103.56
C02623,4,Loyal Customers,259.0,9.0,1047.37
C02624,4,Loyal Customers,42.0,12.0,436.79
C02625,0,At Risk,232.0,7.0,444.7
C02626,2,Potential Loyalists,47.0,4.0,162.97
C02627,1,Champions,8.0,8.0,971.48
C02628,2,Potential Loyalists,6.0,4.0,215.2
C02629,0,At Risk,423.0,3.0,1208.49
C02630,0,At Risk,376.0,3.0,303.11
C02631,0,At Risk,148.0,5.0,453.54
C02632,4,Loyal Customers,68.0,14.0,835.87
C02633,4,Loyal Customers,80.0,8.0,444.54
C02634,1,Champions,26.0,8.0,848.84
C02635,0,At Risk,271.0,5.0,726.0
C02636,4,Loyal Customers,64.0,7.0,594.99
C02637,-1,No Purchase,,0.0,0.0
C02638,4,Loyal Customers,100.0,8.0,481.97
C02639,3,Dormant / Low Value,523.0,1.0,58.49
C02640,4,Loyal Customers,64.0,11.0,648.64
C02641,4,Loyal Customers,81.0,12.0,605.73
C02642,1,Champions,16.0,8.0,744.58
C02643,1,Champions,8.0,21.0,1880.42
C02644,0,At Risk,119.0,6.0,421.18
C02645,4,Loyal Customers,100.0,15.0,1311.5
C02646,4,Loyal Customers,107.0,11.0,840.43
C02647,1,Champions,2.0,12.0,1173.63
C02648,1,Champions,36.0,15.0,722.59
C02649,1,Champions,9.0,12.0,1327.56
C02650,3,Dormant / Low Value,582.0,1.0,53.92
C02651,0,At Risk,212.0,6.0,526.89
C02652,2,Potential Loyalists,47.0,4.0,626.07
C02653,2,Potential Loyalists,8.0,7.0,251.97
C02654,4,Loyal Customers,119.0,7.0,445.33
C02655,4,Loyal Customers,57.0,14.0,848.44
C02656,2,Potential Loyalists,17.0,5.0,370.76
C02657,0,At Risk,156.0,5.0,236.79
C02658,-1,No Purchase,,0.0,0.0
C02659,4,Loyal Customers,44.0,6.0,589.8199999999999
C02660,4,Loyal Customers,100.0,12.0,730.4
C02661,0,At Risk,310.0,7.0,165.56
C02662,4,Loyal Customers,74.0,10.0,999.58
C02663,0,At Risk,226.0,2.0,370.49
C02664,2,Potential Loyalists,18.0,6.0,378.19
C02665,4,Loyal Customers,262.0,8.0,1219.83
C02666,4,Loyal Customers,109.0,10.0,475.96
C02667,3,Dormant / Low Value,272.0,2.0,66.68
C02668,0,At Risk,105.0,4.0,280.78
C02669,0,At Risk,81.0,5.0,330.93
C02670,1,Champions,12.0,14.0,1218.13
C02671,0,At Risk,128.0,6.0,265.41
C02672,4,Loyal Customers,72.0,9.0,558.86
C02673,4,Loyal Customers,132.0,7.0,407.67
C02674,2,Potential Loyalists,28.0,6.0,600.99
C02675,4,Loyal Customers,122.0,6.0,1711.47
C02676,3,Dormant / Low Value,321.0,2.0,145.36
C02677,2,Potential Loyalists,24.0,7.0,507.56
C02678,4,Loyal Customers,63.0,9.0,507.27
C02679,2,Potential Loyalists,17.0,4.0,190.97
C02680,4,Loyal Customers,383.0,6.0,2785.53
C02681,1,Champions,11.0,20.0,1518.54
C02682,0,At Risk,396.0,2.0,1032.88
C02683,0,At Risk,178.0,5.0,397.21
C02684,3,Dormant / Low Value,233.0,1.0,67.45
C02685,4,Loyal Customers,96.0,10.0,715.38
C02686,3,Dormant / Low Value,173.0,2.0,98.75
C02687,1,Champions,12.0,10.0,689.07
C02688,0,At Risk,116.0,4.0,317.72
C02689,4,Loyal Customers,49.0,8.0,583.24
C02690,4,Loyal Customers,103.0,21.0,1889.16
C02691,2,Potential Loyalists,14.0,4.0,615.58
C02692,1,Champions,16.0,19.0,1585.43
C02693,3,Dormant / Low Value,246.0,1.0,40.71
C02694,1,Champions,27.0,15.0,2776.03
C02695,0,At Risk,450.0,2.0,239.93
C02696,2,Potential Loyalists,37.0,7.0,438.33
C02697,2,Potential Loyalists,4.0,4.0,247.51
C02698,4,Loyal Customers,297.0,8.0,668.84
C02699,1,Champions,37.0,14.0,942.09
C02700,2,Potential Loyalists,24.0,7.0,423.82
C02701,4,Loyal Customers,110.0,12.0,818.53
C02702,1,Champions,12.0,10.0,574.67
C02703,4,Loyal Customers,42.0,9.0,501.66
C02704,4,Loyal Customers,31.0,9.0,409.63
C02705,4,Loyal Customers,187.0,7.0,1241.67
C02706,1,Champions,15.0,19.0,1521.1
C02707,0,At Risk,376.0,4.0,468.37
C02708,0,At Risk,77.0,4.0,611.53
C02709,4,Loyal Customers,82.0,8.0,451.39
C02710,3,Dormant / Low Value,145.0,2.0,100.79
C02711,0,At Risk,229.0,3.0,149.35
C02712,3,Dormant / Low Value,218.0,2.0,119.58
C02713,-1,No Purchase,,0.0,0.0
C02714,4,Loyal Customers,93.0,14.0,821.6899999999999
C02715,0,At Risk,143.0,6.0,278.43
C02716,0,At Risk,542.0,2.0,323.51
C02717,2,Potential Loyalists,42.0,3.0,584.75
C02718,3,Dormant / Low Value,13.0,1.0,55.16
C02719,1,Champions,14.0,7.0,839.34
C02720,2,Potential Loyalists,45.0,4.0,190.13
C02721,4,Loyal Customers,53.0,9.0,1230.42
C02722,2,Potential Loyalists,46.0,6.0,435.12
C02723,0,At Risk,148.0,6.0,202.69
C02724,2,Potential Loyalists,27.0,5.0,291.81
C02725,1,Champions,4.0,13.0,1211.45
C02726,1,Champions,16.0,11.0,585.26
C02727,3,Dormant / Low Value,277.0,3.0,67.2
C02728,0,At Risk,242.0,7.0,397.54
C02729,4,Loyal Customers,92.0,16.0,1393.84
C02730,0,At Risk,384.0,2.0,202.52
C02731,2,Potential Loyalists,21.0,5.0,381.15
C02732,2,Potential Loyalists,16.0,7.0,313.29999999999995
C02733,2,Potential Loyalists,21.0,6.0,241.52
C02734,0,At Risk,494.0,3.0,239.15
C02735,0,At Risk,221.0,6.0,227.82
C02736,0,At Risk,73.0,4.0,345.49
C02737,2,Potential Loyalists,22.0,3.0,189.12
C02738,4,Loyal Customers,128.0,12.0,753.34
C02739,2,Potential Loyalists,19.0,4.0,838.4
C02740,0,At Risk,60.0,2.0,133.31
C02741,4,Loyal Customers,125.0,11.0,1088.59
C02742,3,Dormant / Low Value,328.0,2.0,123.39
C02743,4,Loyal Customers,118.0,13.0,1533.84
C02744,0,At Risk,239.0,6.0,328.11
C02745,4,Loyal Customers,181.0,9.0,448.8
C02746,3,Dormant / Low Value,122.0,2.0,88.98
C02747,3,Dormant / Low Value,308.0,2.0,60.27
C02748,2,Potential Loyalists,3.0,8.0,298.83
C02749,0,At Risk,182.0,3.0,930.34
C02750,0,At Risk,75.0,3.0,384.69
C02751,4,Loyal Customers,41.0,10.0,879.84
C02752,4,Loyal Customers,48.0,8.0,667.83
C02753,0,At Risk,236.0,5.0,273.21
C02754,1,Champions,37.0,19.0,1478.38
C02755,4,Loyal Customers,96.0,12.0,894.44
C02756,1,Champions,12.0,14.0,617.12
C02757,4,Loyal Customers,56.0,8.0,344.08000000000004
C02758,0,At Risk,152.0,4.0,233.41000000000005
C02759,0,At Risk,91.0,6.0,270.83
C02760,4,Loyal Customers,39.0,8.0,1979.63
C02761,4,Loyal Customers,127.0,20.0,1427.78
C02762,3,Dormant / Low Value,154.0,1.0,50.04
C02763,4,Loyal Customers,118.0,8.0,631.19
C02764,0,At Risk,83.0,5.0,402.48
C02765,1,Champions,3.0,20.0,1477.82
C02766,1,Champions,25.0,13.0,931.75
C02767,1,Champions,18.0,10.0,838.2900000000001
C02768,1,Champions,9.0,13.0,957.01
C02769,3,Dormant / Low Value,597.0,1.0,48.48
C02770,3,Dormant / Low Value,402.0,2.0,52.81999999999999
C02771,4,Loyal Customers,119.0,8.0,1231.54
C02772,4,Loyal Customers,47.0,12.0,778.14
C02773,3,Dormant / Low Value,189.0,2.0,60.95
C02774,4,Loyal Customers,52.0,12.0,1180.71
C02775,3,Dormant / Low Value,266.0,4.0,66.07
C02776,0,At Risk,76.0,7.0,244.08
C02777,1,Champions,9.0,8.0,765.86
C02778,0,At Risk,255.0,5.0,389.11
C02779,2,Potential Loyalists,22.0,2.0,327.37
C02780,2,Potential Loyalists,12.0,7.0,531.75
C02781,3,Dormant / Low Value,31.0,1.0,53.3
C02782,3,Dormant / Low Value,453.0,2.0,94.2
C02783,0,At Risk,255.0,8.0,378.89
C02784,3,Dormant / Low Value,376.0,2.0,137.1
C02785,4,Loyal Customers,33.0,10.0,807.25
C02786,4,Loyal Customers,115.0,10.0,983.88
C02787,4,Loyal Customers,99.0,9.0,1041.41
C02788,4,Loyal Customers,147.0,17.0,1080.27
C02789,0,At Risk,50.0,2.0,217.1
C02790,2,Potential Loyalists,11.0,8.0,531.0
C02791,2,Potential Loyalists,33.0,6.0,388.55
C02792,4,Loyal Customers,44.0,14.0,677.36
C02793,-1,No Purchase,,0.0,0.0
C02794,4,Loyal Customers,65.0,11.0,1127.96
C02795,0,At Risk,245.0,4.0,302.65
C02796,4,Loyal Customers,73.0,10.0,389.29
C02797,3,Dormant / Low Value,148.0,3.0,75.24
C02798,4,Loyal Customers,125.0,12.0,1113.31
C02799,1,Champions,17.0,11.0,564.82
C02800,4,Loyal Customers,150.0,3.0,2338.02
C02801,4,Loyal Customers,96.0,7.0,379.96
C02802,4,Loyal Customers,161.0,7.0,473.27
C02803,2,Potential Loyalists,19.0,6.0,314.7
C02804,0,At Risk,344.0,5.0,720.5699999999999
C02805,0,At Risk,140.0,4.0,656.6700000000001
C02806,2,Potential Loyalists,20.0,2.0,576.65
C02807,4,Loyal Customers,114.0,10.0,757.52
C02808,0,At Risk,166.0,2.0,440.88
C02809,2,Potential Loyalists,5.0,2.0,201.35
C02810,3,Dormant / Low Value,39.0,1.0,3.47
C02811,4,Loyal Customers,85.0,12.0,392.97
C02812,1,Champions,2.0,11.0,745.65
C02813,0,At Risk,116.0,3.0,199.43
C02814,0,At Risk,246.0,6.0,243.87
C02815,4,Loyal Customers,89.0,8.0,996.18
C02816,0,At Risk,458.0,5.0,120.55
C02817,2,Potential Loyalists,26.0,6.0,496.31
C02818,2,Potential Loyalists,38.0,8.0,245.16
C02819,4,Loyal Customers,100.0,17.0,1151.08
C02820,0,At Risk,237.0,3.0,149.84
C02821,4,Loyal Customers,146.0,11.0,1694.9499999999998
C02822,2,Potential Loyalists,16.0,2.0,78.1
C02823,3,Dormant / Low Value,188.0,1.0,77.27
C02824,3,Dormant / Low Value,372.0,2.0,61.13
C02825,4,Loyal Customers,96.0,9.0,444.65
C02826,0,At Risk,126.0,7.0,360.05
C02827,3,Dormant / Low Value,396.0,2.0,89.67999999999999
C02828,4,Loyal Customers,101.0,9.0,430.6
C02829,4,Loyal Customers,73.0,8.0,618.06
C02830,2,Potential Loyalists,17.0,2.0,251.96
C02831,0,At Risk,187.0,5.0,415.64
C02832,3,Dormant / Low Value,612.0,3.0,99.09
C02833,1,Champions,48.0,11.0,4704.0
C02834,4,Loyal Customers,101.0,12.0,435.29
C02835,4,Loyal Customers,34.0,8.0,1264.63
C02836,0,At Risk,187.0,6.0,326.97
C02837,3,Dormant / Low Value,462.0,1.0,72.86
C02838,1,Champions,22.0,12.0,358.55
C02839,0,At Risk,387.0,3.0,335.99999999999994
C02840,4,Loyal Customers,94.0,6.0,422.86
C02841,4,Loyal Customers,139.0,8.0,337.44
C02842,2,Potential Loyalists,33.0,5.0,236.35
C02843,0,At Risk,173.0,6.0,348.28
C02844,2,Potential Loyalists,30.0,3.0,69.03999999999999
C02845,4,Loyal Customers,42.0,6.0,608.39
C02846,3,Dormant / Low Value,255.0,2.0,60.92
C02847,0,At Risk,202.0,4.0,145.07
C02848,1,Champions,19.0,16.0,2539.92
C02849,1,Champions,29.0,12.0,1056.61
C02850,0,At Risk,79.0,5.0,120.92
C02851,1,Champions,9.0,10.0,677.9
C02852,4,Loyal Customers,60.0,17.0,981.11
C02853,4,Loyal Customers,45.0,6.0,604.62
C02854,4,Loyal Customers,47.0,8.0,572.03
C02855,1,Champions,47.0,16.0,1346.21
C02856,0,At Risk,309.0,6.0,395.02
C02857,4,Loyal Customers,136.0,8.0,523.06
C02858,2,Potential Loyalists,9.0,8.0,231.17
C02859,0,At Risk,148.0,5.0,181.33
C02860,0,At Risk,480.0,5.0,622.56
C02861,0,At Risk,582.0,5.0,243.03
C02862,1,Champions,5.0,9.0,500.9
C02863,0,At Risk,206.0,5.0,330.79
C02864,4,Loyal Customers,178.0,6.0,632.46
C02865,3,Dormant / Low Value,139.0,1.0,14.12
C02866,2,Potential Loyalists,41.0,6.0,491.49
C02867,4,Loyal Customers,100.0,8.0,686.89
C02868,1,Champions,7.0,17.0,1709.05
C02869,3,Dormant / Low Value,167.0,1.0,41.18
C02870,0,At Risk,86.0,5.0,183.39
C02871,0,At Risk,202.0,5.0,320.96
C02872,3,Dormant / Low Value,345.0,3.0,91.4
C02873,3,Dormant / Low Value,357.0,2.0,110.89
C02874,2,Potential Loyalists,42.0,4.0,640.39
C02875,0,At Risk,609.0,3.0,307.01
C02876,3,Dormant / Low Value,152.0,2.0,118.38
C02877,2,Potential Loyalists,5.0,2.0,106.41
C02878,0,At Risk,116.0,3.0,125.09
C02879,0,At Risk,161.0,2.0,384.56
C02880,3,Dormant / Low Value,521.0,1.0,318.87
C02881,2,Potential Loyalists,48.0,5.0,116.89
C02882,2,Potential Loyalists,16.0,5.0,793.8500000000001
C02883,4,Loyal Customers,105.0,6.0,633.71
C02884,0,At Risk,225.0,5.0,693.0799999999999
C02885,4,Loyal Customers,147.0,4.0,1253.65
C02886,0,At Risk,247.0,3.0,445.42
C02887,4,Loyal Customers,48.0,7.0,434.76
C02888,3,Dormant / Low Value,51.0,2.0,36.18
C02889,0,At Risk,117.0,4.0,213.15
C02890,0,At Risk,125.0,4.0,211.58
C02891,3,Dormant / Low Value,86.0,1.0,35.62
C02892,4,Loyal Customers,75.0,6.0,457.13000000000005
C02893,0,At Risk,135.0,6.0,388.04
C02894,-1,No Purchase,,0.0,0.0
C02895,3,Dormant / Low Value,441.0,1.0,136.54
C02896,3,Dormant / Low Value,294.0,2.0,53.97
C02897,3,Dormant / Low Value,369.0,1.0,28.36
C02898,4,Loyal Customers,73.0,9.0,612.19
C02899,4,Loyal Customers,112.0,7.0,775.06
C02900,0,At Risk,217.0,4.0,114.37
C02901,4,Loyal Customers,58.0,17.0,1525.73
C02902,0,At Risk,206.0,4.0,266.3
C02903,-1,No Purchase,,0.0,0.0
C02904,2,Potential Loyalists,28.0,6.0,489.61
C02905,4,Loyal Customers,141.0,8.0,349.75
C02906,-1,No Purchase,,0.0,0.0
C02907,0,At Risk,271.0,3.0,285.65
C02908,1,Champions,5.0,17.0,1290.8
C02909,4,Loyal Customers,47.0,9.0,1107.6799999999998
C02910,4,Loyal Customers,74.0,9.0,410.92
C02911,0,At Risk,277.0,4.0,121.51
C02912,0,At Risk,104.0,5.0,140.35
C02913,1,Champions,7.0,10.0,525.91
C02914,3,Dormant / Low Value,589.0,2.0,55.92
C02915,-1,No Purchase,,0.0,0.0
C02916,2,Potential Loyalists,18.0,6.0,613.36
C02917,4,Loyal Customers,62.0,16.0,882.69
C02918,0,At Risk,160.0,3.0,204.85
C02919,3,Dormant / Low Value,145.0,2.0,70.28999999999999
C02920,-1,No Purchase,,0.0,0.0
C02921,3,Dormant / Low Value,443.0,2.0,76.07
C02922,0,At Risk,58.0,3.0,291.15
C02923,1,Champions,5.0,14.0,1497.88
C02924,3,Dormant / Low Value,58.0,3.0,75.28
C02925,1,Champions,8.0,13.0,698.9200000000001
C02926,4,Loyal Customers,116.0,8.0,1060.15
C02927,4,Loyal Customers,68.0,8.0,783.14
C02928,0,At Risk,142.0,8.0,239.61
C02929,1,Champions,16.0,12.0,1259.8200000000002
C02930,4,Loyal Customers,106.0,8.0,637.73
C02931,3,Dormant / Low Value,85.0,2.0,91.28
C02932,4,Loyal Customers,108.0,9.0,668.76
C02933,1,Champions,43.0,15.0,1060.94
C02934,1,Champions,5.0,9.0,453.14
C02935,2,Potential Loyalists,13.0,7.0,251.84
C02936,4,Loyal Customers,293.0,10.0,405.07
C02937,0,At Risk,310.0,3.0,547.5600000000001
C02938,0,At Risk,105.0,4.0,127.3
C02939,0,At Risk,86.0,5.0,164.96
C02940,3,Dormant / Low Value,604.0,1.0,27.72
C02941,2,Potential Loyalists,9.0,4.0,319.1
C02942,4,Loyal Customers,70.0,10.0,422.13
C02943,0,At Risk,206.0,2.0,169.06
C02944,0,At Risk,245.0,4.0,600.89
C02945,0,At Risk,177.0,3.0,143.29
C02946,0,At Risk,342.0,5.0,147.12
C02947,1,Champions,8.0,14.0,1215.61
C02948,3,Dormant / Low Value,391.0,1.0,138.04
C02949,1,Champions,81.0,24.0,3110.01
C02950,3,Dormant / Low Value,137.0,2.0,130.35
C02951,2,Potential Loyalists,18.0,5.0,260.59
C02952,0,At Risk,233.0,4.0,351.42
C02953,1,Champions,10.0,20.0,1807.91
C02954,4,Loyal Customers,151.0,9.0,1256.31
C02955,4,Loyal Customers,89.0,7.0,2118.64
C02956,3,Dormant / Low Value,51.0,2.0,120.6
C02957,3,Dormant / Low Value,13.0,1.0,42.72
C02958,3,Dormant / Low Value,259.0,2.0,22.15
C02959,4,Loyal Customers,84.0,20.0,2258.14
C02960,0,At Risk,343.0,4.0,947.41
C02961,0,At Risk,68.0,2.0,152.39
C02962,2,Potential Loyalists,37.0,3.0,398.12
C02963,0,At Risk,139.0,5.0,402.34
C02964,3,Dormant / Low Value,611.0,1.0,76.87
C02965,0,At Risk,172.0,6.0,172.73000000000002
C02966,4,Loyal Customers,110.0,9.0,576.94
C02967,3,Dormant / Low Value,607.0,1.0,87.75
C02968,0,At Risk,137.0,4.0,445.0
C02969,0,At Risk,90.0,3.0,190.86
C02970,1,Champions,13.0,10.0,853.13
C02971,4,Loyal Customers,235.0,8.0,497.49
C02972,3,Dormant / Low Value,662.0,1.0,47.74
C02973,4,Loyal Customers,59.0,7.0,494.47
C02974,0,At Risk,318.0,6.0,185.36
C02975,4,Loyal Customers,45.0,9.0,660.94
C02976,1,Champions,29.0,14.0,2094.08
C02977,4,Loyal Customers,54.0,7.0,457.89
C02978,4,Loyal Customers,38.0,8.0,568.19
C02979,1,Champions,42.0,15.0,954.32
C02980,1,Champions,1.0,12.0,836.97
C02981,3,Dormant / Low Value,361.0,1.0,27.37
C02982,0,At Risk,532.0,2.0,225.22000000000003
C02983,4,Loyal Customers,92.0,12.0,784.12
C02984,1,Champions,5.0,7.0,650.92
C02985,3,Dormant / Low Value,141.0,2.0,128.16
C02986,3,Dormant / Low Value,34.0,1.0,54.38
C02987,1,Champions,3.0,8.0,993.1
C02988,0,At Risk,299.0,2.0,376.58
C02989,4,Loyal Customers,206.0,7.0,568.36
C02990,4,Loyal Customers,60.0,15.0,1461.92
C02991,4,Loyal Customers,87.0,13.0,333.94
C02992,2,Potential Loyalists,26.0,4.0,354.1
C02993,4,Loyal Customers,70.0,9.0,623.03
C02994,0,At Risk,109.0,7.0,265.82
C02995,0,At Risk,131.0,5.0,576.86
C02996,1,Champions,32.0,12.0,643.4399999999999
C02997,4,Loyal Customers,57.0,4.0,935.84
C02998,3,Dormant / Low Value,270.0,1.0,88.17
C02999,0,At Risk,117.0,4.0,835.87
C03000,4,Loyal Customers,129.0,17.0,1006.13
C03001,4,Loyal Customers,33.0,8.0,1165.47
C03002,2,Potential Loyalists,21.0,8.0,403.37
C03003,0,At Risk,112.0,3.0,321.25
C03004,-1,No Purchase,,0.0,0.0
C03005,1,Champions,6.0,14.0,963.99
C03006,0,At Risk,300.0,4.0,164.12
C03007,0,At Risk,385.0,3.0,594.46
C03008,2,Potential Loyalists,37.0,4.0,161.69
C03009,1,Champions,21.0,8.0,812.6899999999999
C03010,3,Dormant / Low Value,154.0,3.0,100.49
C03011,1,Champions,57.0,20.0,1796.9899999999998
C03012,1,Champions,28.0,16.0,1355.84
C03013,1,Champions,16.0,15.0,2009.89
C03014,3,Dormant / Low Value,453.0,1.0,93.29
C03015,1,Champions,44.0,16.0,1375.92
C03016,1,Champions,25.0,16.0,1928.37
C03017,0,At Risk,109.0,4.0,308.67999999999995
C03018,4,Loyal Customers,68.0,5.0,585.9399999999999
C03019,3,Dormant / Low Value,123.0,2.0,82.48
C03020,0,At Risk,69.0,5.0,212.95
C03021,0,At Risk,192.0,6.0,281.05
C03022,2,Potential Loyalists,29.0,5.0,914.65
C03023,0,At Risk,135.0,8.0,271.78
C03024,1,Champions,6.0,7.0,746.63
C03025,0,At Risk,72.0,4.0,138.63
C03026,2,Potential Loyalists,50.0,5.0,233.82
C03027,4,Loyal Customers,51.0,13.0,606.61
C03028,0,At Risk,111.0,6.0,347.66
C03029,0,At Risk,196.0,5.0,454.46
C03030,1,Champions,36.0,12.0,1243.34
C03031,0,At Risk,406.0,3.0,508.45
C03032,-1,No Purchase,,0.0,0.0
C03033,3,Dormant / Low Value,631.0,2.0,40.78
C03034,-1,No Purchase,,0.0,0.0
C03035,0,At Risk,169.0,8.0,282.75
C03036,1,Champions,7.0,6.0,1184.96
C03037,2,Potential Loyalists,30.0,7.0,525.95
C03038,0,At Risk,277.0,3.0,177.89
C03039,4,Loyal Customers,41.0,11.0,1104.73
C03040,2,Potential Loyalists,45.0,4.0,131.07999999999998
C03041,4,Loyal Customers,95.0,15.0,1330.07
C03042,4,Loyal Customers,79.0,5.0,689.97
C03043,2,Potential Loyalists,31.0,2.0,137.05
C03044,4,Loyal Customers,75.0,11.0,969.49
C03045,0,At Risk,138.0,6.0,284.57
C03046,0,At Risk,186.0,5.0,148.44
C03047,4,Loyal Customers,61.0,11.0,908.95
C03048,1,Champions,43.0,20.0,1504.79
C03049,3,Dormant / Low Value,75.0,2.0,130.01000000000002
C03050,4,Loyal Customers,76.0,18.0,1194.03
C03051,4,Loyal Customers,28.0,4.0,1992.12
C03052,0,At Risk,194.0,8.0,273.53
C03053,4,Loyal Customers,195.0,11.0,823.22
C03054,3,Dormant / Low Value,570.0,1.0,67.48
C03055,0,At Risk,385.0,4.0,605.5
C03056,0,At Risk,77.0,4.0,98.39
C03057,2,Potential Loyalists,40.0,3.0,117.46
C03058,0,At Risk,103.0,5.0,141.08
C03059,0,At Risk,171.0,3.0,372.73
C03060,0,At Risk,430.0,5.0,1042.6
C03061,2,Potential Loyalists,30.0,5.0,203.57
C03062,0,At Risk,300.0,3.0,129.23
C03063,4,Loyal Customers,60.0,15.0,1124.3
C03064,0,At Risk,385.0,3.0,350.38
C03065,2,Potential Loyalists,40.0,5.0,147.56
C03066,1,Champions,19.0,6.0,1353.87
C03067,4,Loyal Customers,56.0,8.0,519.99
C03068,3,Dormant / Low Value,411.0,2.0,27.83
C03069,1,Champions,34.0,12.0,819.72
C03070,0,At Risk,108.0,3.0,201.68
C03071,3,Dormant / Low Value,258.0,2.0,107.76
C03072,0,At Risk,156.0,7.0,318.82
C03073,4,Loyal Customers,97.0,8.0,1177.5500000000002
C03074,1,Champions,60.0,23.0,2043.14
C03075,1,Champions,39.0,17.0,1905.24
C03076,0,At Risk,228.0,5.0,133.47
C03077,1,Champions,17.0,10.0,1121.35
C03078,4,Loyal Customers,63.0,8.0,544.63
C03079,3,Dormant / Low Value,353.0,3.0,116.33
C03080,0,At Risk,67.0,6.0,231.95
C03081,3,Dormant / Low Value,376.0,2.0,179.20000000000002
C03082,4,Loyal Customers,203.0,7.0,944.1
C03083,1,Champions,11.0,12.0,977.94
C03084,1,Champions,14.0,8.0,694.83
C03085,4,Loyal Customers,137.0,10.0,480.73
C03086,2,Potential Loyalists,20.0,3.0,411.87
C03087,0,At Risk,118.0,6.0,242.67
C03088,4,Loyal Customers,76.0,13.0,584.61
C03089,4,Loyal Customers,98.0,17.0,939.49
C03090,4,Loyal Customers,203.0,18.0,1604.27
C03091,1,Champions,5.0,18.0,1478.1
C03092,4,Loyal Customers,62.0,15.0,750.52
C03093,-1,No Purchase,,0.0,0.0
C03094,4,Loyal Customers,122.0,9.0,889.74
C03095,0,At Risk,184.0,4.0,169.73
C03096,3,Dormant / Low Value,69.0,3.0,61.370000000000005
C03097,4,Loyal Customers,34.0,7.0,1221.75
C03098,0,At Risk,201.0,4.0,407.09
C03099,3,Dormant / Low Value,202.0,3.0,71.06
C03100,3,Dormant / Low Value,339.0,1.0,49.32
C03101,0,At Risk,383.0,3.0,139.78
C03102,-1,No Purchase,,0.0,0.0
C03103,1,Champions,38.0,12.0,2934.64
C03104,0,At Risk,85.0,3.0,248.48
C03105,4,Loyal Customers,40.0,8.0,573.07
C03106,0,At Risk,569.0,5.0,175.63000000000002
C03107,0,At Risk,548.0,4.0,116.35
C03108,0,At Risk,57.0,4.0,215.99
C03109,1,Champions,19.0,12.0,1581.6699999999998
C03110,1,Champions,22.0,10.0,1223.11
C03111,3,Dormant / Low Value,150.0,2.0,70.97
C03112,0,At Risk,198.0,6.0,213.94
C03113,2,Potential Loyalists,56.0,6.0,341.42
C03114,4,Loyal Customers,85.0,7.0,376.93
C03115,4,Loyal Customers,129.0,7.0,845.29
C03116,0,At Risk,168.0,2.0,212.2
C03117,4,Loyal Customers,36.0,11.0,820.27
C03118,3,Dormant / Low Value,551.0,2.0,62.400000000000006
C03119,2,Potential Loyalists,34.0,6.0,180.11
C03120,3,Dormant / Low Value,384.0,1.0,17.24
C03121,2,Potential Loyalists,48.0,5.0,429.45
C03122,2,Potential Loyalists,25.0,7.0,528.98
C03123,4,Loyal Customers,50.0,8.0,942.94
C03124,0,At Risk,195.0,4.0,413.83
C03125,-1,No Purchase,,0.0,0.0
C03126,0,At Risk,202.0,7.0,227.15
C03127,2,Potential Loyalists,26.0,5.0,170.88
C03128,1,Champions,5.0,11.0,1506.32
C03129,1,Champions,12.0,21.0,1153.84
C03130,4,Loyal Customers,208.0,8.0,678.72
C03131,1,Champions,12.0,15.0,1529.5600000000002
C03132,0,At Risk,136.0,3.0,173.42000000000002
C03133,4,Loyal Customers,237.0,7.0,669.87
C03134,0,At Risk,93.0,6.0,230.88
C03135,4,Loyal Customers,59.0,7.0,399.04
C03136,4,Loyal Customers,197.0,9.0,1065.7
C03137,0,At Risk,84.0,7.0,286.5
C03138,1,Champions,15.0,14.0,1224.36
C03139,2,Potential Loyalists,24.0,5.0,695.4
C03140,0,At Risk,259.0,4.0,129.04
C03141,3,Dormant / Low Value,577.0,2.0,106.99
C03142,0,At Risk,107.0,2.0,295.26
C03143,2,Potential Loyalists,25.0,4.0,285.43
C03144,4,Loyal Customers,168.0,12.0,932.74
C03145,4,Loyal Customers,83.0,8.0,773.5500000000001
C03146,2,Potential Loyalists,13.0,9.0,433.89
C03147,1,Champions,25.0,11.0,748.3
C03148,1,Champions,20.0,20.0,1575.61
C03149,0,At Risk,71.0,4.0,508.25
C03150,3,Dormant / Low Value,317.0,2.0,100.4
C03151,2,Potential Loyalists,12.0,6.0,497.68
C03152,1,Champions,14.0,9.0,843.15
C03153,0,At Risk,158.0,4.0,359.67
C03154,0,At Risk,141.0,4.0,206.67
C03155,4,Loyal Customers,44.0,8.0,415.46
C03156,2,Potential Loyalists,11.0,3.0,53.95
C03157,3,Dormant / Low Value,220.0,3.0,99.11
C03158,1,Champions,64.0,24.0,2085.84
C03159,2,Potential Loyalists,7.0,4.0,115.28
C03160,0,At Risk,100.0,3.0,133.41
C03161,0,At Risk,87.0,2.0,327.77
C03162,0,At Risk,297.0,5.0,170.64
C03163,2,Potential Loyalists,38.0,8.0,366.07
C03164,1,Champions,13.0,14.0,803.0
C03165,1,Champions,10.0,10.0,453.1
C03166,2,Potential Loyalists,45.0,3.0,1465.67
C03167,0,At Risk,325.0,4.0,196.21
C03168,0,At Risk,97.0,3.0,124.28
C03169,1,Champions,9.0,10.0,620.16
C03170,-1,No Purchase,,0.0,0.0
C03171,4,Loyal Customers,62.0,18.0,1178.44
C03172,1,Champions,9.0,14.0,1933.34
C03173,-1,No Purchase,,0.0,0.0
C03174,0,At Risk,77.0,5.0,358.61
C03175,3,Dormant / Low Value,71.0,3.0,72.35
C03176,1,Champions,59.0,20.0,1381.8
C03177,0,At Risk,166.0,2.0,159.99
C03178,3,Dormant / Low Value,483.0,1.0,23.9
C03179,2,Potential Loyalists,14.0,7.0,366.05
C03180,1,Champions,33.0,16.0,600.75
C03181,0,At Risk,166.0,4.0,922.97
C03182,0,At Risk,241.0,6.0,484.81
C03183,0,At Risk,203.0,5.0,562.25
C03184,3,Dormant / Low Value,110.0,2.0,41.07
C03185,3,Dormant / Low Value,695.0,1.0,19.02
C03186,4,Loyal Customers,89.0,9.0,537.61
C03187,1,Champions,59.0,21.0,1529.53
C03188,3,Dormant / Low Value,453.0,1.0,12.53
C03189,4,Loyal Customers,270.0,7.0,633.74
C03190,3,Dormant / Low Value,425.0,2.0,51.09
C03191,-1,No Purchase,,0.0,0.0
C03192,4,Loyal Customers,50.0,7.0,476.68
C03193,4,Loyal Customers,46.0,9.0,527.32
C03194,4,Loyal Customers,194.0,8.0,975.46
C03195,2,Potential Loyalists,3.0,7.0,426.42
C03196,4,Loyal Customers,171.0,8.0,468.12
C03197,2,Potential Loyalists,47.0,3.0,242.35
C03198,2,Potential Loyalists,21.0,2.0,592.12
C03199,4,Loyal Customers,116.0,15.0,1709.36
C03200,0,At Risk,166.0,3.0,151.99
C03201,1,Champions,15.0,15.0,1088.24
C03202,1,Champions,22.0,14.0,1512.84
C03203,4,Loyal Customers,141.0,8.0,418.53
C03204,1,Champions,34.0,20.0,1664.48
C03205,2,Potential Loyalists,37.0,4.0,217.35
C03206,0,At Risk,273.0,4.0,285.36
C03207,3,Dormant / Low Value,277.0,2.0,102.18
C03208,3,Dormant / Low Value,669.0,1.0,71.68
C03209,2,Potential Loyalists,47.0,4.0,223.22
C03210,4,Loyal Customers,161.0,8.0,620.3299999999999
C03211,0,At Risk,92.0,5.0,528.38
C03212,4,Loyal Customers,28.0,9.0,690.48
C03213,4,Loyal Customers,91.0,10.0,1443.83
C03214,0,At Risk,67.0,3.0,145.67000000000002
C03215,4,Loyal Customers,149.0,8.0,361.79
C03216,2,Potential Loyalists,20.0,5.0,167.6
C03217,0,At Risk,305.0,3.0,393.34
C03218,3,Dormant / Low Value,22.0,2.0,24.42
C03219,2,Potential Loyalists,5.0,4.0,607.73
C03220,3,Dormant / Low Value,339.0,1.0,21.4
C03221,1,Champions,17.0,14.0,1509.16
C03222,4,Loyal Customers,124.0,8.0,349.89000000000004
C03223,1,Champions,21.0,10.0,1268.77
C03224,0,At Risk,52.0,3.0,128.49
C03225,2,Potential Loyalists,4.0,7.0,374.52
C03226,1,Champions,5.0,10.0,889.64
C03227,3,Dormant / Low Value,257.0,1.0,55.16
C03228,4,Loyal Customers,72.0,10.0,882.96
C03229,3,Dormant / Low Value,151.0,2.0,120.15
C03230,0,At Risk,184.0,3.0,223.12
C03231,3,Dormant / Low Value,484.0,2.0,64.03
C03232,3,Dormant / Low Value,414.0,1.0,144.05
C03233,3,Dormant / Low Value,291.0,3.0,77.86
C03234,3,Dormant / Low Value,498.0,2.0,20.31
C03235,2,Potential Loyalists,33.0,4.0,192.84
C03236,3,Dormant / Low Value,711.0,1.0,32.87
C03237,3,Dormant / Low Value,365.0,2.0,52.68
C03238,0,At Risk,179.0,4.0,151.81
C03239,0,At Risk,122.0,5.0,330.61
C03240,4,Loyal Customers,50.0,14.0,719.55
C03241,4,Loyal Customers,59.0,5.0,513.55
C03242,4,Loyal Customers,74.0,26.0,1283.55
C03243,3,Dormant / Low Value,406.0,2.0,119.42
C03244,4,Loyal Customers,223.0,7.0,638.6
C03245,4,Loyal Customers,67.0,10.0,555.9
C03246,1,Champions,22.0,10.0,1000.01
C03247,1,Champions,12.0,9.0,1857.83
C03248,1,Champions,29.0,23.0,1393.39
C03249,3,Dormant / Low Value,557.0,1.0,43.57
C03250,3,Dormant / Low Value,115.0,2.0,33.85
C03251,2,Potential Loyalists,40.0,5.0,547.14
C03252,3,Dormant / Low Value,712.0,1.0,91.76
C03253,2,Potential Loyalists,16.0,4.0,91.39
C03254,3,Dormant / Low Value,477.0,2.0,96.93
C03255,4,Loyal Customers,75.0,15.0,711.39
C03256,3,Dormant / Low Value,178.0,2.0,78.6
C03257,4,Loyal Customers,62.0,9.0,1262.86
C03258,2,Potential Loyalists,37.0,6.0,457.88
C03259,3,Dormant / Low Value,408.0,2.0,146.71
C03260,0,At Risk,165.0,4.0,112.16
C03261,2,Potential Loyalists,18.0,6.0,779.24
C03262,2,Potential Loyalists,53.0,5.0,417.82
C03263,4,Loyal Customers,99.0,8.0,472.59
C03264,0,At Risk,141.0,4.0,369.16
C03265,4,Loyal Customers,57.0,7.0,895.1700000000001
C03266,0,At Risk,64.0,4.0,338.49
C03267,4,Loyal Customers,114.0,10.0,965.8
C03268,0,At Risk,169.0,2.0,181.44
C03269,3,Dormant / Low Value,180.0,2.0,66.9
C03270,0,At Risk,441.0,2.0,320.24
C03271,2,Potential Loyalists,25.0,8.0,576.13
C03272,2,Potential Loyalists,43.0,5.0,271.87
C03273,1,Champions,9.0,13.0,1427.54
C03274,0,At Risk,76.0,4.0,116.11
C03275,1,Champions,1.0,14.0,873.07
C03276,0,At Risk,103.0,3.0,261.48
C03277,1,Champions,4.0,12.0,1844.67
C03278,2,Potential Loyalists,7.0,8.0,385.42
C03279,0,At Risk,239.0,3.0,157.4
C03280,4,Loyal Customers,80.0,11.0,1340.0
C03281,3,Dormant / Low Value,284.0,2.0,66.25
C03282,0,At Risk,397.0,2.0,411.91
C03283,2,Potential Loyalists,45.0,4.0,153.70999999999998
C03284,2,Potential Loyalists,7.0,5.0,447.15
C03285,4,Loyal Customers,110.0,11.0,632.12
C03286,0,At Risk,107.0,3.0,122.62
C03287,0,At Risk,87.0,4.0,182.84
C03288,3,Dormant / Low Value,87.0,2.0,50.0
C03289,0,At Risk,157.0,7.0,338.74
C03290,4,Loyal Customers,48.0,7.0,1948.16
C03291,2,Potential Loyalists,5.0,6.0,626.67
C03292,0,At Risk,221.0,4.0,562.1800000000001
C03293,0,At Risk,109.0,3.0,352.84000000000003
C03294,1,Champions,38.0,14.0,686.4499999999999
C03295,-1,No Purchase,,0.0,0.0
C03296,4,Loyal Customers,66.0,11.0,493.57
C03297,0,At Risk,82.0,5.0,403.42
C03298,4,Loyal Customers,38.0,7.0,520.72
C03299,2,Potential Loyalists,48.0,4.0,397.36
C03300,1,Champions,40.0,23.0,1272.49
C03301,4,Loyal Customers,122.0,10.0,540.29
C03302,3,Dormant / Low Value,358.0,2.0,69.99000000000001
C03303,-1,No Purchase,,0.0,0.0
C03304,4,Loyal Customers,225.0,13.0,1991.43
C03305,2,Potential Loyalists,5.0,5.0,587.8
C03306,3,Dormant / Low Value,511.0,1.0,14.18
C03307,2,Potential Loyalists,6.0,5.0,360.02
C03308,0,At Risk,145.0,6.0,473.35
C03309,3,Dormant / Low Value,321.0,1.0,20.02
C03310,1,Champions,8.0,16.0,1116.91
C03311,4,Loyal Customers,44.0,10.0,839.22
C03312,1,Champions,1.0,11.0,943.89
C03313,0,At Risk,112.0,5.0,298.49
C03314,0,At Risk,409.0,3.0,149.62
C03315,3,Dormant / Low Value,476.0,1.0,38.26
C03316,4,Loyal Customers,80.0,12.0,934.88
C03317,-1,No Purchase,,0.0,0.0
C03318,3,Dormant / Low Value,109.0,2.0,43.32
C03319,0,At Risk,175.0,4.0,226.46
C03320,0,At Risk,244.0,5.0,699.75
C03321,0,At Risk,160.0,3.0,229.11
C03322,4,Loyal Customers,70.0,13.0,987.5
C03323,4,Loyal Customers,85.0,9.0,1026.33
C03324,2,Potential Loyalists,36.0,5.0,460.08
C03325,1,Champions,30.0,10.0,721.1800000000001
C03326,1,Champions,8.0,10.0,1209.9
C03327,4,Loyal Customers,192.0,9.0,668.87
C03328,1,Champions,12.0,10.0,1338.8200000000002
C03329,3,Dormant / Low Value,312.0,2.0,108.03
C03330,4,Loyal Customers,71.0,10.0,879.3
C03331,0,At Risk,224.0,4.0,155.38
C03332,3,Dormant / Low Value,508.0,2.0,54.66
C03333,0,At Risk,112.0,4.0,223.84
C03334,2,Potential Loyalists,5.0,7.0,223.56
C03335,2,Potential Loyalists,44.0,5.0,442.85
C03336,1,Champions,12.0,9.0,1105.35
C03337,1,Champions,40.0,22.0,1135.14
C03338,0,At Risk,56.0,3.0,337.62
C03339,1,Champions,2.0,7.0,669.53
C03340,4,Loyal Customers,272.0,5.0,1828.41
C03341,1,Champions,4.0,8.0,789.9
C03342,3,Dormant / Low Value,129.0,1.0,12.7
C03343,3,Dormant / Low Value,384.0,2.0,44.8
C03344,4,Loyal Customers,88.0,7.0,327.98
C03345,4,Loyal Customers,107.0,9.0,492.3
C03346,4,Loyal Customers,65.0,9.0,561.3199999999999
C03347,2,Potential Loyalists,42.0,4.0,239.24
C03348,4,Loyal Customers,234.0,8.0,528.54
C03349,2,Potential Loyalists,9.0,7.0,187.58
C03350,0,At Risk,483.0,5.0,385.88
C03351,4,Loyal Customers,297.0,7.0,894.42
C03352,3,Dormant / Low Value,177.0,2.0,70.33
C03353,2,Potential Loyalists,50.0,4.0,209.43
C03354,0,At Risk,244.0,3.0,719.68
C03355,4,Loyal Customers,82.0,9.0,281.28
C03356,4,Loyal Customers,45.0,8.0,362.16
C03357,0,At Risk,205.0,8.0,304.58
C03358,4,Loyal Customers,48.0,12.0,1499.06
C03359,1,Champions,7.0,15.0,989.51
C03360,1,Champions,2.0,7.0,923.67
C03361,0,At Risk,73.0,4.0,190.19
C03362,1,Champions,18.0,9.0,495.06
C03363,3,Dormant / Low Value,134.0,3.0,57.00000000000001
C03364,2,Potential Loyalists,16.0,6.0,344.48
C03365,4,Loyal Customers,67.0,7.0,670.32
C03366,4,Loyal Customers,52.0,13.0,668.32
C03367,0,At Risk,65.0,3.0,95.16
C03368,0,At Risk,367.0,5.0,388.38
C03369,0,At Risk,171.0,6.0,348.40000000000003
C03370,1,Champions,4.0,16.0,1305.57
C03371,2,Potential Loyalists,47.0,5.0,313.92
C03372,1,Champions,17.0,14.0,1298.45
C03373,0,At Risk,139.0,3.0,425.91
C03374,1,Champions,10.0,8.0,941.07
C03375,0,At Risk,162.0,4.0,325.17999999999995
C03376,0,At Risk,153.0,2.0,562.63
C03377,1,Champions,24.0,13.0,1058.27
C03378,4,Loyal Customers,84.0,9.0,538.29
C03379,3,Dormant / Low Value,461.0,1.0,36.33
C03380,3,Dormant / Low Value,177.0,1.0,22.62
C03381,1,Champions,29.0,17.0,852.86
C03382,1,Champions,35.0,17.0,3479.32
C03383,2,Potential Loyalists,21.0,8.0,522.05
C03384,0,At Risk,160.0,2.0,241.79
C03385,0,At Risk,182.0,6.0,537.5
C03386,0,At Risk,299.0,4.0,100.72
C03387,1,Champions,7.0,14.0,1436.02
C03388,0,At Risk,256.0,8.0,213.85
C03389,0,At Risk,192.0,3.0,129.8
C03390,2,Potential Loyalists,28.0,7.0,262.47
C03391,4,Loyal Customers,145.0,11.0,859.08
C03392,3,Dormant / Low Value,587.0,1.0,62.73
C03393,3,Dormant / Low Value,654.0,1.0,39.62
C03394,4,Loyal Customers,48.0,7.0,875.41
C03395,1,Champions,64.0,24.0,1848.4
C03396,0,At Risk,493.0,5.0,439.24
C03397,4,Loyal Customers,129.0,8.0,869.73
C03398,1,Champions,30.0,13.0,932.87
C03399,0,At Risk,91.0,4.0,217.28
C03400,0,At Risk,259.0,3.0,467.04
C03401,1,Champions,18.0,9.0,860.9300000000001
C03402,1,Champions,8.0,9.0,458.02
C03403,1,Champions,21.0,15.0,744.46
C03404,1,Champions,11.0,17.0,1394.46
C03405,4,Loyal Customers,80.0,7.0,743.59
C03406,4,Loyal Customers,76.0,11.0,914.41
C03407,0,At Risk,516.0,4.0,269.45000000000005
C03408,4,Loyal Customers,95.0,6.0,622.6899999999999
C03409,0,At Risk,188.0,4.0,432.1
C03410,0,At Risk,218.0,5.0,276.24
C03411,3,Dormant / Low Value,361.0,3.0,74.44
C03412,0,At Risk,328.0,3.0,128.8
C03413,0,At Risk,128.0,6.0,227.59
C03414,3,Dormant / Low Value,496.0,3.0,118.22
C03415,2,Potential Loyalists,44.0,3.0,268.53
C03416,4,Loyal Customers,76.0,6.0,456.75
C03417,2,Potential Loyalists,33.0,8.0,436.51
C03418,0,At Risk,131.0,3.0,280.29
C03419,1,Champions,25.0,15.0,737.56
C03420,1,Champions,34.0,14.0,947.21
C03421,4,Loyal Customers,158.0,6.0,627.88
C03422,1,Champions,17.0,12.0,725.1
C03423,1,Champions,16.0,9.0,527.91
C03424,0,At Risk,137.0,4.0,240.86
C03425,1,Champions,16.0,7.0,1376.99
C03426,0,At Risk,344.0,3.0,363.28
C03427,1,Champions,12.0,13.0,655.78
C03428,1,Champions,39.0,29.0,1717.69
C03429,4,Loyal Customers,55.0,13.0,529.45
C03430,2,Potential Loyalists,39.0,6.0,219.51
C03431,0,At Risk,281.0,7.0,301.45
C03432,2,Potential Loyalists,2.0,1.0,12.35
C03433,0,At Risk,58.0,3.0,109.72
C03434,3,Dormant / Low Value,567.0,3.0,105.82
C03435,0,At Risk,123.0,6.0,240.65
C03436,4,Loyal Customers,163.0,9.0,673.63
C03437,0,At Risk,287.0,4.0,438.8
C03438,3,Dormant / Low Value,337.0,2.0,28.06
C03439,2,Potential Loyalists,10.0,7.0,334.6
C03440,0,At Risk,66.0,2.0,163.92000000000002
C03441,2,Potential Loyalists,40.0,5.0,373.51
C03442,0,At Risk,109.0,6.0,307.49
C03443,2,Potential Loyalists,37.0,7.0,283.77
C03444,1,Champions,18.0,19.0,1659.73
C03445,2,Potential Loyalists,1.0,7.0,463.02
C03446,4,Loyal Customers,35.0,11.0,581.69
C03447,2,Potential Loyalists,17.0,9.0,294.09
C03448,4,Loyal Customers,47.0,6.0,601.63
C03449,1,Champions,12.0,12.0,354.12
C03450,1,Champions,12.0,13.0,831.44
C03451,0,At Risk,75.0,4.0,450.88
C03452,0,At Risk,73.0,4.0,290.24
C03453,3,Dormant / Low Value,641.0,1.0,12.69
C03454,2,Potential Loyalists,3.0,4.0,134.42000000000002
C03455,4,Loyal Customers,116.0,7.0,750.18
C03456,1,Champions,7.0,15.0,932.84
C03457,1,Champions,10.0,16.0,991.06
C03458,4,Loyal Customers,193.0,8.0,1269.3
C03459,2,Potential Loyalists,24.0,10.0,295.79
C03460,0,At Risk,235.0,4.0,238.29
C03461,2,Potential Loyalists,28.0,7.0,255.71
C03462,3,Dormant / Low Value,642.0,1.0,31.44
C03463,4,Loyal Customers,49.0,6.0,618.12
C03464,4,Loyal Customers,205.0,9.0,441.99
C03465,4,Loyal Customers,177.0,8.0,892.18
C03466,0,At Risk,138.0,5.0,666.24
C03467,2,Potential Loyalists,3.0,6.0,711.5699999999999
C03468,4,Loyal Customers,136.0,8.0,367.82
C03469,3,Dormant / Low Value,397.0,2.0,78.80000000000001
C03470,1,Champions,10.0,5.0,2694.47
C03471,4,Loyal Customers,39.0,12.0,751.96
C03472,0,At Risk,208.0,5.0,157.52
C03473,4,Loyal Customers,91.0,6.0,518.95
C03474,4,Loyal Customers,82.0,10.0,1034.78
C03475,2,Potential Loyalists,30.0,5.0,306.02
C03476,4,Loyal Customers,211.0,8.0,466.52
C03477,1,Champions,51.0,16.0,1869.92
C03478,1,Champions,30.0,16.0,1363.2
C03479,2,Potential Loyalists,17.0,4.0,218.29
C03480,0,At Risk,363.0,5.0,188.89
C03481,4,Loyal Customers,171.0,11.0,983.6
C03482,1,Champions,21.0,11.0,735.3
C03483,4,Loyal Customers,148.0,10.0,543.0
C03484,4,Loyal Customers,229.0,9.0,492.74
C03485,1,Champions,7.0,7.0,762.63
C03486,4,Loyal Customers,99.0,11.0,1102.87
C03487,1,Champions,26.0,11.0,945.99
C03488,2,Potential Loyalists,14.0,5.0,556.19
C03489,0,At Risk,350.0,6.0,330.91
C03490,2,Potential Loyalists,27.0,4.0,248.55
C03491,-1,No Purchase,,0.0,0.0
C03492,1,Champions,7.0,18.0,3264.8700000000003
C03493,0,At Risk,170.0,7.0,342.84
C03494,0,At Risk,304.0,5.0,724.0400000000001
C03495,4,Loyal Customers,210.0,8.0,738.07
C03496,4,Loyal Customers,51.0,12.0,729.16
C03497,1,Champions,1.0,7.0,507.22
C03498,0,At Risk,235.0,3.0,221.83
C03499,4,Loyal Customers,83.0,12.0,533.8
C03500,2,Potential Loyalists,5.0,5.0,286.67
C03501,2,Potential Loyalists,7.0,7.0,303.86
C03502,0,At Risk,211.0,2.0,256.82
C03503,0,At Risk,458.0,7.0,306.91
C03504,4,Loyal Customers,123.0,8.0,979.89
C03505,0,At Risk,306.0,5.0,236.26
C03506,1,Champions,10.0,9.0,595.4499999999999
C03507,0,At Risk,252.0,7.0,320.32000000000005
C03508,0,At Risk,113.0,5.0,462.07
C03509,-1,No Purchase,,0.0,0.0
C03510,0,At Risk,230.0,2.0,339.44
C03511,4,Loyal Customers,56.0,13.0,1039.58
C03512,-1,No Purchase,,0.0,0.0
C03513,-1,No Purchase,,0.0,0.0
C03514,1,Champions,8.0,18.0,986.42
C03515,1,Champions,16.0,11.0,917.42
C03516,4,Loyal Customers,328.0,7.0,1002.19
C03517,0,At Risk,57.0,4.0,325.88
C03518,4,Loyal Customers,114.0,12.0,1068.42
C03519,1,Champions,10.0,11.0,475.74
C03520,1,Champions,6.0,12.0,596.01
C03521,4,Loyal Customers,60.0,16.0,850.68
C03522,3,Dormant / Low Value,97.0,3.0,93.35
C03523,0,At Risk,147.0,9.0,206.67
C03524,0,At Risk,466.0,4.0,156.12
C03525,0,At Risk,147.0,4.0,196.33
C03526,-1,No Purchase,,0.0,0.0
C03527,4,Loyal Customers,99.0,5.0,806.2800000000001
C03528,1,Champions,23.0,16.0,854.26
C03529,4,Loyal Customers,43.0,7.0,850.75
C03530,0,At Risk,389.0,3.0,416.53
C03531,4,Loyal Customers,103.0,7.0,569.81
C03532,0,At Risk,362.0,3.0,138.71
C03533,0,At Risk,75.0,5.0,240.58
C03534,4,Loyal Customers,98.0,10.0,1026.48
C03535,4,Loyal Customers,69.0,7.0,789.83
C03536,0,At Risk,474.0,3.0,447.17
C03537,0,At Risk,332.0,5.0,500.74
C03538,0,At Risk,374.0,3.0,280.89
C03539,0,At Risk,256.0,7.0,288.79
C03540,4,Loyal Customers,71.0,16.0,773.3199999999999
C03541,4,Loyal Customers,155.0,5.0,758.37
C03542,1,Champions,12.0,14.0,832.97
C03543,0,At Risk,198.0,3.0,131.19
C03544,4,Loyal Customers,136.0,9.0,852.5
C03545,4,Loyal Customers,85.0,7.0,371.52
C03546,2,Potential Loyalists,24.0,8.0,288.44
C03547,3,Dormant / Low Value,294.0,1.0,99.34
C03548,4,Loyal Customers,57.0,5.0,526.08
C03549,4,Loyal Customers,73.0,16.0,944.3
C03550,4,Loyal Customers,57.0,15.0,2164.94
C03551,4,Loyal Customers,136.0,7.0,812.6600000000001
C03552,0,At Risk,64.0,4.0,310.87
C03553,4,Loyal Customers,309.0,7.0,667.6
C03554,4,Loyal Customers,96.0,6.0,436.68
C03555,1,Champions,13.0,13.0,944.19
C03556,0,At Risk,339.0,6.0,383.39
C03557,1,Champions,28.0,19.0,962.35
C03558,2,Potential Loyalists,24.0,8.0,386.87
C03559,0,At Risk,119.0,6.0,443.65
C03560,4,Loyal Customers,151.0,9.0,1229.73
C03561,2,Potential Loyalists,43.0,5.0,127.61
C03562,1,Champions,43.0,13.0,1359.06
C03563,3,Dormant / Low Value,341.0,1.0,115.22
C03564,3,Dormant / Low Value,280.0,1.0,142.47
C03565,1,Champions,2.0,10.0,551.39
C03566,1,Champions,1.0,13.0,1683.12
C03567,0,At Risk,121.0,6.0,410.8
C03568,4,Loyal Customers,92.0,8.0,764.54
C03569,4,Loyal Customers,85.0,7.0,543.18
C03570,1,Champions,19.0,9.0,648.35
C03571,3,Dormant / Low Value,67.0,3.0,78.51
C03572,2,Potential Loyalists,55.0,6.0,273.58
C03573,0,At Risk,244.0,4.0,351.84000000000003
C03574,4,Loyal Customers,179.0,6.0,692.13
C03575,0,At Risk,271.0,5.0,538.34
C03576,4,Loyal Customers,70.0,7.0,634.55
C03577,0,At Risk,84.0,5.0,243.8
C03578,0,At Risk,226.0,6.0,377.91
C03579,2,Potential Loyalists,21.0,4.0,219.14
C03580,2,Potential Loyalists,22.0,7.0,312.92
C03581,4,Loyal Customers,238.0,8.0,624.04
C03582,2,Potential Loyalists,7.0,5.0,271.33
C03583,1,Champions,1.0,14.0,1013.48
C03584,1,Champions,8.0,14.0,688.68
C03585,1,Champions,9.0,17.0,820.44
C03586,4,Loyal Customers,75.0,7.0,530.09
C03587,4,Loyal Customers,31.0,11.0,604.6800000000001
C03588,2,Potential Loyalists,9.0,7.0,204.6
C03589,3,Dormant / Low Value,475.0,1.0,14.56
C03590,2,Potential Loyalists,8.0,7.0,301.82
C03591,2,Potential Loyalists,18.0,4.0,185.71
C03592,4,Loyal Customers,179.0,8.0,504.34
C03593,0,At Risk,109.0,6.0,357.28
C03594,0,At Risk,160.0,4.0,197.89
C03595,-1,No Purchase,,0.0,0.0
C03596,1,Champions,1.0,13.0,732.75
C03597,1,Champions,12.0,20.0,919.73
C03598,3,Dormant / Low Value,507.0,1.0,34.47
C03599,0,At Risk,117.0,4.0,536.8399999999999
C03600,0,At Risk,244.0,4.0,197.5
C03601,3,Dormant / Low Value,205.0,2.0,65.46
C03602,4,Loyal Customers,158.0,7.0,676.0
C03603,2,Potential Loyalists,5.0,7.0,170.77
C03604,1,Champions,26.0,15.0,1215.9
C03605,2,Potential Loyalists,14.0,4.0,318.71
C03606,0,At Risk,161.0,4.0,298.37
C03607,0,At Risk,186.0,5.0,192.74
C03608,3,Dormant / Low Value,212.0,2.0,136.41
C03609,3,Dormant / Low Value,258.0,2.0,85.55
C03610,4,Loyal Customers,124.0,10.0,5771.96
C03611,4,Loyal Customers,62.0,6.0,389.59
C03612,4,Loyal Customers,98.0,8.0,1158.92
C03613,1,Champions,10.0,14.0,542.34
C03614,0,At Risk,98.0,5.0,337.18
C03615,1,Champions,1.0,12.0,569.78
C03616,1,Champions,2.0,9.0,513.83
C03617,0,At Risk,202.0,4.0,470.74
C03618,0,At Risk,67.0,4.0,156.11
C03619,-1,No Purchase,,0.0,0.0
C03620,0,At Risk,206.0,5.0,234.89
C03621,-1,No Purchase,,0.0,0.0
C03622,2,Potential Loyalists,29.0,6.0,360.27
C03623,4,Loyal Customers,92.0,10.0,654.46
C03624,4,Loyal Customers,54.0,12.0,583.19
C03625,4,Loyal Customers,129.0,10.0,507.24
C03626,1,Champions,10.0,14.0,1147.18
C03627,0,At Risk,145.0,8.0,259.72
C03628,4,Loyal Customers,185.0,7.0,896.2
C03629,0,At Risk,169.0,3.0,221.34
C03630,2,Potential Loyalists,48.0,4.0,775.46
C03631,-1,No Purchase,,0.0,0.0
C03632,0,At Risk,250.0,6.0,222.15
C03633,4,Loyal Customers,45.0,11.0,1158.13
C03634,4,Loyal Customers,57.0,9.0,525.5500000000001
C03635,0,At Risk,64.0,5.0,141.38
C03636,4,Loyal Customers,90.0,9.0,401.71
C03637,3,Dormant / Low Value,166.0,3.0,52.09
C03638,4,Loyal Customers,147.0,9.0,451.05
C03639,2,Potential Loyalists,27.0,5.0,510.49
C03640,2,Potential Loyalists,18.0,6.0,761.15
C03641,3,Dormant / Low Value,352.0,3.0,65.41
C03642,4,Loyal Customers,69.0,10.0,636.98
C03643,2,Potential Loyalists,4.0,7.0,443.89
C03644,3,Dormant / Low Value,396.0,1.0,17.48
C03645,1,Champions,13.0,11.0,1848.03
C03646,0,At Risk,87.0,5.0,451.52
C03647,4,Loyal Customers,61.0,8.0,620.1
C03648,2,Potential Loyalists,11.0,6.0,101.07
C03649,1,Champions,8.0,18.0,1693.27
C03650,3,Dormant / Low Value,404.0,2.0,107.89
C03651,2,Potential Loyalists,17.0,5.0,457.65
C03652,4,Loyal Customers,68.0,7.0,269.97
C03653,0,At Risk,294.0,3.0,363.7
C03654,2,Potential Loyalists,50.0,6.0,187.89
C03655,3,Dormant / Low Value,120.0,1.0,115.34
C03656,0,At Risk,118.0,4.0,106.52
C03657,4,Loyal Customers,189.0,7.0,706.3199999999999
C03658,1,Champions,27.0,12.0,579.9
C03659,2,Potential Loyalists,21.0,5.0,439.76
C03660,0,At Risk,253.0,3.0,1705.78
C03661,1,Champions,17.0,9.0,1188.31
C03662,4,Loyal Customers,198.0,9.0,361.83
C03663,4,Loyal Customers,116.0,10.0,906.91
C03664,3,Dormant / Low Value,264.0,2.0,41.35
C03665,0,At Risk,63.0,6.0,345.88
C03666,0,At Risk,440.0,2.0,1365.72
C03667,2,Potential Loyalists,8.0,2.0,125.21
C03668,4,Loyal Customers,102.0,10.0,725.11
C03669,4,Loyal Customers,81.0,7.0,498.42
C03670,0,At Risk,189.0,5.0,627.02
C03671,0,At Risk,57.0,4.0,248.12
C03672,0,At Risk,129.0,4.0,258.88
C03673,4,Loyal Customers,81.0,9.0,574.9399999999999
C03674,4,Loyal Customers,38.0,10.0,643.23
C03675,1,Champions,8.0,11.0,854.52
C03676,4,Loyal Customers,104.0,5.0,686.86
C03677,2,Potential Loyalists,44.0,4.0,274.88
C03678,2,Potential Loyalists,33.0,4.0,203.06
C03679,2,Potential Loyalists,27.0,3.0,97.43
C03680,1,Champions,48.0,17.0,3618.29
C03681,0,At Risk,248.0,5.0,243.91
C03682,4,Loyal Customers,136.0,9.0,306.09000000000003
C03683,4,Loyal Customers,67.0,11.0,768.19
C03684,3,Dormant / Low Value,492.0,1.0,122.9
C03685,0,At Risk,241.0,3.0,126.76999999999998
C03686,2,Potential Loyalists,24.0,3.0,202.55
C03687,3,Dormant / Low Value,593.0,1.0,43.12
C03688,2,Potential Loyalists,13.0,5.0,253.68
C03689,0,At Risk,232.0,3.0,208.48
C03690,0,At Risk,199.0,4.0,222.98
C03691,0,At Risk,71.0,5.0,257.54
C03692,3,Dormant / Low Value,116.0,1.0,82.36
C03693,0,At Risk,170.0,3.0,217.42
C03694,4,Loyal Customers,92.0,8.0,272.15
C03695,4,Loyal Customers,52.0,8.0,459.11
C03696,3,Dormant / Low Value,313.0,2.0,53.96
C03697,2,Potential Loyalists,40.0,3.0,534.47
C03698,4,Loyal Customers,121.0,7.0,416.22
C03699,4,Loyal Customers,56.0,9.0,382.1
C03700,4,Loyal Customers,84.0,19.0,2004.23
C03701,3,Dormant / Low Value,93.0,1.0,61.66
C03702,0,At Risk,144.0,7.0,311.45
C03703,4,Loyal Customers,188.0,10.0,1194.66
C03704,3,Dormant / Low Value,139.0,1.0,4.6
C03705,0,At Risk,194.0,1.0,335.56
C03706,4,Loyal Customers,210.0,8.0,522.68
C03707,2,Potential Loyalists,18.0,8.0,437.46
C03708,0,At Risk,89.0,5.0,529.09
C03709,4,Loyal Customers,101.0,10.0,897.01
C03710,1,Champions,14.0,11.0,1081.64
C03711,4,Loyal Customers,128.0,9.0,745.6700000000001
C03712,2,Potential Loyalists,15.0,4.0,212.99
C03713,4,Loyal Customers,161.0,13.0,795.47
C03714,1,Champions,14.0,17.0,1009.56
C03715,2,Potential Loyalists,6.0,6.0,174.14999999999998
C03716,1,Champions,50.0,19.0,7346.46
C03717,4,Loyal Customers,289.0,10.0,1854.5
C03718,1,Champions,16.0,13.0,2564.33
C03719,4,Loyal Customers,35.0,10.0,817.1
C03720,0,At Risk,145.0,6.0,345.67999999999995
C03721,4,Loyal Customers,53.0,9.0,1066.43
C03722,1,Champions,24.0,14.0,2145.28
C03723,2,Potential Loyalists,55.0,6.0,282.83
C03724,0,At Risk,261.0,6.0,403.96
C03725,1,Champions,12.0,10.0,491.6
C03726,3,Dormant / Low Value,340.0,1.0,45.06
C03727,2,Potential Loyalists,14.0,4.0,134.48000000000002
C03728,4,Loyal Customers,77.0,12.0,1314.64
C03729,0,At Risk,329.0,7.0,446.25
C03730,2,Potential Loyalists,6.0,8.0,308.69
C03731,1,Champions,19.0,19.0,1372.05
C03732,0,At Risk,280.0,6.0,470.73
C03733,0,At Risk,100.0,4.0,276.51
C03734,3,Dormant / Low Value,250.0,2.0,38.66
C03735,3,Dormant / Low Value,292.0,1.0,13.88
C03736,0,At Risk,60.0,3.0,618.6400000000001
C03737,4,Loyal Customers,61.0,12.0,897.65
C03738,4,Loyal Customers,150.0,13.0,1107.9
C03739,3,Dormant / Low Value,341.0,1.0,33.55
C03740,0,At Risk,224.0,4.0,677.4300000000001
C03741,3,Dormant / Low Value,435.0,1.0,20.99
C03742,1,Champions,1.0,21.0,1531.49
C03743,4,Loyal Customers,101.0,7.0,634.64
C03744,0,At Risk,101.0,5.0,350.19
C03745,4,Loyal Customers,69.0,17.0,1103.04
C03746,0,At Risk,74.0,6.0,285.9
C03747,1,Champions,4.0,18.0,2163.16
C03748,0,At Risk,206.0,7.0,176.97
C03749,3,Dormant / Low Value,384.0,1.0,131.58
C03750,0,At Risk,397.0,3.0,151.74
C03751,0,At Risk,214.0,5.0,335.91
C03752,4,Loyal Customers,73.0,9.0,755.61
C03753,4,Loyal Customers,197.0,8.0,363.99
C03754,0,At Risk,65.0,5.0,122.13
C03755,4,Loyal Customers,68.0,6.0,886.0200000000001
C03756,3,Dormant / Low Value,407.0,2.0,36.59
C03757,2,Potential Loyalists,9.0,4.0,253.7
C03758,1,Champions,23.0,16.0,868.1800000000001
C03759,0,At Risk,178.0,3.0,188.94
C03760,0,At Risk,163.0,3.0,330.29999999999995
C03761,4,Loyal Customers,43.0,5.0,923.15
C03762,0,At Risk,96.0,2.0,162.11
C03763,0,At Risk,110.0,3.0,165.01
C03764,3,Dormant / Low Value,713.0,1.0,29.97
C03765,2,Potential Loyalists,36.0,8.0,247.56
C03766,2,Potential Loyalists,50.0,6.0,164.42000000000002
C03767,4,Loyal Customers,36.0,9.0,724.8199999999999
C03768,1,Champions,5.0,9.0,1042.51
C03769,2,Potential Loyalists,45.0,5.0,306.21
C03770,1,Champions,20.0,11.0,983.7
C03771,3,Dormant / Low Value,354.0,1.0,69.38
C03772,1,Champions,14.0,11.0,1597.3
C03773,2,Potential Loyalists,2.0,8.0,322.4
C03774,4,Loyal Customers,55.0,8.0,562.64
C03775,0,At Risk,69.0,2.0,517.34
C03776,1,Champions,11.0,13.0,803.75
C03777,2,Potential Loyalists,25.0,7.0,299.45
C03778,4,Loyal Customers,157.0,7.0,496.85
C03779,3,Dormant / Low Value,589.0,1.0,27.11
C03780,3,Dormant / Low Value,382.0,1.0,14.6
C03781,4,Loyal Customers,76.0,8.0,434.21
C03782,1,Champions,4.0,13.0,507.21
C03783,-1,No Purchase,,0.0,0.0
C03784,0,At Risk,268.0,4.0,107.73
C03785,1,Champions,8.0,15.0,1062.64
C03786,0,At Risk,216.0,3.0,243.01
C03787,2,Potential Loyalists,5.0,4.0,186.4
C03788,2,Potential Loyalists,25.0,3.0,359.41
C03789,4,Loyal Customers,58.0,9.0,452.74
C03790,0,At Risk,57.0,4.0,290.47
C03791,4,Loyal Customers,59.0,8.0,418.48
C03792,0,At Risk,199.0,3.0,285.05
C03793,0,At Risk,217.0,3.0,689.3299999999999
C03794,3,Dormant / Low Value,103.0,2.0,79.97
C03795,1,Champions,11.0,12.0,1111.21
C03796,0,At Risk,209.0,5.0,452.34
C03797,1,Champions,6.0,7.0,1357.45
C03798,4,Loyal Customers,81.0,8.0,494.0
C03799,2,Potential Loyalists,54.0,5.0,408.26
C03800,0,At Risk,341.0,4.0,141.95999999999998
C03801,3,Dormant / Low Value,468.0,3.0,80.93
C03802,0,At Risk,337.0,5.0,144.85000000000002
C03803,0,At Risk,423.0,2.0,360.84
C03804,3,Dormant / Low Value,353.0,3.0,108.91
C03805,3,Dormant / Low Value,626.0,1.0,31.53
C03806,1,Champions,1.0,6.0,785.21
C03807,4,Loyal Customers,49.0,10.0,658.78
C03808,4,Loyal Customers,134.0,11.0,1037.91
C03809,4,Loyal Customers,147.0,9.0,574.9599999999999
C03810,0,At Risk,482.0,4.0,322.6
C03811,2,Potential Loyalists,13.0,5.0,258.99
C03812,2,Potential Loyalists,27.0,6.0,589.16
C03813,0,At Risk,307.0,4.0,106.85
C03814,0,At Risk,294.0,6.0,593.47
C03815,4,Loyal Customers,95.0,8.0,439.49
C03816,4,Loyal Customers,71.0,11.0,580.54
C03817,3,Dormant / Low Value,130.0,1.0,33.25
C03818,0,At Risk,135.0,4.0,196.58
C03819,4,Loyal Customers,54.0,7.0,1155.79
C03820,1,Champions,11.0,9.0,924.95
C03821,0,At Risk,486.0,3.0,386.24
C03822,4,Loyal Customers,65.0,6.0,398.52
C03823,3,Dormant / Low Value,292.0,2.0,130.68
C03824,4,Loyal Customers,74.0,12.0,1504.16
C03825,0,At Risk,105.0,4.0,191.18
C03826,2,Potential Loyalists,8.0,6.0,205.44
C03827,4,Loyal Customers,207.0,8.0,601.37
C03828,1,Champions,42.0,15.0,961.52
C03829,0,At Risk,103.0,6.0,439.48
C03830,4,Loyal Customers,129.0,8.0,326.40000000000003
C03831,0,At Risk,55.0,4.0,108.96
C03832,0,At Risk,170.0,4.0,183.8
C03833,0,At Risk,258.0,3.0,167.14
C03834,0,At Risk,143.0,4.0,128.32
C03835,2,Potential Loyalists,16.0,8.0,444.07
C03836,1,Champions,5.0,9.0,483.95
C03837,3,Dormant / Low Value,578.0,1.0,117.45
C03838,4,Loyal Customers,44.0,8.0,662.62
C03839,3,Dormant / Low Value,437.0,1.0,317.92
C03840,4,Loyal Customers,98.0,14.0,869.16
C03841,4,Loyal Customers,121.0,11.0,1899.04
C03842,4,Loyal Customers,59.0,14.0,866.92
C03843,4,Loyal Customers,149.0,9.0,1691.2499999999998
C03844,0,At Risk,265.0,3.0,149.88
C03845,2,Potential Loyalists,10.0,5.0,273.0
C03846,4,Loyal Customers,48.0,17.0,816.36
C03847,1,Champions,29.0,11.0,775.65
C03848,3,Dormant / Low Value,703.0,1.0,10.23
C03849,0,At Risk,87.0,4.0,267.18
C03850,0,At Risk,68.0,5.0,191.39
C03851,0,At Risk,77.0,5.0,448.38
C03852,4,Loyal Customers,165.0,6.0,770.92
C03853,0,At Risk,116.0,4.0,380.77
C03854,2,Potential Loyalists,32.0,5.0,345.19000000000005
C03855,0,At Risk,115.0,4.0,406.17
C03856,1,Champions,4.0,9.0,668.68
C03857,1,Champions,11.0,8.0,751.47
C03858,1,Champions,1.0,10.0,294.71
C03859,1,Champions,1.0,7.0,534.5
C03860,4,Loyal Customers,80.0,9.0,497.8200000000001
C03861,3,Dormant / Low Value,160.0,2.0,111.07
C03862,4,Loyal Customers,177.0,9.0,723.63
C03863,3,Dormant / Low Value,222.0,3.0,102.58
C03864,4,Loyal Customers,133.0,13.0,994.81
C03865,4,Loyal Customers,141.0,11.0,683.71
C03866,-1,No Purchase,,0.0,0.0
C03867,3,Dormant / Low Value,61.0,2.0,70.4
C03868,4,Loyal Customers,145.0,8.0,598.32
C03869,4,Loyal Customers,59.0,7.0,478.17
C03870,1,Champions,3.0,7.0,721.9300000000001
C03871,2,Potential Loyalists,15.0,3.0,285.98
C03872,0,At Risk,389.0,3.0,165.88
C03873,3,Dormant / Low Value,258.0,2.0,73.07000000000001
C03874,-1,No Purchase,,0.0,0.0
C03875,3,Dormant / Low Value,262.0,2.0,18.52
C03876,0,At Risk,324.0,3.0,143.64
C03877,3,Dormant / Low Value,715.0,1.0,29.45
C03878,2,Potential Loyalists,3.0,3.0,89.4
C03879,1,Champions,14.0,16.0,1173.32
C03880,4,Loyal Customers,133.0,13.0,1621.84
C03881,1,Champions,4.0,21.0,1406.33
C03882,1,Champions,20.0,7.0,841.63
C03883,0,At Risk,142.0,5.0,175.42
C03884,-1,No Purchase,,0.0,0.0
C03885,-1,No Purchase,,0.0,0.0
C03886,2,Potential Loyalists,3.0,2.0,80.32
C03887,4,Loyal Customers,79.0,13.0,985.36
C03888,1,Champions,34.0,14.0,2411.69
C03889,3,Dormant / Low Value,147.0,3.0,95.49
C03890,2,Potential Loyalists,47.0,5.0,516.12
C03891,4,Loyal Customers,108.0,9.0,508.47
C03892,2,Potential Loyalists,4.0,8.0,353.05
C03893,4,Loyal Customers,65.0,7.0,449.5
C03894,4,Loyal Customers,102.0,21.0,1555.85
C03895,0,At Risk,102.0,5.0,84.1
C03896,3,Dormant / Low Value,283.0,2.0,52.33
C03897,0,At Risk,75.0,6.0,323.21
C03898,3,Dormant / Low Value,622.0,1.0,12.38
C03899,3,Dormant / Low Value,541.0,1.0,32.87
C03900,0,At Risk,65.0,4.0,190.34
C03901,1,Champions,8.0,8.0,593.82
C03902,1,Champions,41.0,11.0,2157.73
C03903,4,Loyal Customers,99.0,7.0,955.04
C03904,2,Potential Loyalists,19.0,7.0,747.8800000000001
C03905,1,Champions,24.0,12.0,605.9399999999999
C03906,4,Loyal Customers,104.0,8.0,444.24
C03907,1,Champions,33.0,21.0,2718.48
C03908,1,Champions,6.0,9.0,979.78
C03909,1,Champions,18.0,10.0,483.82
C03910,2,Potential Loyalists,14.0,5.0,268.17
C03911,3,Dormant / Low Value,81.0,2.0,73.64
C03912,1,Champions,19.0,17.0,907.41
C03913,0,At Risk,182.0,5.0,237.86
C03914,0,At Risk,76.0,6.0,342.45
C03915,2,Potential Loyalists,4.0,6.0,356.82000000000005
C03916,0,At Risk,77.0,5.0,136.48
C03917,0,At Risk,196.0,5.0,650.23
C03918,0,At Risk,155.0,6.0,459.38
C03919,0,At Risk,340.0,5.0,138.22
C03920,3,Dormant / Low Value,68.0,2.0,52.37
C03921,4,Loyal Customers,65.0,16.0,1524.6899999999998
C03922,1,Champions,23.0,10.0,885.28
C03923,1,Champions,29.0,15.0,1404.68
C03924,0,At Risk,139.0,3.0,193.41
C03925,3,Dormant / Low Value,347.0,2.0,67.6
C03926,0,At Risk,463.0,3.0,552.05
C03927,4,Loyal Customers,123.0,8.0,420.22
C03928,3,Dormant / Low Value,401.0,3.0,79.53999999999999
C03929,4,Loyal Customers,158.0,16.0,745.94
C03930,4,Loyal Customers,44.0,9.0,531.63
C03931,4,Loyal Customers,59.0,10.0,367.92
C03932,4,Loyal Customers,54.0,7.0,354.55
C03933,0,At Risk,454.0,4.0,110.86
C03934,0,At Risk,689.0,3.0,336.8
C03935,2,Potential Loyalists,27.0,4.0,303.72
C03936,0,At Risk,157.0,5.0,438.47
C03937,2,Potential Loyalists,8.0,9.0,268.62
C03938,0,At Risk,100.0,5.0,315.64
C03939,3,Dormant / Low Value,119.0,2.0,58.650000000000006
C03940,0,At Risk,109.0,4.0,209.23
C03941,0,At Risk,149.0,6.0,259.91
C03942,0,At Risk,181.0,6.0,206.71
C03943,4,Loyal Customers,59.0,10.0,733.24
C03944,3,Dormant / Low Value,55.0,1.0,56.73
C03945,4,Loyal Customers,181.0,13.0,1705.5099999999998
C03946,3,Dormant / Low Value,610.0,1.0,52.27
C03947,0,At Risk,342.0,4.0,1490.3100000000002
C03948,1,Champions,56.0,20.0,1419.09
C03949,0,At Risk,49.0,3.0,111.86
C03950,3,Dormant / Low Value,512.0,3.0,100.14
C03951,3,Dormant / Low Value,121.0,2.0,59.23
C03952,1,Champions,21.0,16.0,1496.68
C03953,4,Loyal Customers,66.0,7.0,711.85
C03954,3,Dormant / Low Value,17.0,1.0,72.03
C03955,4,Loyal Customers,70.0,8.0,462.08
C03956,3,Dormant / Low Value,175.0,2.0,38.99
C03957,1,Champions,35.0,19.0,1793.99
C03958,2,Potential Loyalists,17.0,3.0,165.22
C03959,0,At Risk,143.0,3.0,623.56
C03960,3,Dormant / Low Value,592.0,3.0,73.15
C03961,0,At Risk,403.0,6.0,316.95
C03962,4,Loyal Customers,120.0,9.0,580.37
C03963,3,Dormant / Low Value,632.0,1.0,12.5
C03964,4,Loyal Customers,45.0,7.0,645.9
C03965,4,Loyal Customers,61.0,8.0,326.21
C03966,0,At Risk,202.0,6.0,348.26
C03967,3,Dormant / Low Value,514.0,1.0,33.69
C03968,0,At Risk,156.0,5.0,710.8
C03969,3,Dormant / Low Value,232.0,2.0,103.0
C03970,-1,No Purchase,,0.0,0.0
C03971,3,Dormant / Low Value,145.0,2.0,131.35
C03972,4,Loyal Customers,114.0,7.0,540.6700000000001
C03973,0,At Risk,399.0,3.0,190.12
C03974,0,At Risk,99.0,3.0,178.58
C03975,3,Dormant / Low Value,588.0,1.0,14.92
C03976,2,Potential Loyalists,18.0,3.0,593.1500000000001
C03977,3,Dormant / Low Value,418.0,2.0,67.28
C03978,4,Loyal Customers,123.0,7.0,741.73
C03979,1,Champions,21.0,10.0,460.64
C03980,4,Loyal Customers,132.0,9.0,711.11
C03981,3,Dormant / Low Value,539.0,4.0,72.95
C03982,4,Loyal Customers,96.0,8.0,284.09
C03983,3,Dormant / Low Value,587.0,1.0,70.45
C03984,0,At Risk,103.0,6.0,223.0
C03985,3,Dormant / Low Value,133.0,2.0,51.9
C03986,0,At Risk,68.0,6.0,182.45
C03987,2,Potential Loyalists,15.0,7.0,582.27
C03988,3,Dormant / Low Value,651.0,1.0,17.14
C03989,2,Potential Loyalists,2.0,3.0,136.07999999999998
C03990,0,At Risk,609.0,1.0,503.13
C03991,0,At Risk,92.0,6.0,350.7
C03992,3,Dormant / Low Value,200.0,3.0,83.5
C03993,0,At Risk,102.0,3.0,297.0
C03994,0,At Risk,408.0,4.0,165.05
C03995,0,At Risk,400.0,3.0,154.29
C03996,4,Loyal Customers,220.0,7.0,829.03
C03997,2,Potential Loyalists,4.0,6.0,220.07
C03998,0,At Risk,83.0,7.0,195.0
C03999,0,At Risk,126.0,3.0,180.65
C04000,4,Loyal Customers,30.0,10.0,616.38
C04001,3,Dormant / Low Value,183.0,1.0,19.12
C04002,1,Champions,12.0,19.0,989.51
C04003,0,At Risk,350.0,4.0,387.28
C04004,4,Loyal Customers,51.0,8.0,387.5
C04005,0,At Risk,170.0,3.0,234.68
C04006,0,At Risk,247.0,4.0,113.57
C04007,3,Dormant / Low Value,67.0,2.0,56.36
C04008,-1,No Purchase,,0.0,0.0
C04009,4,Loyal Customers,121.0,7.0,446.04
C04010,2,Potential Loyalists,33.0,3.0,522.29
C04011,0,At Risk,143.0,6.0,307.62
C04012,1,Champions,28.0,22.0,1294.23
C04013,-1,No Purchase,,0.0,0.0
C04014,2,Potential Loyalists,23.0,7.0,347.5
C04015,0,At Risk,83.0,3.0,111.14
C04016,3,Dormant / Low Value,463.0,1.0,38.84
C04017,0,At Risk,80.0,3.0,114.76
C04018,2,Potential Loyalists,42.0,3.0,830.84
C04019,4,Loyal Customers,114.0,10.0,749.59
C04020,2,Potential Loyalists,3.0,4.0,304.07
C04021,2,Potential Loyalists,26.0,4.0,271.58
C04022,4,Loyal Customers,105.0,10.0,649.5
C04023,1,Champions,38.0,21.0,2449.61
C04024,2,Potential Loyalists,15.0,9.0,460.34
C04025,4,Loyal Customers,41.0,13.0,469.13
C04026,4,Loyal Customers,81.0,13.0,846.81
C04027,4,Loyal Customers,49.0,6.0,747.67
C04028,0,At Risk,65.0,3.0,98.64
C04029,4,Loyal Customers,49.0,14.0,798.24
C04030,0,At Risk,140.0,3.0,175.52
C04031,4,Loyal Customers,58.0,9.0,826.7
C04032,0,At Risk,264.0,4.0,200.05
C04033,2,Potential Loyalists,31.0,5.0,222.29
C04034,3,Dormant / Low Value,178.0,2.0,56.38
C04035,4,Loyal Customers,132.0,10.0,551.92
C04036,2,Potential Loyalists,38.0,7.0,478.81
C04037,4,Loyal Customers,56.0,14.0,959.12
C04038,2,Potential Loyalists,24.0,6.0,220.36
C04039,4,Loyal Customers,51.0,10.0,634.2199999999999
C04040,4,Loyal Customers,91.0,8.0,464.29
C04041,1,Champions,28.0,16.0,1315.91
C04042,2,Potential Loyalists,41.0,5.0,220.51
C04043,1,Champions,14.0,7.0,1139.35
C04044,4,Loyal Customers,45.0,14.0,811.81
C04045,0,At Risk,100.0,3.0,118.63
C04046,3,Dormant / Low Value,361.0,2.0,170.32999999999998
C04047,0,At Risk,312.0,4.0,224.37
C04048,3,Dormant / Low Value,356.0,2.0,102.8
C04049,4,Loyal Customers,111.0,14.0,936.73
C04050,1,Champions,47.0,22.0,1020.07
C04051,0,At Risk,187.0,3.0,109.03
C04052,0,At Risk,421.0,5.0,199.91000000000005
C04053,0,At Risk,166.0,7.0,355.7
C04054,4,Loyal Customers,41.0,10.0,944.59
C04055,0,At Risk,170.0,7.0,367.78
C04056,0,At Risk,168.0,7.0,352.21000000000004
C04057,0,At Risk,70.0,4.0,184.1
C04058,2,Potential Loyalists,30.0,6.0,776.22
C04059,2,Potential Loyalists,52.0,6.0,347.42
C04060,0,At Risk,122.0,2.0,161.04
C04061,1,Champions,11.0,16.0,1676.52
C04062,2,Potential Loyalists,7.0,4.0,326.78000000000003
C04063,4,Loyal Customers,36.0,8.0,609.23
C04064,3,Dormant / Low Value,659.0,2.0,147.20999999999998
C04065,1,Champions,5.0,11.0,686.4399999999999
C04066,0,At Risk,305.0,3.0,316.48
C04067,1,Champions,2.0,12.0,1177.56
C04068,1,Champions,16.0,22.0,2133.63
C04069,3,Dormant / Low Value,496.0,1.0,33.14
C04070,0,At Risk,58.0,4.0,91.99
C04071,4,Loyal Customers,41.0,8.0,557.1800000000001
C04072,2,Potential Loyalists,50.0,5.0,474.88
C04073,4,Loyal Customers,53.0,5.0,698.36
C04074,2,Potential Loyalists,14.0,10.0,323.61
C04075,4,Loyal Customers,50.0,7.0,415.26
C04076,4,Loyal Customers,33.0,7.0,903.0
C04077,2,Potential Loyalists,26.0,8.0,353.76
C04078,4,Loyal Customers,102.0,9.0,668.8100000000001
C04079,2,Potential Loyalists,19.0,5.0,253.05
C04080,0,At Risk,86.0,7.0,153.36
C04081,0,At Risk,127.0,3.0,254.89
C04082,1,Champions,28.0,10.0,815.73
C04083,2,Potential Loyalists,46.0,8.0,282.63
C04084,0,At Risk,419.0,3.0,184.31
C04085,1,Champions,21.0,17.0,1189.23
C04086,2,Potential Loyalists,33.0,7.0,378.0
C04087,0,At Risk,83.0,2.0,164.28
C04088,0,At Risk,106.0,5.0,305.86
C04089,2,Potential Loyalists,34.0,3.0,201.53
C04090,2,Potential Loyalists,53.0,5.0,477.99
C04091,1,Champions,14.0,19.0,1643.0
C04092,4,Loyal Customers,54.0,8.0,382.04
C04093,3,Dormant / Low Value,213.0,2.0,53.60000000000001
C04094,3,Dormant / Low Value,532.0,2.0,118.66
C04095,0,At Risk,316.0,4.0,117.63
C04096,2,Potential Loyalists,24.0,5.0,221.72
C04097,0,At Risk,161.0,4.0,354.5
C04098,2,Potential Loyalists,35.0,8.0,371.3
C04099,4,Loyal Customers,77.0,21.0,1202.78
C04100,0,At Risk,399.0,3.0,253.22
C04101,1,Champions,1.0,11.0,569.73
C04102,0,At Risk,224.0,3.0,181.99
C04103,4,Loyal Customers,102.0,7.0,638.3399999999999
C04104,1,Champions,2.0,18.0,2016.12
C04105,3,Dormant / Low Value,131.0,1.0,69.94
C04106,1,Champions,50.0,12.0,3239.85
C04107,1,Champions,41.0,16.0,1426.47
C04108,1,Champions,23.0,15.0,1071.39
C04109,0,At Risk,295.0,6.0,138.88
C04110,4,Loyal Customers,79.0,8.0,680.24
C04111,2,Potential Loyalists,20.0,8.0,530.22
C04112,3,Dormant / Low Value,262.0,3.0,52.95
C04113,4,Loyal Customers,194.0,8.0,850.29
C04114,0,At Risk,189.0,8.0,325.76
C04115,0,At Risk,66.0,3.0,161.12
C04116,2,Potential Loyalists,20.0,5.0,543.56
C04117,4,Loyal Customers,53.0,16.0,1299.41
C04118,4,Loyal Customers,54.0,7.0,361.87
C04119,0,At Risk,287.0,5.0,555.16
C04120,3,Dormant / Low Value,563.0,1.0,141.31
C04121,4,Loyal Customers,209.0,11.0,500.45
C04122,4,Loyal Customers,53.0,12.0,1181.86
C04123,1,Champions,18.0,14.0,1306.22
C04124,3,Dormant / Low Value,652.0,1.0,21.52
C04125,0,At Risk,282.0,4.0,158.84
C04126,1,Champions,20.0,7.0,867.63
C04127,4,Loyal Customers,37.0,11.0,457.45
C04128,4,Loyal Customers,53.0,9.0,593.45
C04129,0,At Risk,116.0,7.0,316.79
C04130,4,Loyal Customers,116.0,9.0,419.97
C04131,4,Loyal Customers,59.0,6.0,434.62
C04132,4,Loyal Customers,63.0,6.0,402.93
C04133,0,At Risk,106.0,6.0,357.17
C04134,-1,No Purchase,,0.0,0.0
C04135,2,Potential Loyalists,33.0,3.0,118.69
C04136,4,Loyal Customers,57.0,5.0,611.6700000000001
C04137,1,Champions,1.0,21.0,1330.25
C04138,1,Champions,20.0,11.0,553.1899999999999
C04139,4,Loyal Customers,127.0,9.0,515.72
C04140,0,At Risk,261.0,4.0,104.05
C04141,0,At Risk,322.0,5.0,245.87
C04142,-1,No Purchase,,0.0,0.0
C04143,4,Loyal Customers,68.0,12.0,1020.84
C04144,4,Loyal Customers,64.0,6.0,727.5
C04145,3,Dormant / Low Value,536.0,1.0,79.47
C04146,-1,No Purchase,,0.0,0.0
C04147,4,Loyal Customers,132.0,14.0,910.21
C04148,4,Loyal Customers,88.0,11.0,898.26
C04149,3,Dormant / Low Value,399.0,2.0,30.03
C04150,0,At Risk,220.0,3.0,268.39
C04151,0,At Risk,76.0,5.0,181.89
C04152,4,Loyal Customers,165.0,7.0,839.3100000000001
C04153,2,Potential Loyalists,18.0,9.0,444.66
C04154,3,Dormant / Low Value,371.0,3.0,94.43
C04155,2,Potential Loyalists,32.0,4.0,156.39
C04156,1,Champions,26.0,11.0,1076.51
C04157,3,Dormant / Low Value,251.0,2.0,69.89
C04158,4,Loyal Customers,38.0,7.0,1137.98
C04159,0,At Risk,211.0,5.0,186.9
C04160,2,Potential Loyalists,27.0,10.0,367.17
C04161,0,At Risk,79.0,6.0,271.8
C04162,1,Champions,38.0,20.0,1675.79
C04163,1,Champions,2.0,13.0,1248.83
C04164,0,At Risk,259.0,5.0,454.04
C04165,0,At Risk,204.0,6.0,374.54
C04166,0,At Risk,336.0,3.0,136.72
C04167,2,Potential Loyalists,38.0,4.0,146.64
C04168,4,Loyal Customers,56.0,8.0,845.45
C04169,4,Loyal Customers,173.0,6.0,1336.06
C04170,3,Dormant / Low Value,419.0,1.0,68.26
C04171,4,Loyal Customers,127.0,9.0,1249.96
C04172,-1,No Purchase,,0.0,0.0
C04173,0,At Risk,257.0,3.0,170.76
C04174,4,Loyal Customers,81.0,11.0,366.9
C04175,0,At Risk,86.0,6.0,222.83
C04176,0,At Risk,144.0,4.0,316.1
C04177,3,Dormant / Low Value,124.0,1.0,29.97
C04178,2,Potential Loyalists,21.0,4.0,226.02
C04179,4,Loyal Customers,42.0,11.0,811.8
C04180,0,At Risk,360.0,3.0,181.65
C04181,0,At Risk,117.0,4.0,258.96
C04182,4,Loyal Customers,53.0,11.0,688.07
C04183,4,Loyal Customers,37.0,8.0,856.5600000000001
C04184,4,Loyal Customers,165.0,18.0,876.16
C04185,4,Loyal Customers,260.0,12.0,613.06
C04186,3,Dormant / Low Value,343.0,2.0,97.8
C04187,3,Dormant / Low Value,584.0,1.0,70.97
C04188,0,At Risk,77.0,6.0,287.21
C04189,4,Loyal Customers,116.0,10.0,1022.08
C04190,2,Potential Loyalists,32.0,4.0,345.77
C04191,4,Loyal Customers,27.0,7.0,934.12
C04192,4,Loyal Customers,59.0,7.0,491.21
C04193,1,Champions,16.0,9.0,811.12
C04194,3,Dormant / Low Value,620.0,2.0,121.5
C04195,4,Loyal Customers,113.0,6.0,510.26
C04196,0,At Risk,177.0,1.0,1175.75
C04197,1,Champions,24.0,24.0,2646.45
C04198,0,At Risk,144.0,3.0,102.75
C04199,0,At Risk,58.0,1.0,243.69
C04200,3,Dormant / Low Value,421.0,3.0,69.35
C04201,4,Loyal Customers,89.0,11.0,810.38
C04202,0,At Risk,425.0,2.0,216.09
C04203,0,At Risk,111.0,6.0,316.04
C04204,4,Loyal Customers,35.0,9.0,866.99
C04205,4,Loyal Customers,76.0,8.0,335.3
C04206,0,At Risk,243.0,2.0,172.07
C04207,0,At Risk,388.0,2.0,230.75
C04208,0,At Risk,64.0,6.0,298.05
C04209,0,At Risk,68.0,3.0,292.16
C04210,1,Champions,17.0,10.0,420.4500000000001
C04211,4,Loyal Customers,191.0,10.0,785.66
C04212,2,Potential Loyalists,30.0,7.0,259.93
C04213,2,Potential Loyalists,14.0,4.0,205.28
C04214,2,Potential Loyalists,3.0,7.0,335.35
C04215,-1,No Purchase,,0.0,0.0
C04216,4,Loyal Customers,67.0,9.0,399.63
C04217,4,Loyal Customers,43.0,6.0,580.69
C04218,0,At Risk,248.0,3.0,243.86
C04219,2,Potential Loyalists,20.0,9.0,371.98
C04220,4,Loyal Customers,85.0,8.0,602.75
C04221,0,At Risk,46.0,2.0,181.65
C04222,0,At Risk,71.0,6.0,304.85
C04223,2,Potential Loyalists,7.0,4.0,260.98
C04224,2,Potential Loyalists,48.0,4.0,637.49
C04225,4,Loyal Customers,109.0,16.0,1471.83
C04226,4,Loyal Customers,36.0,7.0,688.96
C04227,0,At Risk,476.0,3.0,266.91
C04228,0,At Risk,142.0,6.0,320.61
C04229,3,Dormant / Low Value,52.0,1.0,13.72
C04230,0,At Risk,228.0,3.0,257.91
C04231,3,Dormant / Low Value,63.0,2.0,90.14
C04232,1,Champions,12.0,13.0,702.11
C04233,4,Loyal Customers,164.0,13.0,908.6
C04234,0,At Risk,145.0,3.0,161.38000000000002
C04235,2,Potential Loyalists,6.0,3.0,236.89
C04236,4,Loyal Customers,27.0,8.0,753.55
C04237,1,Champions,11.0,15.0,1187.61
C04238,4,Loyal Customers,35.0,9.0,696.44
C04239,4,Loyal Customers,128.0,9.0,764.27
C04240,4,Loyal Customers,119.0,8.0,477.56
C04241,4,Loyal Customers,139.0,11.0,553.33
C04242,4,Loyal Customers,109.0,7.0,538.7
C04243,4,Loyal Customers,34.0,10.0,924.99
C04244,0,At Risk,68.0,5.0,338.37
C04245,0,At Risk,386.0,3.0,294.92
C04246,1,Champions,30.0,16.0,1357.37
C04247,0,At Risk,249.0,7.0,323.16
C04248,0,At Risk,107.0,2.0,221.58
C04249,1,Champions,19.0,17.0,1011.54
C04250,2,Potential Loyalists,34.0,3.0,691.01
C04251,4,Loyal Customers,107.0,6.0,772.59
C04252,3,Dormant / Low Value,693.0,1.0,110.18
C04253,2,Potential Loyalists,16.0,3.0,196.36
C04254,1,Champions,4.0,10.0,396.2
C04255,3,Dormant / Low Value,179.0,2.0,102.83
C04256,-1,No Purchase,,0.0,0.0
C04257,4,Loyal Customers,67.0,8.0,388.67
C04258,2,Potential Loyalists,19.0,2.0,77.22
C04259,3,Dormant / Low Value,79.0,2.0,24.15
C04260,0,At Risk,184.0,1.0,692.72
C04261,1,Champions,6.0,17.0,1913.86
C04262,3,Dormant / Low Value,572.0,1.0,36.88
C04263,4,Loyal Customers,39.0,13.0,791.49
C04264,4,Loyal Customers,99.0,10.0,634.08
C04265,4,Loyal Customers,92.0,8.0,858.1
C04266,2,Potential Loyalists,36.0,3.0,457.25
C04267,0,At Risk,84.0,7.0,188.23
C04268,4,Loyal Customers,237.0,9.0,903.37
C04269,4,Loyal Customers,68.0,8.0,527.54
C04270,0,At Risk,78.0,3.0,181.95
C04271,4,Loyal Customers,82.0,6.0,477.45
C04272,1,Champions,1.0,17.0,1194.51
C04273,1,Champions,20.0,21.0,4122.76
C04274,0,At Risk,315.0,2.0,299.18
C04275,3,Dormant / Low Value,458.0,2.0,68.51
C04276,0,At Risk,143.0,4.0,135.36
C04277,4,Loyal Customers,129.0,10.0,1878.75
C04278,0,At Risk,99.0,5.0,322.86
C04279,1,Champions,17.0,11.0,1186.9
C04280,3,Dormant / Low Value,410.0,3.0,60.51
C04281,2,Potential Loyalists,44.0,8.0,283.56
C04282,1,Champions,12.0,10.0,1160.06
C04283,0,At Risk,246.0,4.0,196.7
C04284,1,Champions,16.0,17.0,2530.05
C04285,0,At Risk,155.0,3.0,135.04
C04286,4,Loyal Customers,97.0,12.0,2086.1
C04287,2,Potential Loyalists,27.0,3.0,142.35
C04288,0,At Risk,87.0,3.0,518.86
C04289,3,Dormant / Low Value,534.0,1.0,32.1
C04290,2,Potential Loyalists,61.0,6.0,302.98
C04291,0,At Risk,540.0,4.0,169.5
C04292,0,At Risk,104.0,4.0,72.73
C04293,1,Champions,19.0,8.0,1293.36
C04294,1,Champions,1.0,8.0,1198.83
C04295,1,Champions,2.0,8.0,1158.53
C04296,0,At Risk,60.0,5.0,208.5
C04297,4,Loyal Customers,158.0,9.0,692.01
C04298,2,Potential Loyalists,2.0,7.0,531.71
C04299,2,Potential Loyalists,29.0,7.0,236.54
C04300,4,Loyal Customers,111.0,7.0,604.9300000000001
C04301,2,Potential Loyalists,18.0,8.0,429.89
C04302,3,Dormant / Low Value,100.0,1.0,3.53
C04303,4,Loyal Customers,63.0,8.0,581.97
C04304,0,At Risk,134.0,5.0,605.85
C04305,3,Dormant / Low Value,194.0,3.0,105.35
C04306,2,Potential Loyalists,21.0,7.0,607.51
C04307,3,Dormant / Low Value,509.0,2.0,172.92000000000002
C04308,1,Champions,25.0,21.0,1262.02
C04309,4,Loyal Customers,95.0,6.0,690.34
C04310,0,At Risk,85.0,6.0,212.41
C04311,0,At Risk,158.0,8.0,246.96
C04312,2,Potential Loyalists,25.0,5.0,1133.04
C04313,4,Loyal Customers,81.0,8.0,1424.9
C04314,0,At Risk,91.0,5.0,400.67
C04315,4,Loyal Customers,238.0,9.0,319.36
C04316,4,Loyal Customers,48.0,17.0,624.62
C04317,4,Loyal Customers,116.0,13.0,594.29
C04318,4,Loyal Customers,56.0,13.0,697.71
C04319,4,Loyal Customers,86.0,9.0,390.79
C04320,4,Loyal Customers,112.0,7.0,1314.25
C04321,2,Potential Loyalists,12.0,5.0,365.83
C04322,0,At Risk,140.0,4.0,136.26
C04323,3,Dormant / Low Value,190.0,1.0,193.36
C04324,4,Loyal Customers,34.0,6.0,1201.56
C04325,2,Potential Loyalists,18.0,3.0,644.2700000000001
C04326,0,At Risk,238.0,4.0,1054.14
C04327,1,Champions,16.0,14.0,840.5
C04328,1,Champions,26.0,14.0,1006.95
C04329,1,Champions,24.0,13.0,1302.05
C04330,0,At Risk,94.0,5.0,565.04
C04331,1,Champions,6.0,14.0,752.97
C04332,0,At Risk,249.0,3.0,204.71
C04333,0,At Risk,122.0,6.0,174.61
C04334,4,Loyal Customers,306.0,8.0,468.37
C04335,3,Dormant / Low Value,349.0,2.0,22.96
C04336,2,Potential Loyalists,19.0,4.0,213.18
C04337,2,Potential Loyalists,4.0,6.0,206.43
C04338,0,At Risk,141.0,3.0,264.96000000000004
C04339,0,At Risk,219.0,3.0,429.59
C04340,2,Potential Loyalists,37.0,6.0,146.52
C04341,2,Potential Loyalists,17.0,6.0,267.69
C04342,0,At Risk,247.0,5.0,309.78
C04343,3,Dormant / Low Value,218.0,2.0,38.2
C04344,4,Loyal Customers,115.0,11.0,1346.42
C04345,4,Loyal Customers,106.0,13.0,354.66
C04346,1,Champions,2.0,11.0,1073.07
C04347,1,Champions,4.0,18.0,1898.94
C04348,4,Loyal Customers,104.0,7.0,360.15
C04349,4,Loyal Customers,94.0,15.0,588.88
C04350,2,Potential Loyalists,20.0,6.0,513.45
C04351,0,At Risk,132.0,4.0,199.67
C04352,4,Loyal Customers,60.0,8.0,600.18
C04353,0,At Risk,114.0,2.0,180.8
C04354,1,Champions,8.0,20.0,965.53
C04355,4,Loyal Customers,115.0,9.0,763.87
C04356,-1,No Purchase,,0.0,0.0
C04357,0,At Risk,100.0,4.0,223.79
C04358,1,Champions,2.0,8.0,424.97
C04359,4,Loyal Customers,94.0,11.0,505.08
C04360,2,Potential Loyalists,43.0,3.0,233.43
C04361,0,At Risk,287.0,4.0,241.26
C04362,2,Potential Loyalists,35.0,7.0,434.53
C04363,0,At Risk,176.0,5.0,717.6599999999999
C04364,1,Champions,35.0,13.0,815.32
C04365,4,Loyal Customers,89.0,4.0,1135.38
C04366,0,At Risk,147.0,5.0,387.84
C04367,0,At Risk,81.0,6.0,302.8
C04368,2,Potential Loyalists,24.0,4.0,181.73
C04369,2,Potential Loyalists,18.0,2.0,122.98
C04370,0,At Risk,235.0,4.0,354.69
C04371,0,At Risk,86.0,3.0,118.01
C04372,1,Champions,8.0,9.0,583.9200000000001
C04373,0,At Risk,199.0,4.0,283.66
C04374,4,Loyal Customers,116.0,6.0,805.29
C04375,2,Potential Loyalists,13.0,2.0,151.79
C04376,4,Loyal Customers,70.0,12.0,1255.3
C04377,0,At Risk,390.0,3.0,272.62
C04378,1,Champions,30.0,12.0,1292.6799999999998
C04379,0,At Risk,128.0,5.0,269.56
C04380,4,Loyal Customers,81.0,8.0,272.15
C04381,0,At Risk,77.0,3.0,319.29
C04382,3,Dormant / Low Value,185.0,1.0,22.45
C04383,0,At Risk,168.0,4.0,637.1600000000001
C04384,4,Loyal Customers,97.0,9.0,456.06
C04385,1,Champions,37.0,17.0,903.49
C04386,2,Potential Loyalists,41.0,6.0,549.37
C04387,4,Loyal Customers,58.0,5.0,747.53
C04388,2,Potential Loyalists,4.0,8.0,385.54
C04389,0,At Risk,221.0,5.0,258.36
C04390,3,Dormant / Low Value,606.0,1.0,12.7
C04391,1,Champions,24.0,12.0,1171.61
C04392,0,At Risk,350.0,2.0,476.98
C04393,4,Loyal Customers,104.0,10.0,876.99
C04394,4,Loyal Customers,57.0,8.0,308.15
C04395,0,At Risk,74.0,5.0,209.93
C04396,2,Potential Loyalists,21.0,3.0,81.36
C04397,4,Loyal Customers,62.0,10.0,1019.37
C04398,2,Potential Loyalists,32.0,4.0,467.61
C04399,4,Loyal Customers,106.0,7.0,614.11
C04400,4,Loyal Customers,232.0,10.0,776.13
C04401,4,Loyal Customers,162.0,8.0,623.61
C04402,2,Potential Loyalists,2.0,5.0,561.74
C04403,0,At Risk,94.0,4.0,115.96
C04404,2,Potential Loyalists,26.0,2.0,83.00999999999999
C04405,0,At Risk,82.0,6.0,217.13
C04406,4,Loyal Customers,90.0,11.0,1210.24
C04407,1,Champions,23.0,10.0,1321.26
C04408,1,Champions,9.0,14.0,1049.37
C04409,-1,No Purchase,,0.0,0.0
C04410,4,Loyal Customers,122.0,9.0,502.0
C04411,2,Potential Loyalists,23.0,1.0,124.32
C04412,4,Loyal Customers,47.0,11.0,736.59
C04413,3,Dormant / Low Value,81.0,2.0,62.71
C04414,4,Loyal Customers,79.0,5.0,715.11
C04415,1,Champions,30.0,18.0,2226.08
C04416,4,Loyal Customers,151.0,8.0,435.72
C04417,0,At Risk,179.0,3.0,282.3
C04418,0,At Risk,89.0,5.0,504.27
C04419,2,Potential Loyalists,32.0,7.0,281.22
C04420,4,Loyal Customers,84.0,8.0,321.34000000000003
C04421,2,Potential Loyalists,43.0,6.0,347.16
C04422,4,Loyal Customers,47.0,10.0,1166.65
C04423,-1,No Purchase,,0.0,0.0
C04424,4,Loyal Customers,103.0,6.0,579.11
C04425,1,Champions,13.0,11.0,828.53
C04426,0,At Risk,430.0,3.0,388.5
C04427,0,At Risk,284.0,4.0,303.84
C04428,0,At Risk,133.0,6.0,393.26
C04429,2,Potential Loyalists,8.0,3.0,107.57
C04430,4,Loyal Customers,149.0,4.0,1298.51
C04431,4,Loyal Customers,65.0,19.0,1033.36
C04432,1,Champions,42.0,17.0,1516.87
C04433,0,At Risk,109.0,7.0,117.69
C04434,2,Potential Loyalists,13.0,6.0,271.77
C04435,4,Loyal Customers,54.0,4.0,1415.9299999999998
C04436,1,Champions,8.0,7.0,763.86
C04437,0,At Risk,58.0,3.0,105.07
C04438,2,Potential Loyalists,29.0,8.0,382.86
C04439,2,Potential Loyalists,21.0,9.0,390.4
C04440,2,Potential Loyalists,11.0,7.0,514.45
C04441,1,Champions,17.0,14.0,1019.03
C04442,1,Champions,35.0,19.0,1091.98
C04443,1,Champions,26.0,11.0,969.92
C04444,2,Potential Loyalists,44.0,2.0,295.91
C04445,2,Potential Loyalists,42.0,5.0,132.6
C04446,2,Potential Loyalists,56.0,6.0,154.8
C04447,2,Potential Loyalists,32.0,5.0,214.55
C04448,1,Champions,1.0,12.0,523.12
C04449,0,At Risk,226.0,3.0,153.67000000000002
C04450,1,Champions,1.0,12.0,697.05
C04451,-1,No Purchase,,0.0,0.0
C04452,4,Loyal Customers,65.0,7.0,605.42
C04453,4,Loyal Customers,82.0,12.0,707.3
C04454,0,At Risk,101.0,4.0,277.32000000000005
C04455,0,At Risk,237.0,6.0,463.64
C04456,0,At Risk,279.0,4.0,236.2
C04457,0,At Risk,434.0,3.0,260.98
C04458,2,Potential Loyalists,8.0,5.0,201.16
C04459,4,Loyal Customers,117.0,13.0,919.8
C04460,4,Loyal Customers,74.0,6.0,499.49
C04461,2,Potential Loyalists,15.0,8.0,576.53
C04462,2,Potential Loyalists,17.0,3.0,90.38
C04463,3,Dormant / Low Value,87.0,2.0,46.96
C04464,3,Dormant / Low Value,179.0,2.0,58.36
C04465,3,Dormant / Low Value,153.0,2.0,83.8
C04466,2,Potential Loyalists,47.0,4.0,210.72
C04467,4,Loyal Customers,67.0,9.0,348.65000000000003
C04468,3,Dormant / Low Value,503.0,3.0,108.31
C04469,3,Dormant / Low Value,361.0,1.0,88.88
C04470,1,Champions,13.0,26.0,1816.37
C04471,0,At Risk,274.0,3.0,654.94
C04472,0,At Risk,101.0,5.0,144.95999999999998
C04473,0,At Risk,113.0,5.0,208.83
C04474,0,At Risk,352.0,3.0,357.39
C04475,1,Champions,14.0,12.0,886.08
C04476,4,Loyal Customers,192.0,6.0,595.78
C04477,-1,No Purchase,,0.0,0.0
C04478,4,Loyal Customers,122.0,7.0,802.0
C04479,0,At Risk,113.0,3.0,498.65
C04480,4,Loyal Customers,71.0,7.0,418.84
C04481,0,At Risk,134.0,6.0,149.99
C04482,4,Loyal Customers,50.0,13.0,773.22
C04483,3,Dormant / Low Value,238.0,2.0,50.56
C04484,4,Loyal Customers,99.0,11.0,640.03
C04485,3,Dormant / Low Value,578.0,1.0,85.12
C04486,2,Potential Loyalists,32.0,8.0,454.81
C04487,3,Dormant / Low Value,449.0,1.0,16.97
C04488,0,At Risk,59.0,3.0,242.46
C04489,1,Champions,5.0,9.0,393.7
C04490,4,Loyal Customers,273.0,6.0,985.97
C04491,4,Loyal Customers,70.0,21.0,1283.88
C04492,-1,No Purchase,,0.0,0.0
C04493,-1,No Purchase,,0.0,0.0
C04494,3,Dormant / Low Value,299.0,2.0,62.78
C04495,4,Loyal Customers,134.0,9.0,906.3
C04496,4,Loyal Customers,110.0,8.0,734.95
C04497,1,Champions,9.0,8.0,1838.79
C04498,1,Champions,37.0,14.0,1000.89
C04499,1,Champions,11.0,13.0,881.22
C04500,0,At Risk,66.0,4.0,215.33
C04501,4,Loyal Customers,81.0,6.0,505.08
C04502,4,Loyal Customers,98.0,8.0,563.09
C04503,0,At Risk,158.0,4.0,244.96
C04504,3,Dormant / Low Value,692.0,1.0,70.45
C04505,4,Loyal Customers,322.0,9.0,848.5
C04506,2,Potential Loyalists,42.0,7.0,398.92
C04507,0,At Risk,110.0,3.0,116.84
C04508,4,Loyal Customers,97.0,10.0,332.63
C04509,4,Loyal Customers,36.0,7.0,674.97
C04510,2,Potential Loyalists,50.0,6.0,421.78
C04511,2,Potential Loyalists,13.0,5.0,176.33
C04512,1,Champions,13.0,21.0,2390.37
C04513,2,Potential Loyalists,9.0,7.0,180.14
C04514,3,Dormant / Low Value,440.0,2.0,134.38
C04515,4,Loyal Customers,64.0,7.0,493.36
C04516,0,At Risk,151.0,5.0,404.61
C04517,0,At Risk,136.0,4.0,222.83
C04518,4,Loyal Customers,102.0,12.0,720.48
C04519,2,Potential Loyalists,30.0,4.0,357.78
C04520,3,Dormant / Low Value,662.0,2.0,73.97
C04521,1,Champions,12.0,10.0,1426.91
C04522,4,Loyal Customers,72.0,10.0,1007.55
C04523,4,Loyal Customers,62.0,8.0,474.39
C04524,4,Loyal Customers,92.0,10.0,556.22
C04525,4,Loyal Customers,48.0,13.0,1000.17
C04526,4,Loyal Customers,34.0,9.0,421.89
C04527,4,Loyal Customers,163.0,12.0,874.85
C04528,-1,No Purchase,,0.0,0.0
C04529,2,Potential Loyalists,29.0,10.0,322.82
C04530,4,Loyal Customers,74.0,13.0,1144.36
C04531,0,At Risk,257.0,4.0,127.94
C04532,1,Champions,20.0,9.0,738.74
C04533,4,Loyal Customers,54.0,6.0,502.57
C04534,2,Potential Loyalists,49.0,4.0,356.55
C04535,0,At Risk,174.0,4.0,177.10000000000002
C04536,1,Champions,19.0,9.0,618.47
C04537,4,Loyal Customers,106.0,19.0,816.63
C04538,0,At Risk,146.0,4.0,234.32
C04539,2,Potential Loyalists,22.0,3.0,198.2
C04540,2,Potential Loyalists,11.0,3.0,196.0
C04541,3,Dormant / Low Value,160.0,3.0,68.02
C04542,3,Dormant / Low Value,550.0,2.0,109.11
C04543,0,At Risk,63.0,5.0,237.67
C04544,0,At Risk,109.0,6.0,188.62
C04545,3,Dormant / Low Value,92.0,2.0,55.47
C04546,-1,No Purchase,,0.0,0.0
C04547,3,Dormant / Low Value,561.0,3.0,99.86
C04548,1,Champions,16.0,13.0,1424.99
C04549,0,At Risk,249.0,4.0,210.84
C04550,0,At Risk,120.0,6.0,381.64
C04551,4,Loyal Customers,62.0,12.0,498.03
C04552,0,At Risk,125.0,3.0,154.19
C04553,4,Loyal Customers,68.0,10.0,688.54
C04554,2,Potential Loyalists,31.0,4.0,71.94
C04555,0,At Risk,100.0,4.0,185.44
C04556,4,Loyal Customers,63.0,9.0,434.93
C04557,4,Loyal Customers,229.0,7.0,764.79
C04558,3,Dormant / Low Value,303.0,3.0,103.05
C04559,1,Champions,10.0,18.0,1969.23
C04560,-1,No Purchase,,0.0,0.0
C04561,0,At Risk,70.0,2.0,146.41
C04562,0,At Risk,107.0,3.0,101.54
C04563,0,At Risk,164.0,6.0,365.27
C04564,3,Dormant / Low Value,133.0,2.0,59.25
C04565,4,Loyal Customers,50.0,8.0,603.16
C04566,2,Potential Loyalists,12.0,6.0,554.27
C04567,0,At Risk,222.0,4.0,246.19
C04568,4,Loyal Customers,117.0,8.0,601.85
C04569,4,Loyal Customers,155.0,5.0,751.98
C04570,4,Loyal Customers,70.0,6.0,505.15
C04571,1,Champions,30.0,12.0,709.42
C04572,3,Dormant / Low Value,645.0,1.0,31.24
C04573,4,Loyal Customers,88.0,9.0,764.91
C04574,1,Champions,10.0,13.0,934.23
C04575,3,Dormant / Low Value,579.0,2.0,68.42
C04576,4,Loyal Customers,103.0,15.0,1653.54
C04577,2,Potential Loyalists,24.0,3.0,402.01
C04578,4,Loyal Customers,32.0,8.0,927.71
C04579,0,At Risk,197.0,5.0,230.89
C04580,4,Loyal Customers,59.0,12.0,496.68
C04581,4,Loyal Customers,116.0,12.0,2111.44
C04582,1,Champions,29.0,10.0,1841.89
C04583,-1,No Purchase,,0.0,0.0
C04584,4,Loyal Customers,114.0,8.0,661.37
C04585,1,Champions,10.0,10.0,1111.61
C04586,0,At Risk,156.0,6.0,389.42
C04587,1,Champions,7.0,18.0,1121.09
C04588,0,At Risk,357.0,6.0,234.73
C04589,4,Loyal Customers,108.0,16.0,1057.82
C04590,3,Dormant / Low Value,538.0,2.0,11.23
C04591,0,At Risk,224.0,4.0,112.44
C04592,4,Loyal Customers,169.0,9.0,682.0799999999999
C04593,3,Dormant / Low Value,201.0,2.0,41.16
C04594,0,At Risk,59.0,3.0,328.05
C04595,3,Dormant / Low Value,257.0,1.0,37.11
C04596,4,Loyal Customers,223.0,8.0,412.26
C04597,3,Dormant / Low Value,176.0,2.0,152.19
C04598,2,Potential Loyalists,17.0,7.0,724.07
C04599,3,Dormant / Low Value,130.0,3.0,72.88
C04600,4,Loyal Customers,44.0,8.0,947.63
C04601,1,Champions,26.0,13.0,1928.25
C04602,3,Dormant / Low Value,57.0,2.0,89.14
C04603,1,Champions,5.0,12.0,464.14
C04604,4,Loyal Customers,97.0,8.0,424.3
C04605,1,Champions,4.0,10.0,703.5799999999999
C04606,1,Champions,20.0,14.0,2106.42
C04607,2,Potential Loyalists,14.0,4.0,528.05
C04608,0,At Risk,436.0,2.0,228.99
C04609,-1,No Purchase,,0.0,0.0
C04610,1,Champions,14.0,12.0,934.01
C04611,4,Loyal Customers,39.0,9.0,383.73
C04612,1,Champions,4.0,11.0,1233.55
C04613,4,Loyal Customers,73.0,11.0,701.27
C04614,0,At Risk,283.0,3.0,202.69
C04615,0,At Risk,340.0,1.0,336.5
C04616,0,At Risk,104.0,5.0,446.03
C04617,0,At Risk,173.0,7.0,371.52
C04618,2,Potential Loyalists,24.0,5.0,385.25
C04619,4,Loyal Customers,47.0,8.0,922.38
C04620,4,Loyal Customers,35.0,8.0,443.89
C04621,4,Loyal Customers,62.0,18.0,1291.09
C04622,0,At Risk,275.0,5.0,307.58
C04623,1,Champions,20.0,10.0,477.43
C04624,3,Dormant / Low Value,445.0,2.0,113.57
C04625,4,Loyal Customers,122.0,10.0,407.06
C04626,1,Champions,24.0,15.0,2191.64
C04627,2,Potential Loyalists,32.0,3.0,88.42
C04628,2,Potential Loyalists,6.0,3.0,376.86
C04629,3,Dormant / Low Value,169.0,1.0,197.49
C04630,2,Potential Loyalists,41.0,6.0,106.42
C04631,0,At Risk,307.0,6.0,203.06
C04632,4,Loyal Customers,52.0,8.0,558.4399999999999
C04633,3,Dormant / Low Value,228.0,2.0,102.56
C04634,0,At Risk,55.0,4.0,110.14
C04635,0,At Risk,375.0,3.0,799.0699999999999
C04636,1,Champions,1.0,10.0,1087.51
C04637,4,Loyal Customers,94.0,15.0,601.64
C04638,0,At Risk,64.0,3.0,178.64
C04639,4,Loyal Customers,51.0,7.0,795.42
C04640,3,Dormant / Low Value,356.0,3.0,92.64
C04641,0,At Risk,100.0,5.0,205.3
C04642,4,Loyal Customers,72.0,6.0,539.4300000000001
C04643,0,At Risk,215.0,5.0,232.91
C04644,0,At Risk,183.0,4.0,100.97
C04645,0,At Risk,217.0,2.0,424.09
C04646,4,Loyal Customers,73.0,11.0,781.92
C04647,2,Potential Loyalists,4.0,2.0,280.41
C04648,0,At Risk,200.0,6.0,361.09
C04649,4,Loyal Customers,59.0,7.0,481.29
C04650,1,Champions,5.0,15.0,3239.94
C04651,1,Champions,19.0,13.0,1169.16
C04652,2,Potential Loyalists,9.0,3.0,149.07999999999998
C04653,0,At Risk,222.0,4.0,349.86
C04654,2,Potential Loyalists,40.0,4.0,258.31
C04655,4,Loyal Customers,58.0,9.0,934.88
C04656,4,Loyal Customers,114.0,11.0,590.2
C04657,0,At Risk,88.0,6.0,286.32
C04658,3,Dormant / Low Value,217.0,3.0,110.87
C04659,0,At Risk,193.0,2.0,595.31
C04660,4,Loyal Customers,170.0,6.0,641.5699999999999
C04661,1,Champions,27.0,15.0,865.81
C04662,0,At Risk,313.0,5.0,351.49
C04663,3,Dormant / Low Value,590.0,2.0,60.56
C04664,0,At Risk,117.0,3.0,241.23
C04665,2,Potential Loyalists,38.0,7.0,433.84
C04666,4,Loyal Customers,138.0,10.0,704.65
C04667,0,At Risk,61.0,4.0,225.71
C04668,4,Loyal Customers,48.0,9.0,667.94
C04669,2,Potential Loyalists,22.0,3.0,412.47
C04670,3,Dormant / Low Value,83.0,1.0,3.47
C04671,0,At Risk,142.0,6.0,407.41
C04672,3,Dormant / Low Value,479.0,1.0,33.14
C04673,2,Potential Loyalists,38.0,3.0,76.84
C04674,0,At Risk,499.0,5.0,150.88
C04675,2,Potential Loyalists,22.0,4.0,269.17
C04676,2,Potential Loyalists,13.0,2.0,1105.8
C04677,2,Potential Loyalists,8.0,3.0,63.46
C04678,0,At Risk,75.0,5.0,123.98
C04679,4,Loyal Customers,108.0,17.0,1764.86
C04680,1,Champions,14.0,21.0,1705.98
C04681,0,At Risk,129.0,4.0,250.79
C04682,2,Potential Loyalists,11.0,7.0,507.29
C04683,4,Loyal Customers,77.0,14.0,2414.12
C04684,3,Dormant / Low Value,289.0,2.0,19.58
C04685,2,Potential Loyalists,2.0,5.0,147.2
C04686,2,Potential Loyalists,33.0,7.0,483.69
C04687,2,Potential Loyalists,9.0,2.0,120.73
C04688,1,Champions,27.0,14.0,1140.37
C04689,1,Champions,29.0,19.0,1563.19
C04690,1,Champions,33.0,12.0,881.9699999999999
C04691,0,At Risk,152.0,3.0,180.8
C04692,4,Loyal Customers,48.0,9.0,1734.28
C04693,1,Champions,11.0,13.0,1120.54
C04694,3,Dormant / Low Value,141.0,4.0,74.33999999999999
C04695,4,Loyal Customers,60.0,14.0,571.66
C04696,0,At Risk,212.0,4.0,800.6600000000001
C04697,4,Loyal Customers,85.0,12.0,564.46
C04698,4,Loyal Customers,57.0,9.0,1019.0
C04699,4,Loyal Customers,145.0,9.0,543.9499999999999
C04700,-1,No Purchase,,0.0,0.0
C04701,0,At Risk,336.0,6.0,762.26
C04702,4,Loyal Customers,89.0,9.0,745.69
C04703,3,Dormant / Low Value,386.0,2.0,32.18
C04704,0,At Risk,181.0,3.0,139.19
C04705,0,At Risk,121.0,3.0,113.8
C04706,0,At Risk,338.0,4.0,145.12
C04707,0,At Risk,141.0,4.0,110.79
C04708,3,Dormant / Low Value,475.0,1.0,6.55
C04709,4,Loyal Customers,41.0,8.0,399.96
C04710,0,At Risk,135.0,6.0,198.05
C04711,3,Dormant / Low Value,399.0,2.0,99.52
C04712,0,At Risk,159.0,6.0,536.55
C04713,4,Loyal Customers,199.0,10.0,471.31
C04714,2,Potential Loyalists,15.0,4.0,418.76
C04715,0,At Risk,151.0,4.0,172.84
C04716,4,Loyal Customers,87.0,9.0,811.3399999999999
C04717,2,Potential Loyalists,9.0,5.0,691.9
C04718,3,Dormant / Low Value,143.0,4.0,53.97
C04719,2,Potential Loyalists,2.0,5.0,382.08
C04720,2,Potential Loyalists,43.0,7.0,344.84000000000003
C04721,1,Champions,14.0,9.0,472.39
C04722,3,Dormant / Low Value,213.0,1.0,35.36
C04723,0,At Risk,104.0,7.0,219.4
C04724,3,Dormant / Low Value,120.0,2.0,96.25
C04725,4,Loyal Customers,56.0,7.0,422.27
C04726,4,Loyal Customers,111.0,9.0,553.29
C04727,2,Potential Loyalists,37.0,3.0,149.41
C04728,4,Loyal Customers,203.0,8.0,444.24
C04729,4,Loyal Customers,167.0,9.0,587.28
C04730,4,Loyal Customers,90.0,6.0,631.9100000000001
C04731,1,Champions,4.0,18.0,1587.11
C04732,2,Potential Loyalists,2.0,5.0,301.81
C04733,0,At Risk,146.0,4.0,377.82
C04734,1,Champions,6.0,13.0,1619.54
C04735,4,Loyal Customers,135.0,8.0,418.72
C04736,4,Loyal Customers,70.0,14.0,1164.12
C04737,3,Dormant / Low Value,404.0,1.0,9.36
C04738,0,At Risk,54.0,3.0,290.78000000000003
C04739,2,Potential Loyalists,41.0,5.0,711.9399999999999
C04740,0,At Risk,166.0,3.0,192.47
C04741,3,Dormant / Low Value,73.0,3.0,83.91
C04742,1,Champions,10.0,15.0,1075.91
C04743,3,Dormant / Low Value,416.0,2.0,126.84
C04744,0,At Risk,103.0,5.0,407.08
C04745,2,Potential Loyalists,19.0,4.0,154.03
C04746,0,At Risk,100.0,5.0,414.06
C04747,4,Loyal Customers,32.0,10.0,703.52
C04748,1,Champions,9.0,14.0,783.89
C04749,0,At Risk,58.0,2.0,956.68
C04750,2,Potential Loyalists,15.0,4.0,428.6
C04751,4,Loyal Customers,141.0,12.0,749.29
C04752,0,At Risk,180.0,7.0,284.57
C04753,2,Potential Loyalists,2.0,5.0,239.95
C04754,1,Champions,16.0,19.0,2364.93
C04755,0,At Risk,322.0,6.0,557.12
C04756,0,At Risk,123.0,7.0,234.94
C04757,0,At Risk,128.0,6.0,187.31
C04758,0,At Risk,65.0,3.0,143.35000000000002
C04759,1,Champions,21.0,18.0,1131.83
C04760,0,At Risk,286.0,8.0,331.0
C04761,1,Champions,7.0,8.0,632.89
C04762,1,Champions,12.0,14.0,780.35
C04763,2,Potential Loyalists,12.0,5.0,251.87
C04764,0,At Risk,321.0,5.0,364.42
C04765,0,At Risk,317.0,4.0,262.95
C04766,4,Loyal Customers,88.0,11.0,686.52
C04767,0,At Risk,224.0,6.0,341.65
C04768,2,Potential Loyalists,43.0,3.0,188.25
C04769,4,Loyal Customers,198.0,15.0,2255.19
C04770,4,Loyal Customers,117.0,9.0,497.46
C04771,2,Potential Loyalists,46.0,5.0,269.04
C04772,4,Loyal Customers,74.0,6.0,507.34
C04773,2,Potential Loyalists,33.0,5.0,758.02
C04774,0,At Risk,342.0,4.0,178.49
C04775,0,At Risk,108.0,4.0,167.3
C04776,4,Loyal Customers,87.0,8.0,1219.28
C04777,3,Dormant / Low Value,205.0,2.0,55.42
C04778,-1,No Purchase,,0.0,0.0
C04779,1,Champions,4.0,10.0,528.78
C04780,2,Potential Loyalists,15.0,3.0,128.89
C04781,3,Dormant / Low Value,364.0,1.0,160.38
C04782,1,Champions,14.0,21.0,1854.33
C04783,0,At Risk,124.0,7.0,155.27
C04784,3,Dormant / Low Value,49.0,1.0,66.05
C04785,4,Loyal Customers,146.0,14.0,541.44
C04786,0,At Risk,327.0,4.0,166.06
C04787,1,Champions,2.0,9.0,1303.78
C04788,3,Dormant / Low Value,621.0,1.0,9.37
C04789,4,Loyal Customers,68.0,9.0,934.78
C04790,2,Potential Loyalists,7.0,6.0,467.2
C04791,0,At Risk,301.0,2.0,543.26
C04792,2,Potential Loyalists,34.0,4.0,82.84
C04793,3,Dormant / Low Value,606.0,1.0,23.15
C04794,4,Loyal Customers,52.0,15.0,1240.11
C04795,0,At Risk,243.0,2.0,242.52
C04796,-1,No Purchase,,0.0,0.0
C04797,4,Loyal Customers,42.0,7.0,469.19
C04798,0,At Risk,174.0,6.0,522.5899999999999
C04799,4,Loyal Customers,129.0,10.0,374.26
C04800,0,At Risk,116.0,5.0,526.54
C04801,0,At Risk,60.0,5.0,270.22
C04802,0,At Risk,89.0,4.0,286.49
C04803,0,At Risk,207.0,6.0,305.92
C04804,4,Loyal Customers,91.0,11.0,699.01
C04805,1,Champions,5.0,11.0,872.55
C04806,4,Loyal Customers,35.0,12.0,532.7
C04807,2,Potential Loyalists,32.0,4.0,192.53
C04808,3,Dormant / Low Value,441.0,2.0,143.52
C04809,4,Loyal Customers,234.0,6.0,855.15
C04810,0,At Risk,292.0,6.0,248.89
C04811,4,Loyal Customers,60.0,7.0,291.63
C04812,2,Potential Loyalists,29.0,6.0,372.98
C04813,4,Loyal Customers,49.0,17.0,714.88
C04814,0,At Risk,128.0,4.0,101.75
C04815,0,At Risk,176.0,4.0,180.46
C04816,0,At Risk,269.0,4.0,760.5
C04817,2,Potential Loyalists,34.0,5.0,406.39
C04818,4,Loyal Customers,76.0,7.0,483.32
C04819,0,At Risk,127.0,6.0,390.69
C04820,4,Loyal Customers,44.0,11.0,718.73
C04821,2,Potential Loyalists,45.0,4.0,169.91000000000005
C04822,1,Champions,2.0,10.0,536.76
C04823,1,Champions,22.0,20.0,1512.6
C04824,4,Loyal Customers,138.0,7.0,487.98
C04825,0,At Risk,51.0,3.0,149.23
C04826,3,Dormant / Low Value,66.0,1.0,53.85
C04827,4,Loyal Customers,48.0,9.0,508.47
C04828,0,At Risk,272.0,5.0,166.98000000000002
C04829,1,Champions,18.0,18.0,1066.58
C04830,2,Potential Loyalists,32.0,6.0,381.18
C04831,4,Loyal Customers,51.0,4.0,893.05
C04832,0,At Risk,444.0,7.0,446.29
C04833,4,Loyal Customers,231.0,10.0,974.1
C04834,4,Loyal Customers,70.0,8.0,910.63
C04835,1,Champions,2.0,8.0,543.53
C04836,2,Potential Loyalists,33.0,4.0,296.97
C04837,0,At Risk,64.0,6.0,156.07999999999998
C04838,2,Potential Loyalists,28.0,4.0,209.86
C04839,0,At Risk,673.0,2.0,469.35
C04840,1,Champions,5.0,17.0,732.79
C04841,0,At Risk,119.0,5.0,229.53
C04842,0,At Risk,81.0,6.0,374.75
C04843,4,Loyal Customers,75.0,9.0,698.35
C04844,0,At Risk,170.0,6.0,256.95
C04845,4,Loyal Customers,81.0,6.0,426.9
C04846,0,At Risk,284.0,4.0,144.78
C04847,4,Loyal Customers,75.0,9.0,413.4
C04848,0,At Risk,99.0,4.0,228.35
C04849,1,Champions,15.0,15.0,944.78
C04850,3,Dormant / Low Value,87.0,1.0,66.48
C04851,4,Loyal Customers,108.0,9.0,388.34
C04852,1,Champions,6.0,9.0,400.75
C04853,2,Potential Loyalists,26.0,3.0,349.61
C04854,0,At Risk,110.0,3.0,322.83
C04855,1,Champions,47.0,20.0,2248.48
C04856,4,Loyal Customers,31.0,9.0,907.38
C04857,0,At Risk,220.0,6.0,344.25
C04858,3,Dormant / Low Value,371.0,1.0,55.16
C04859,3,Dormant / Low Value,270.0,1.0,50.14
C04860,1,Champions,16.0,12.0,370.8
C04861,1,Champions,30.0,23.0,1756.66
C04862,0,At Risk,140.0,3.0,265.26
C04863,1,Champions,6.0,10.0,974.89
C04864,0,At Risk,101.0,6.0,240.88
C04865,4,Loyal Customers,87.0,7.0,575.5
C04866,3,Dormant / Low Value,643.0,1.0,46.47
C04867,2,Potential Loyalists,21.0,3.0,226.69
C04868,4,Loyal Customers,36.0,8.0,1471.03
C04869,2,Potential Loyalists,41.0,4.0,317.06
C04870,4,Loyal Customers,59.0,9.0,333.48
C04871,0,At Risk,84.0,2.0,553.55
C04872,1,Champions,29.0,11.0,527.19
C04873,2,Potential Loyalists,49.0,5.0,366.27
C04874,4,Loyal Customers,148.0,8.0,420.33
C04875,0,At Risk,120.0,3.0,130.11
C04876,4,Loyal Customers,120.0,6.0,1570.52
C04877,4,Loyal Customers,47.0,13.0,660.48
C04878,4,Loyal Customers,36.0,9.0,695.0
C04879,2,Potential Loyalists,48.0,5.0,225.48
C04880,3,Dormant / Low Value,389.0,1.0,112.1
C04881,4,Loyal Customers,93.0,6.0,569.96
C04882,4,Loyal Customers,53.0,9.0,738.63
C04883,4,Loyal Customers,54.0,7.0,1311.5700000000002
C04884,1,Champions,8.0,20.0,1540.96
C04885,0,At Risk,258.0,6.0,481.8
C04886,-1,No Purchase,,0.0,0.0
C04887,1,Champions,16.0,9.0,1428.44
C04888,3,Dormant / Low Value,337.0,3.0,83.35
C04889,-1,No Purchase,,0.0,0.0
C04890,2,Potential Loyalists,27.0,4.0,179.46
C04891,3,Dormant / Low Value,479.0,2.0,47.27
C04892,4,Loyal Customers,117.0,7.0,378.16
C04893,2,Potential Loyalists,14.0,3.0,98.56
C04894,1,Champions,13.0,9.0,1181.57
C04895,4,Loyal Customers,34.0,8.0,1333.52
C04896,3,Dormant / Low Value,236.0,2.0,42.02
C04897,2,Potential Loyalists,15.0,9.0,241.06
C04898,4,Loyal Customers,45.0,16.0,715.94
C04899,2,Potential Loyalists,52.0,6.0,351.34
C04900,2,Potential Loyalists,20.0,8.0,225.53
C04901,2,Potential Loyalists,15.0,3.0,302.7
C04902,0,At Risk,89.0,3.0,243.5
C04903,1,Champions,33.0,23.0,1279.68
C04904,1,Champions,26.0,7.0,1087.11
C04905,4,Loyal Customers,132.0,7.0,520.9399999999999
C04906,1,Champions,2.0,18.0,1246.0
C04907,0,At Risk,199.0,5.0,350.96
C04908,4,Loyal Customers,87.0,14.0,974.98
C04909,2,Potential Loyalists,11.0,4.0,128.55
C04910,0,At Risk,461.0,5.0,566.38
C04911,2,Potential Loyalists,38.0,7.0,272.72
C04912,0,At Risk,216.0,4.0,293.15
C04913,1,Champions,24.0,14.0,1293.19
C04914,0,At Risk,156.0,6.0,335.74
C04915,4,Loyal Customers,142.0,8.0,509.81
C04916,0,At Risk,94.0,4.0,284.94000000000005
C04917,1,Champions,25.0,9.0,541.1
C04918,1,Champions,23.0,15.0,1353.29
C04919,4,Loyal Customers,113.0,8.0,801.39
C04920,1,Champions,8.0,14.0,1315.91
C04921,1,Champions,4.0,7.0,832.41
C04922,0,At Risk,113.0,4.0,138.51
C04923,1,Champions,8.0,16.0,1516.33
C04924,2,Potential Loyalists,52.0,5.0,210.51
C04925,0,At Risk,249.0,4.0,153.01
C04926,2,Potential Loyalists,7.0,4.0,889.32
C04927,3,Dormant / Low Value,268.0,1.0,37.78
C04928,1,Champions,15.0,10.0,1088.14
C04929,0,At Risk,48.0,3.0,119.26
C04930,0,At Risk,238.0,5.0,505.02
C04931,1,Champions,1.0,11.0,617.75
C04932,4,Loyal Customers,238.0,7.0,651.25
C04933,3,Dormant / Low Value,143.0,1.0,69.99
C04934,1,Champions,27.0,11.0,743.6
C04935,3,Dormant / Low Value,415.0,1.0,66.05
C04936,1,Champions,4.0,14.0,881.9699999999999
C04937,2,Potential Loyalists,46.0,7.0,261.6
C04938,4,Loyal Customers,84.0,6.0,1138.39
C04939,4,Loyal Customers,80.0,7.0,470.85
C04940,1,Champions,28.0,20.0,1289.55
C04941,-1,No Purchase,,0.0,0.0
C04942,2,Potential Loyalists,23.0,4.0,320.11
C04943,-1,No Purchase,,0.0,0.0
C04944,0,At Risk,114.0,4.0,437.56000000000006
C04945,4,Loyal Customers,81.0,10.0,338.83
C04946,2,Potential Loyalists,50.0,5.0,421.89
C04947,4,Loyal Customers,43.0,9.0,639.28
C04948,1,Champions,22.0,15.0,1604.81
C04949,4,Loyal Customers,163.0,7.0,517.95
C04950,0,At Risk,59.0,4.0,487.72
C04951,4,Loyal Customers,162.0,9.0,372.68
C04952,3,Dormant / Low Value,202.0,1.0,10.52
C04953,-1,No Purchase,,0.0,0.0
C04954,-1,No Purchase,,0.0,0.0
C04955,2,Potential Loyalists,10.0,3.0,499.55
C04956,4,Loyal Customers,69.0,16.0,1671.08
C04957,0,At Risk,117.0,4.0,292.87
C04958,2,Potential Loyalists,7.0,5.0,821.85
C04959,4,Loyal Customers,75.0,12.0,1311.76
C04960,3,Dormant / Low Value,416.0,1.0,121.25
C04961,0,At Risk,153.0,5.0,259.69
C04962,4,Loyal Customers,176.0,7.0,452.8
C04963,3,Dormant / Low Value,221.0,2.0,84.18
C04964,3,Dormant / Low Value,331.0,1.0,124.77
C04965,0,At Risk,139.0,4.0,142.10000000000002
C04966,1,Champions,9.0,7.0,702.05
C04967,0,At Risk,213.0,2.0,238.72
C04968,0,At Risk,380.0,4.0,548.53
C04969,4,Loyal Customers,90.0,8.0,370.88
C04970,4,Loyal Customers,106.0,7.0,375.69000000000005
C04971,0,At Risk,288.0,4.0,115.55
C04972,3,Dormant / Low Value,441.0,2.0,95.9
C04973,1,Champions,40.0,26.0,2734.63
C04974,4,Loyal Customers,59.0,7.0,650.77
C04975,0,At Risk,185.0,6.0,280.34000000000003
C04976,2,Potential Loyalists,9.0,7.0,431.54
C04977,4,Loyal Customers,144.0,5.0,1150.38
C04978,1,Champions,14.0,9.0,467.47
C04979,4,Loyal Customers,106.0,16.0,960.97
C04980,1,Champions,6.0,17.0,1589.42
C04981,3,Dormant / Low Value,488.0,3.0,113.49
C04982,4,Loyal Customers,73.0,7.0,598.87
C04983,0,At Risk,306.0,4.0,336.36
C04984,0,At Risk,303.0,4.0,205.77
C04985,0,At Risk,59.0,4.0,96.85
C04986,0,At Risk,131.0,6.0,417.08
C04987,0,At Risk,377.0,4.0,506.02
C04988,1,Champions,12.0,21.0,1971.15
C04989,0,At Risk,324.0,4.0,237.72000000000003
C04990,2,Potential Loyalists,8.0,2.0,80.64
C04991,4,Loyal Customers,67.0,20.0,1355.72
C04992,1,Champions,2.0,10.0,750.09
C04993,0,At Risk,111.0,5.0,408.4
C04994,4,Loyal Customers,140.0,10.0,498.9
C04995,3,Dormant / Low Value,109.0,3.0,83.36
C04996,3,Dormant / Low Value,231.0,1.0,13.52
C04997,2,Potential Loyalists,19.0,5.0,303.25
C04998,0,At Risk,169.0,5.0,424.97
C04999,4,Loyal Customers,134.0,8.0,950.45
C05000,0,At Risk,185.0,3.0,147.16
C05001,4,Loyal Customers,90.0,13.0,877.35
C05002,4,Loyal Customers,71.0,10.0,1165.0
C05003,4,Loyal Customers,46.0,7.0,691.11
C05004,3,Dormant / Low Value,333.0,3.0,107.86
C05005,0,At Risk,178.0,6.0,319.01
C05006,1,Champions,8.0,13.0,695.37
C05007,4,Loyal Customers,119.0,8.0,1281.75
C05008,4,Loyal Customers,40.0,13.0,907.15
C05009,4,Loyal Customers,58.0,9.0,978.19
C05010,0,At Risk,141.0,2.0,236.83
C05011,4,Loyal Customers,135.0,7.0,789.76
C05012,3,Dormant / Low Value,325.0,1.0,33.26
C05013,4,Loyal Customers,57.0,10.0,550.11
C05014,0,At Risk,121.0,5.0,528.29
C05015,0,At Risk,168.0,4.0,947.27
C05016,4,Loyal Customers,66.0,11.0,829.29
C05017,0,At Risk,114.0,5.0,176.05
C05018,2,Potential Loyalists,17.0,5.0,964.59
C05019,0,At Risk,113.0,6.0,276.35
C05020,1,Champions,28.0,16.0,891.04
C05021,4,Loyal Customers,156.0,8.0,533.67
C05022,1,Champions,7.0,11.0,930.19
C05023,1,Champions,25.0,13.0,937.5
C05024,2,Potential Loyalists,6.0,5.0,807.21
C05025,0,At Risk,276.0,4.0,111.37
C05026,4,Loyal Customers,40.0,6.0,645.57
C05027,1,Champions,23.0,8.0,859.09
C05028,2,Potential Loyalists,45.0,4.0,412.04
C05029,0,At Risk,62.0,3.0,455.69
C05030,0,At Risk,454.0,2.0,313.76
C05031,4,Loyal Customers,54.0,11.0,774.96
C05032,2,Potential Loyalists,19.0,2.0,126.14
C05033,0,At Risk,83.0,5.0,487.69
C05034,4,Loyal Customers,143.0,9.0,2898.76
C05035,3,Dormant / Low Value,420.0,1.0,26.9
C05036,1,Champions,57.0,25.0,2179.41
C05037,0,At Risk,66.0,3.0,109.47
C05038,1,Champions,8.0,12.0,635.65
C05039,0,At Risk,82.0,7.0,152.72
C05040,0,At Risk,69.0,4.0,197.62
C05041,0,At Risk,311.0,3.0,151.88
C05042,0,At Risk,101.0,7.0,256.07
C05043,4,Loyal Customers,147.0,7.0,808.9300000000001
C05044,2,Potential Loyalists,8.0,2.0,63.690000000000005
C05045,0,At Risk,292.0,2.0,302.37
C05046,0,At Risk,211.0,3.0,440.33
C05047,1,Champions,21.0,10.0,1002.11
C05048,0,At Risk,65.0,7.0,159.51999999999998
C05049,-1,No Purchase,,0.0,0.0
C05050,0,At Risk,164.0,2.0,1023.02
C05051,4,Loyal Customers,70.0,8.0,492.72
C05052,0,At Risk,75.0,6.0,279.67
C05053,3,Dormant / Low Value,612.0,2.0,133.67000000000002
C05054,0,At Risk,199.0,5.0,312.08
C05055,0,At Risk,133.0,4.0,160.47
C05056,2,Potential Loyalists,38.0,7.0,444.4
C05057,3,Dormant / Low Value,153.0,2.0,87.21000000000001
C05058,4,Loyal Customers,82.0,7.0,389.58
C05059,3,Dormant / Low Value,47.0,3.0,69.44
C05060,0,At Risk,147.0,4.0,243.9
C05061,0,At Risk,57.0,5.0,155.04
C05062,0,At Risk,98.0,5.0,371.14
C05063,2,Potential Loyalists,28.0,3.0,152.4
C05064,4,Loyal Customers,52.0,12.0,1006.71
C05065,2,Potential Loyalists,24.0,7.0,715.19
C05066,2,Potential Loyalists,22.0,5.0,720.43
C05067,4,Loyal Customers,48.0,8.0,378.11
C05068,3,Dormant / Low Value,717.0,1.0,70.45
C05069,3,Dormant / Low Value,163.0,3.0,84.33
C05070,0,At Risk,109.0,5.0,290.25
C05071,2,Potential Loyalists,20.0,5.0,210.96
C05072,4,Loyal Customers,94.0,10.0,693.3499999999999
C05073,4,Loyal Customers,88.0,8.0,600.85
C05074,-1,No Purchase,,0.0,0.0
C05075,0,At Risk,379.0,4.0,466.51
C05076,2,Potential Loyalists,13.0,10.0,363.72
C05077,2,Potential Loyalists,3.0,5.0,383.53
C05078,4,Loyal Customers,228.0,7.0,643.9699999999999
C05079,2,Potential Loyalists,16.0,7.0,585.48
C05080,-1,No Purchase,,0.0,0.0
C05081,1,Champions,30.0,11.0,680.39
C05082,2,Potential Loyalists,15.0,6.0,480.38
C05083,0,At Risk,116.0,3.0,123.25
C05084,4,Loyal Customers,54.0,17.0,1087.14
C05085,0,At Risk,161.0,4.0,383.19
C05086,1,Champions,32.0,14.0,1527.52
C05087,0,At Risk,136.0,5.0,278.42
C05088,4,Loyal Customers,94.0,15.0,904.73
C05089,3,Dormant / Low Value,372.0,1.0,23.72
C05090,2,Potential Loyalists,51.0,5.0,420.9
C05091,4,Loyal Customers,106.0,8.0,804.0200000000001
C05092,2,Potential Loyalists,6.0,5.0,466.93
C05093,0,At Risk,223.0,5.0,145.26
C05094,4,Loyal Customers,45.0,7.0,701.38
C05095,2,Potential Loyalists,18.0,6.0,561.4
C05096,1,Champions,17.0,9.0,778.95
C05097,4,Loyal Customers,38.0,6.0,958.34
C05098,1,Champions,6.0,15.0,970.57
C05099,1,Champions,51.0,19.0,2098.5
C05100,2,Potential Loyalists,19.0,6.0,319.42
C05101,3,Dormant / Low Value,104.0,1.0,77.26
C05102,3,Dormant / Low Value,85.0,2.0,106.23
C05103,2,Potential Loyalists,11.0,7.0,439.33
C05104,3,Dormant / Low Value,264.0,4.0,62.55
C05105,4,Loyal Customers,96.0,7.0,638.48
C05106,2,Potential Loyalists,12.0,6.0,204.48
C05107,3,Dormant / Low Value,111.0,2.0,33.69
C05108,0,At Risk,167.0,6.0,200.33
C05109,1,Champions,28.0,10.0,1267.88
C05110,2,Potential Loyalists,17.0,4.0,290.1
C05111,4,Loyal Customers,209.0,5.0,883.17
C05112,1,Champions,12.0,18.0,1089.18
C05113,4,Loyal Customers,150.0,8.0,570.64
C05114,3,Dormant / Low Value,636.0,2.0,60.41
C05115,4,Loyal Customers,52.0,14.0,1195.78
C05116,4,Loyal Customers,57.0,5.0,608.8800000000001
C05117,4,Loyal Customers,55.0,8.0,644.12
C05118,0,At Risk,55.0,4.0,164.54
C05119,4,Loyal Customers,52.0,7.0,341.62
C05120,4,Loyal Customers,47.0,11.0,683.6
C05121,2,Potential Loyalists,15.0,6.0,585.56
C05122,4,Loyal Customers,113.0,9.0,627.18
C05123,0,At Risk,141.0,7.0,232.51
C05124,4,Loyal Customers,100.0,10.0,392.89
C05125,2,Potential Loyalists,40.0,4.0,398.97
C05126,0,At Risk,201.0,3.0,196.78
C05127,0,At Risk,159.0,4.0,541.24
C05128,1,Champions,31.0,23.0,1513.67
C05129,-1,No Purchase,,0.0,0.0
C05130,3,Dormant / Low Value,298.0,2.0,26.26
C05131,3,Dormant / Low Value,505.0,1.0,94.59
C05132,3,Dormant / Low Value,215.0,2.0,65.04
C05133,1,Champions,7.0,9.0,559.25
C05134,1,Champions,32.0,18.0,1788.1799999999998
C05135,0,At Risk,101.0,5.0,503.97
C05136,0,At Risk,77.0,3.0,295.79
C05137,0,At Risk,221.0,2.0,244.85
C05138,0,At Risk,271.0,2.0,358.31
C05139,1,Champions,23.0,11.0,1083.1
C05140,0,At Risk,102.0,5.0,190.22
C05141,2,Potential Loyalists,35.0,4.0,180.5
C05142,0,At Risk,86.0,5.0,123.87
C05143,1,Champions,5.0,26.0,3182.07
C05144,2,Potential Loyalists,21.0,7.0,554.18
C05145,4,Loyal Customers,38.0,11.0,797.61
C05146,4,Loyal Customers,71.0,15.0,778.61
C05147,4,Loyal Customers,137.0,6.0,649.48
C05148,4,Loyal Customers,95.0,15.0,469.16
C05149,0,At Risk,92.0,3.0,229.91
C05150,4,Loyal Customers,206.0,9.0,2581.03
C05151,3,Dormant / Low Value,159.0,1.0,43.06
C05152,0,At Risk,233.0,6.0,560.8199999999999
C05153,0,At Risk,152.0,4.0,422.49
C05154,3,Dormant / Low Value,337.0,1.0,17.46
C05155,2,Potential Loyalists,19.0,6.0,207.05
C05156,0,At Risk,93.0,6.0,251.87
C05157,0,At Risk,59.0,4.0,236.84
C05158,2,Potential Loyalists,15.0,6.0,794.6899999999999
C05159,2,Potential Loyalists,18.0,5.0,149.74
C05160,3,Dormant / Low Value,527.0,1.0,60.36
C05161,4,Loyal Customers,90.0,15.0,1658.06
C05162,3,Dormant / Low Value,135.0,2.0,116.91
C05163,2,Potential Loyalists,10.0,6.0,187.82
C05164,0,At Risk,233.0,6.0,438.1
C05165,2,Potential Loyalists,12.0,8.0,276.2
C05166,0,At Risk,271.0,4.0,938.62
C05167,4,Loyal Customers,88.0,9.0,508.0
C05168,0,At Risk,110.0,2.0,231.12
C05169,4,Loyal Customers,105.0,6.0,561.4300000000001
C05170,3,Dormant / Low Value,73.0,2.0,57.14
C05171,0,At Risk,118.0,7.0,297.83000000000004
C05172,1,Champions,28.0,10.0,664.42
C05173,0,At Risk,111.0,4.0,258.96000000000004
C05174,0,At Risk,378.0,2.0,249.42
C05175,3,Dormant / Low Value,479.0,1.0,38.46
C05176,0,At Risk,218.0,3.0,216.29
C05177,-1,No Purchase,,0.0,0.0
C05178,0,At Risk,198.0,7.0,345.7
C05179,2,Potential Loyalists,12.0,6.0,539.37
C05180,0,At Risk,83.0,5.0,112.15
C05181,4,Loyal Customers,44.0,10.0,1021.57
C05182,0,At Risk,112.0,4.0,241.41
C05183,1,Champions,12.0,12.0,453.43
C05184,0,At Risk,237.0,2.0,322.24
C05185,4,Loyal Customers,73.0,20.0,1434.49
C05186,0,At Risk,73.0,4.0,144.06
C05187,1,Champions,23.0,7.0,834.01
C05188,1,Champions,15.0,20.0,2201.05
C05189,4,Loyal Customers,58.0,6.0,1619.85
C05190,4,Loyal Customers,34.0,10.0,814.8
C05191,1,Champions,22.0,10.0,727.48
C05192,-1,No Purchase,,0.0,0.0
C05193,4,Loyal Customers,144.0,10.0,693.4200000000001
C05194,4,Loyal Customers,82.0,14.0,961.18
C05195,-1,No Purchase,,0.0,0.0
C05196,2,Potential Loyalists,27.0,6.0,284.6
C05197,0,At Risk,306.0,5.0,162.07999999999998
C05198,4,Loyal Customers,71.0,10.0,1056.99
C05199,1,Champions,9.0,7.0,1170.5800000000002
C05200,3,Dormant / Low Value,465.0,1.0,47.95
C05201,0,At Risk,180.0,4.0,127.6
C05202,0,At Risk,174.0,6.0,437.41
C05203,0,At Risk,143.0,6.0,340.01
C05204,3,Dormant / Low Value,84.0,2.0,71.46
C05205,0,At Risk,234.0,4.0,312.02
C05206,0,At Risk,184.0,6.0,241.61
C05207,1,Champions,60.0,22.0,2320.0
C05208,2,Potential Loyalists,47.0,4.0,245.53
C05209,0,At Risk,142.0,5.0,270.34
C05210,0,At Risk,255.0,3.0,181.61
C05211,2,Potential Loyalists,21.0,7.0,741.0999999999999
C05212,-1,No Purchase,,0.0,0.0
C05213,1,Champions,54.0,21.0,2578.06
C05214,0,At Risk,154.0,5.0,154.73000000000002
C05215,0,At Risk,106.0,6.0,281.32
C05216,4,Loyal Customers,85.0,8.0,1629.0
C05217,3,Dormant / Low Value,88.0,2.0,61.08
C05218,3,Dormant / Low Value,215.0,2.0,54.1
C05219,0,At Risk,60.0,5.0,339.1
C05220,2,Potential Loyalists,47.0,2.0,413.08
C05221,4,Loyal Customers,65.0,7.0,409.52
C05222,2,Potential Loyalists,53.0,3.0,602.45
C05223,3,Dormant / Low Value,248.0,2.0,41.49
C05224,0,At Risk,145.0,3.0,154.44
C05225,0,At Risk,195.0,4.0,133.08
C05226,0,At Risk,339.0,4.0,324.04
C05227,-1,No Purchase,,0.0,0.0
C05228,3,Dormant / Low Value,179.0,2.0,149.57
C05229,0,At Risk,238.0,5.0,239.76
C05230,1,Champions,23.0,10.0,466.24
C05231,1,Champions,20.0,14.0,893.17
C05232,4,Loyal Customers,56.0,5.0,531.14
C05233,4,Loyal Customers,28.0,8.0,659.51
C05234,4,Loyal Customers,28.0,9.0,612.37
C05235,0,At Risk,179.0,6.0,291.57
C05236,0,At Risk,371.0,3.0,325.55
C05237,2,Potential Loyalists,11.0,7.0,494.05
C05238,2,Potential Loyalists,11.0,4.0,202.03000000000003
C05239,2,Potential Loyalists,22.0,5.0,625.3299999999999
C05240,0,At Risk,536.0,3.0,156.05
C05241,0,At Risk,559.0,3.0,971.86
C05242,4,Loyal Customers,367.0,8.0,1030.76
C05243,3,Dormant / Low Value,304.0,2.0,154.9
C05244,1,Champions,4.0,9.0,373.65
C05245,1,Champions,11.0,15.0,1675.43
C05246,4,Loyal Customers,98.0,10.0,801.41
C05247,0,At Risk,250.0,4.0,1067.75
C05248,0,At Risk,180.0,3.0,140.59
C05249,4,Loyal Customers,171.0,8.0,444.71
C05250,0,At Risk,88.0,5.0,247.92
C05251,0,At Risk,83.0,3.0,148.75
C05252,-1,No Purchase,,0.0,0.0
C05253,2,Potential Loyalists,28.0,6.0,170.88
C05254,2,Potential Loyalists,21.0,7.0,380.48
C05255,4,Loyal Customers,106.0,15.0,765.11
C05256,0,At Risk,144.0,5.0,318.51
C05257,4,Loyal Customers,36.0,8.0,520.46
C05258,0,At Risk,137.0,5.0,232.37
C05259,4,Loyal Customers,57.0,4.0,1001.83
C05260,1,Champions,5.0,8.0,723.11
C05261,0,At Risk,165.0,6.0,383.63
C05262,3,Dormant / Low Value,290.0,2.0,30.31
C05263,1,Champions,33.0,20.0,2194.05
C05264,4,Loyal Customers,73.0,7.0,506.16
C05265,0,At Risk,117.0,2.0,275.76
C05266,3,Dormant / Low Value,174.0,3.0,64.43
C05267,4,Loyal Customers,52.0,11.0,1050.85
C05268,1,Champions,27.0,21.0,771.0
C05269,3,Dormant / Low Value,217.0,3.0,95.64
C05270,3,Dormant / Low Value,417.0,1.0,255.2
C05271,4,Loyal Customers,202.0,10.0,855.76
C05272,1,Champions,42.0,14.0,1162.6699999999998
C05273,4,Loyal Customers,134.0,18.0,1548.58
C05274,0,At Risk,128.0,5.0,374.0
C05275,4,Loyal Customers,222.0,7.0,725.6800000000001
C05276,2,Potential Loyalists,40.0,7.0,416.44
C05277,4,Loyal Customers,60.0,7.0,592.81
C05278,4,Loyal Customers,142.0,7.0,509.01
C05279,1,Champions,36.0,17.0,1363.48
C05280,3,Dormant / Low Value,599.0,1.0,24.2
C05281,4,Loyal Customers,60.0,5.0,492.36
C05282,-1,No Purchase,,0.0,0.0
C05283,0,At Risk,80.0,5.0,260.68
C05284,0,At Risk,187.0,6.0,492.69
C05285,3,Dormant / Low Value,204.0,1.0,90.62
C05286,1,Champions,12.0,9.0,2332.91
C05287,2,Potential Loyalists,56.0,6.0,263.51
C05288,4,Loyal Customers,127.0,12.0,1122.84
C05289,4,Loyal Customers,212.0,12.0,622.83
C05290,0,At Risk,72.0,5.0,271.99
C05291,0,At Risk,294.0,3.0,340.66
C05292,1,Champions,21.0,14.0,439.68
C05293,0,At Risk,130.0,4.0,572.25
C05294,0,At Risk,345.0,4.0,218.58
C05295,0,At Risk,63.0,4.0,448.59
C05296,3,Dormant / Low Value,181.0,1.0,107.56
C05297,2,Potential Loyalists,14.0,3.0,64.46000000000001
C05298,4,Loyal Customers,69.0,6.0,401.41
C05299,3,Dormant / Low Value,128.0,2.0,76.30000000000001
C05300,2,Potential Loyalists,7.0,6.0,276.79
C05301,4,Loyal Customers,115.0,9.0,1296.83
C05302,1,Champions,9.0,10.0,518.6899999999999
C05303,2,Potential Loyalists,21.0,4.0,248.03
C05304,3,Dormant / Low Value,224.0,2.0,25.46
C05305,4,Loyal Customers,255.0,10.0,902.02
C05306,3,Dormant / Low Value,548.0,1.0,157.56
C05307,3,Dormant / Low Value,544.0,1.0,105.02
C05308,0,At Risk,56.0,4.0,277.3
C05309,3,Dormant / Low Value,502.0,1.0,19.85
C05310,0,At Risk,375.0,6.0,530.45
C05311,0,At Risk,198.0,4.0,230.48
C05312,1,Champions,5.0,9.0,564.76
C05313,4,Loyal Customers,52.0,8.0,602.0
C05314,2,Potential Loyalists,35.0,5.0,254.89
C05315,4,Loyal Customers,56.0,12.0,648.27
C05316,0,At Risk,392.0,3.0,669.21
C05317,1,Champions,22.0,17.0,1921.47
C05318,1,Champions,18.0,10.0,668.67
C05319,0,At Risk,405.0,3.0,400.69000000000005
C05320,2,Potential Loyalists,26.0,3.0,869.22
C05321,4,Loyal Customers,50.0,6.0,576.6
C05322,1,Champions,7.0,22.0,778.94
C05323,0,At Risk,210.0,6.0,209.06
C05324,2,Potential Loyalists,35.0,5.0,558.39
C05325,2,Potential Loyalists,37.0,4.0,409.69
C05326,0,At Risk,146.0,6.0,252.61
C05327,1,Champions,14.0,13.0,1036.66
C05328,1,Champions,14.0,12.0,859.46
C05329,2,Potential Loyalists,11.0,4.0,206.52
C05330,4,Loyal Customers,50.0,7.0,837.5799999999999
C05331,4,Loyal Customers,47.0,6.0,725.87
C05332,2,Potential Loyalists,15.0,5.0,318.79
C05333,3,Dormant / Low Value,352.0,1.0,172.16
C05334,0,At Risk,226.0,7.0,310.77
C05335,4,Loyal Customers,110.0,9.0,815.4300000000001
C05336,4,Loyal Customers,180.0,11.0,280.09
C05337,4,Loyal Customers,136.0,8.0,484.38
C05338,0,At Risk,185.0,8.0,310.52
C05339,3,Dormant / Low Value,192.0,3.0,98.48
C05340,4,Loyal Customers,65.0,5.0,534.71
C05341,0,At Risk,96.0,3.0,109.46
C05342,4,Loyal Customers,125.0,13.0,936.23
C05343,4,Loyal Customers,112.0,9.0,358.69
C05344,3,Dormant / Low Value,556.0,1.0,38.89
C05345,2,Potential Loyalists,30.0,4.0,147.17000000000002
C05346,4,Loyal Customers,251.0,9.0,624.09
C05347,4,Loyal Customers,54.0,11.0,620.62
C05348,1,Champions,10.0,12.0,675.17
C05349,3,Dormant / Low Value,164.0,3.0,58.06
C05350,4,Loyal Customers,79.0,16.0,1134.71
C05351,2,Potential Loyalists,6.0,8.0,179.77
C05352,4,Loyal Customers,65.0,6.0,762.24
C05353,4,Loyal Customers,31.0,8.0,597.92
C05354,4,Loyal Customers,145.0,13.0,1511.37
C05355,1,Champions,1.0,21.0,904.75
C05356,4,Loyal Customers,130.0,8.0,416.04
C05357,4,Loyal Customers,124.0,7.0,411.87
C05358,4,Loyal Customers,50.0,10.0,542.47
C05359,1,Champions,7.0,10.0,532.45
C05360,4,Loyal Customers,92.0,9.0,434.15
C05361,3,Dormant / Low Value,326.0,2.0,54.64
C05362,3,Dormant / Low Value,306.0,2.0,158.31
C05363,1,Champions,4.0,15.0,958.04
C05364,1,Champions,2.0,17.0,2997.31
C05365,3,Dormant / Low Value,268.0,1.0,23.65
C05366,2,Potential Loyalists,1.0,2.0,163.82
C05367,4,Loyal Customers,52.0,14.0,1030.28
C05368,0,At Risk,133.0,4.0,390.09
C05369,4,Loyal Customers,82.0,7.0,407.49
C05370,0,At Risk,55.0,5.0,89.27
C05371,3,Dormant / Low Value,600.0,1.0,23.86
C05372,2,Potential Loyalists,9.0,7.0,393.47
C05373,0,At Risk,169.0,4.0,141.39
C05374,1,Champions,21.0,13.0,2307.54
C05375,2,Potential Loyalists,3.0,6.0,623.4300000000001
C05376,3,Dormant / Low Value,223.0,2.0,100.72
C05377,1,Champions,12.0,9.0,1057.37
C05378,2,Potential Loyalists,5.0,2.0,115.78
C05379,1,Champions,2.0,13.0,1334.88
C05380,2,Potential Loyalists,31.0,5.0,436.44
C05381,4,Loyal Customers,42.0,9.0,1605.36
C05382,0,At Risk,225.0,7.0,411.43
C05383,0,At Risk,406.0,3.0,232.25
C05384,3,Dormant / Low Value,221.0,1.0,94.48
C05385,4,Loyal Customers,133.0,9.0,1399.67
C05386,3,Dormant / Low Value,322.0,3.0,88.91
C05387,2,Potential Loyalists,4.0,4.0,106.68
C05388,0,At Risk,71.0,6.0,301.92
C05389,4,Loyal Customers,40.0,14.0,726.26
C05390,0,At Risk,234.0,6.0,626.09
C05391,1,Champions,19.0,9.0,772.39
C05392,0,At Risk,86.0,2.0,192.44
C05393,0,At Risk,183.0,3.0,149.75
C05394,2,Potential Loyalists,18.0,5.0,672.77
C05395,0,At Risk,202.0,3.0,228.37
C05396,0,At Risk,76.0,5.0,356.7
C05397,0,At Risk,228.0,4.0,198.28
C05398,4,Loyal Customers,47.0,7.0,621.97
C05399,0,At Risk,145.0,5.0,349.29
C05400,1,Champions,11.0,10.0,472.4
C05401,2,Potential Loyalists,26.0,2.0,118.47
C05402,1,Champions,11.0,13.0,1042.88
C05403,2,Potential Loyalists,23.0,5.0,280.7
C05404,0,At Risk,123.0,3.0,1153.54
C05405,4,Loyal Customers,125.0,8.0,382.01
C05406,0,At Risk,283.0,4.0,268.56
C05407,0,At Risk,279.0,4.0,431.04
C05408,0,At Risk,93.0,3.0,156.24
C05409,1,Champions,15.0,11.0,604.25
C05410,0,At Risk,224.0,3.0,184.63
C05411,2,Potential Loyalists,24.0,6.0,1061.49
C05412,4,Loyal Customers,47.0,9.0,370.68
C05413,0,At Risk,383.0,2.0,756.59
C05414,4,Loyal Customers,46.0,10.0,464.98
C05415,1,Champions,16.0,7.0,1232.9
C05416,2,Potential Loyalists,55.0,4.0,499.11
C05417,3,Dormant / Low Value,54.0,2.0,54.23
C05418,3,Dormant / Low Value,469.0,2.0,133.63
C05419,1,Champions,19.0,11.0,909.86
C05420,4,Loyal Customers,125.0,7.0,917.75
C05421,4,Loyal Customers,312.0,7.0,645.72
C05422,2,Potential Loyalists,40.0,7.0,323.31
C05423,2,Potential Loyalists,35.0,5.0,748.0999999999999
C05424,4,Loyal Customers,53.0,12.0,630.47
C05425,4,Loyal Customers,211.0,8.0,934.7
C05426,-1,No Purchase,,0.0,0.0
C05427,4,Loyal Customers,57.0,9.0,326.81
C05428,1,Champions,46.0,23.0,1341.29
C05429,0,At Risk,292.0,6.0,399.84
C05430,2,Potential Loyalists,27.0,5.0,362.25
C05431,2,Potential Loyalists,52.0,6.0,303.0
C05432,4,Loyal Customers,237.0,6.0,727.59
C05433,0,At Risk,85.0,5.0,408.43
C05434,1,Champions,14.0,15.0,1779.87
C05435,3,Dormant / Low Value,437.0,1.0,30.71
C05436,1,Champions,15.0,14.0,674.11
C05437,0,At Risk,727.0,1.0,376.55
C05438,1,Champions,27.0,18.0,1804.12
C05439,3,Dormant / Low Value,188.0,1.0,17.76
C05440,3,Dormant / Low Value,200.0,1.0,29.46
C05441,4,Loyal Customers,70.0,12.0,751.74
C05442,4,Loyal Customers,81.0,14.0,841.03
C05443,4,Loyal Customers,43.0,9.0,443.68
C05444,-1,No Purchase,,0.0,0.0
C05445,3,Dormant / Low Value,130.0,1.0,213.61
C05446,2,Potential Loyalists,12.0,8.0,349.46
C05447,0,At Risk,243.0,5.0,302.79
C05448,0,At Risk,110.0,7.0,215.14
C05449,4,Loyal Customers,70.0,10.0,657.82
C05450,0,At Risk,77.0,2.0,645.51
C05451,3,Dormant / Low Value,319.0,2.0,12.84
C05452,4,Loyal Customers,91.0,11.0,802.12
C05453,2,Potential Loyalists,34.0,3.0,119.67
C05454,4,Loyal Customers,68.0,19.0,1509.58
C05455,0,At Risk,152.0,5.0,276.64
C05456,0,At Risk,265.0,2.0,230.5
C05457,1,Champions,10.0,12.0,453.36
C05458,-1,No Purchase,,0.0,0.0
C05459,2,Potential Loyalists,18.0,5.0,354.72
C05460,4,Loyal Customers,113.0,10.0,620.22
C05461,3,Dormant / Low Value,637.0,1.0,25.52
C05462,3,Dormant / Low Value,721.0,1.0,144.85
C05463,4,Loyal Customers,201.0,11.0,499.35
C05464,3,Dormant / Low Value,437.0,1.0,56.21
C05465,1,Champions,20.0,12.0,668.66
C05466,4,Loyal Customers,92.0,13.0,1506.87
C05467,0,At Risk,148.0,3.0,133.02
C05468,4,Loyal Customers,111.0,7.0,681.24
C05469,2,Potential Loyalists,43.0,5.0,195.64
C05470,2,Potential Loyalists,40.0,5.0,189.02
C05471,3,Dormant / Low Value,714.0,1.0,38.63
C05472,4,Loyal Customers,44.0,12.0,622.98
C05473,3,Dormant / Low Value,616.0,1.0,168.0
C05474,2,Potential Loyalists,3.0,7.0,461.68
C05475,1,Champions,19.0,9.0,653.78
C05476,3,Dormant / Low Value,432.0,3.0,78.61
C05477,4,Loyal Customers,52.0,7.0,393.96
C05478,2,Potential Loyalists,3.0,3.0,279.54
C05479,3,Dormant / Low Value,194.0,4.0,79.36
C05480,2,Potential Loyalists,6.0,2.0,50.89
C05481,2,Potential Loyalists,50.0,4.0,364.64
C05482,1,Champions,14.0,9.0,1045.96
C05483,1,Champions,7.0,10.0,595.55
C05484,1,Champions,19.0,15.0,641.88
C05485,1,Champions,55.0,19.0,1168.01
C05486,1,Champions,20.0,22.0,1144.04
C05487,0,At Risk,72.0,5.0,171.81
C05488,1,Champions,28.0,10.0,847.48
C05489,0,At Risk,71.0,6.0,193.7
C05490,0,At Risk,122.0,5.0,654.96
C05491,4,Loyal Customers,180.0,8.0,817.74
C05492,4,Loyal Customers,30.0,8.0,781.63
C05493,2,Potential Loyalists,33.0,4.0,367.44
C05494,1,Champions,5.0,15.0,958.65
C05495,0,At Risk,128.0,2.0,192.11
C05496,3,Dormant / Low Value,141.0,2.0,103.6
C05497,0,At Risk,112.0,4.0,423.23
C05498,0,At Risk,75.0,4.0,260.47
C05499,0,At Risk,184.0,6.0,208.72
C05500,4,Loyal Customers,76.0,8.0,437.98
C05501,1,Champions,10.0,10.0,570.5
C05502,4,Loyal Customers,46.0,7.0,753.01
C05503,4,Loyal Customers,139.0,9.0,331.75
C05504,1,Champions,43.0,16.0,2952.3
C05505,2,Potential Loyalists,36.0,5.0,545.29
C05506,0,At Risk,82.0,3.0,413.85
C05507,0,At Risk,249.0,6.0,130.1
C05508,4,Loyal Customers,53.0,8.0,732.12
C05509,0,At Risk,77.0,5.0,166.82999999999998
C05510,3,Dormant / Low Value,488.0,1.0,10.87
C05511,1,Champions,26.0,8.0,1111.83
C05512,0,At Risk,111.0,6.0,272.75
C05513,0,At Risk,164.0,7.0,339.51
C05514,0,At Risk,60.0,3.0,308.99
C05515,3,Dormant / Low Value,608.0,2.0,38.25
C05516,3,Dormant / Low Value,671.0,1.0,180.95
C05517,2,Potential Loyalists,34.0,3.0,260.63
C05518,0,At Risk,152.0,3.0,486.21
C05519,2,Potential Loyalists,26.0,6.0,164.94
C05520,0,At Risk,297.0,4.0,317.31
C05521,0,At Risk,214.0,5.0,207.01
C05522,0,At Risk,79.0,5.0,269.79
C05523,4,Loyal Customers,54.0,14.0,555.72
C05524,2,Potential Loyalists,44.0,3.0,260.67
C05525,1,Champions,8.0,23.0,2116.96
C05526,0,At Risk,87.0,4.0,362.53
C05527,3,Dormant / Low Value,398.0,1.0,51.45
C05528,3,Dormant / Low Value,303.0,1.0,58.5
C05529,4,Loyal Customers,79.0,13.0,1073.29
C05530,4,Loyal Customers,115.0,6.0,1441.12
C05531,4,Loyal Customers,51.0,12.0,1105.95
C05532,1,Champions,22.0,8.0,626.4599999999999
C05533,4,Loyal Customers,45.0,10.0,394.59
C05534,4,Loyal Customers,147.0,10.0,627.7
C05535,4,Loyal Customers,113.0,7.0,465.27
C05536,2,Potential Loyalists,41.0,5.0,247.68
C05537,4,Loyal Customers,191.0,8.0,493.2
C05538,0,At Risk,304.0,6.0,151.41
C05539,0,At Risk,104.0,5.0,451.4
C05540,-1,No Purchase,,0.0,0.0
C05541,0,At Risk,60.0,3.0,213.7
C05542,0,At Risk,339.0,5.0,139.98
C05543,2,Potential Loyalists,57.0,6.0,202.37
C05544,2,Potential Loyalists,27.0,6.0,875.85
C05545,0,At Risk,273.0,6.0,249.06
C05546,3,Dormant / Low Value,486.0,1.0,38.44
C05547,0,At Risk,173.0,6.0,378.16
C05548,1,Champions,1.0,11.0,823.47
C05549,4,Loyal Customers,35.0,8.0,433.53
C05550,0,At Risk,466.0,3.0,137.31
C05551,2,Potential Loyalists,35.0,5.0,243.13
C05552,0,At Risk,97.0,4.0,650.86
C05553,0,At Risk,396.0,4.0,292.4
C05554,4,Loyal Customers,55.0,8.0,1052.85
C05555,4,Loyal Customers,143.0,21.0,1361.56
C05556,2,Potential Loyalists,13.0,5.0,214.24
C05557,2,Potential Loyalists,54.0,6.0,271.2
C05558,0,At Risk,152.0,5.0,548.47
C05559,0,At Risk,214.0,5.0,353.04
C05560,1,Champions,28.0,12.0,572.71
C05561,4,Loyal Customers,147.0,8.0,1739.48
C05562,-1,No Purchase,,0.0,0.0
C05563,0,At Risk,231.0,5.0,166.28
C05564,1,Champions,6.0,15.0,1554.74
C05565,0,At Risk,129.0,3.0,195.67
C05566,4,Loyal Customers,45.0,10.0,400.13
C05567,3,Dormant / Low Value,231.0,1.0,31.86
C05568,0,At Risk,123.0,4.0,383.31
C05569,1,Champions,4.0,16.0,765.89
C05570,3,Dormant / Low Value,569.0,2.0,46.35
C05571,3,Dormant / Low Value,159.0,1.0,5.32
C05572,2,Potential Loyalists,20.0,4.0,120.84
C05573,4,Loyal Customers,52.0,10.0,967.28
C05574,4,Loyal Customers,32.0,9.0,574.56
C05575,0,At Risk,89.0,5.0,240.26
C05576,-1,No Purchase,,0.0,0.0
C05577,4,Loyal Customers,87.0,8.0,392.33
C05578,1,Champions,8.0,18.0,998.23
C05579,1,Champions,5.0,9.0,703.87
C05580,4,Loyal Customers,68.0,12.0,876.69
C05581,0,At Risk,496.0,8.0,359.79
C05582,1,Champions,5.0,12.0,1142.62
C05583,4,Loyal Customers,47.0,9.0,556.69
C05584,4,Loyal Customers,140.0,6.0,643.52
C05585,3,Dormant / Low Value,389.0,2.0,154.53
C05586,1,Champions,10.0,8.0,761.23
C05587,0,At Risk,291.0,3.0,317.71000000000004
C05588,0,At Risk,142.0,4.0,191.52
C05589,2,Potential Loyalists,8.0,8.0,512.34
C05590,1,Champions,12.0,8.0,744.44
C05591,4,Loyal Customers,47.0,10.0,793.34
C05592,4,Loyal Customers,58.0,7.0,437.88
C05593,0,At Risk,222.0,3.0,163.68
C05594,0,At Risk,154.0,3.0,109.23
C05595,0,At Risk,128.0,4.0,583.9300000000001
C05596,4,Loyal Customers,126.0,12.0,1139.68
C05597,4,Loyal Customers,32.0,7.0,816.99
C05598,4,Loyal Customers,124.0,7.0,406.02
C05599,4,Loyal Customers,113.0,11.0,1176.46
C05600,2,Potential Loyalists,22.0,8.0,469.97
C05601,0,At Risk,139.0,7.0,353.0
C05602,1,Champions,11.0,16.0,1137.48
C05603,4,Loyal Customers,75.0,15.0,779.7
C05604,2,Potential Loyalists,38.0,4.0,99.22
C05605,2,Potential Loyalists,11.0,4.0,290.28
C05606,3,Dormant / Low Value,519.0,1.0,19.12
C05607,2,Potential Loyalists,17.0,5.0,130.03
C05608,3,Dormant / Low Value,505.0,1.0,13.76
C05609,2,Potential Loyalists,28.0,9.0,403.22
C05610,0,At Risk,194.0,5.0,289.74
C05611,4,Loyal Customers,54.0,6.0,495.7
C05612,2,Potential Loyalists,35.0,4.0,95.43
C05613,1,Champions,4.0,12.0,1462.18
C05614,0,At Risk,309.0,6.0,330.73
C05615,0,At Risk,357.0,3.0,169.65
C05616,2,Potential Loyalists,33.0,6.0,301.16
C05617,4,Loyal Customers,132.0,12.0,1774.46
C05618,1,Champions,11.0,10.0,713.6700000000001
C05619,3,Dormant / Low Value,357.0,2.0,89.19
C05620,1,Champions,5.0,9.0,420.65
C05621,2,Potential Loyalists,43.0,5.0,158.26
C05622,0,At Risk,82.0,5.0,232.7
C05623,0,At Risk,92.0,6.0,325.69
C05624,0,At Risk,158.0,8.0,237.18
C05625,2,Potential Loyalists,18.0,4.0,459.27
C05626,1,Champions,5.0,13.0,397.54
C05627,1,Champions,28.0,13.0,860.1800000000001
C05628,4,Loyal Customers,102.0,6.0,776.95
C05629,0,At Risk,71.0,5.0,146.83999999999995
C05630,4,Loyal Customers,141.0,10.0,548.9300000000001
C05631,2,Potential Loyalists,12.0,5.0,436.55
C05632,4,Loyal Customers,92.0,8.0,616.44
C05633,0,At Risk,51.0,3.0,120.79
C05634,3,Dormant / Low Value,111.0,1.0,16.64
C05635,4,Loyal Customers,211.0,9.0,513.9
C05636,0,At Risk,348.0,3.0,593.1700000000001
C05637,1,Champions,10.0,9.0,663.05
C05638,3,Dormant / Low Value,267.0,1.0,22.16
C05639,3,Dormant / Low Value,35.0,3.0,42.81
C05640,0,At Risk,75.0,6.0,111.84
C05641,1,Champions,16.0,12.0,1310.03
C05642,4,Loyal Customers,87.0,7.0,311.5
C05643,4,Loyal Customers,34.0,9.0,833.62
C05644,2,Potential Loyalists,34.0,9.0,338.46
C05645,2,Potential Loyalists,27.0,5.0,396.68
C05646,0,At Risk,222.0,5.0,573.65
C05647,3,Dormant / Low Value,165.0,2.0,95.21
C05648,2,Potential Loyalists,29.0,5.0,507.94
C05649,0,At Risk,220.0,6.0,416.23
C05650,1,Champions,27.0,18.0,1653.57
C05651,4,Loyal Customers,93.0,6.0,462.61
C05652,4,Loyal Customers,192.0,8.0,1760.46
C05653,4,Loyal Customers,51.0,6.0,632.12
C05654,3,Dormant / Low Value,71.0,3.0,88.64
C05655,0,At Risk,357.0,3.0,266.88
C05656,1,Champions,16.0,18.0,904.12
C05657,2,Potential Loyalists,25.0,8.0,463.23
C05658,1,Champions,1.0,8.0,510.03
C05659,4,Loyal Customers,43.0,9.0,951.98
C05660,1,Champions,21.0,11.0,532.34
C05661,0,At Risk,120.0,5.0,384.17
C05662,4,Loyal Customers,89.0,8.0,502.02
C05663,3,Dormant / Low Value,182.0,1.0,25.57
C05664,0,At Risk,89.0,5.0,442.45
C05665,4,Loyal Customers,80.0,10.0,820.55
C05666,0,At Risk,131.0,6.0,375.04
C05667,1,Champions,25.0,15.0,1271.69
C05668,0,At Risk,162.0,7.0,217.84
C05669,1,Champions,22.0,14.0,940.84
C05670,4,Loyal Customers,59.0,7.0,413.14
C05671,4,Loyal Customers,148.0,11.0,1401.41
C05672,0,At Risk,280.0,5.0,358.17999999999995
C05673,2,Potential Loyalists,38.0,7.0,342.58
C05674,4,Loyal Customers,42.0,12.0,477.27
C05675,4,Loyal Customers,109.0,17.0,1461.94
C05676,0,At Risk,256.0,3.0,201.07
C05677,2,Potential Loyalists,16.0,5.0,275.53
C05678,1,Champions,3.0,8.0,1295.58
C05679,0,At Risk,151.0,5.0,283.47
C05680,1,Champions,25.0,16.0,1175.72
C05681,4,Loyal Customers,63.0,7.0,476.95
C05682,3,Dormant / Low Value,218.0,2.0,96.84
C05683,1,Champions,12.0,9.0,772.26
C05684,4,Loyal Customers,174.0,8.0,546.21
C05685,0,At Risk,129.0,3.0,128.98
C05686,0,At Risk,244.0,3.0,152.23
C05687,2,Potential Loyalists,43.0,3.0,232.8
C05688,4,Loyal Customers,143.0,10.0,456.97
C05689,2,Potential Loyalists,14.0,9.0,411.64
C05690,0,At Risk,189.0,6.0,258.36
C05691,1,Champions,14.0,10.0,703.33
C05692,4,Loyal Customers,77.0,9.0,1120.5
C05693,4,Loyal Customers,89.0,13.0,775.15
C05694,4,Loyal Customers,73.0,10.0,1908.43
C05695,-1,No Purchase,,0.0,0.0
C05696,0,At Risk,166.0,5.0,332.2
C05697,1,Champions,31.0,16.0,1347.85
C05698,4,Loyal Customers,124.0,14.0,1611.51
C05699,0,At Risk,72.0,4.0,438.19
C05700,4,Loyal Customers,152.0,8.0,839.63
C05701,0,At Risk,145.0,3.0,328.55
C05702,0,At Risk,105.0,5.0,337.61
C05703,4,Loyal Customers,154.0,10.0,364.45
C05704,1,Champions,9.0,10.0,914.2
C05705,4,Loyal Customers,60.0,8.0,645.95
C05706,4,Loyal Customers,120.0,19.0,1281.88
C05707,4,Loyal Customers,140.0,9.0,528.93
C05708,2,Potential Loyalists,5.0,5.0,307.88
C05709,4,Loyal Customers,61.0,13.0,1477.11
C05710,4,Loyal Customers,110.0,7.0,388.75
C05711,2,Potential Loyalists,45.0,3.0,306.89
C05712,3,Dormant / Low Value,310.0,1.0,10.52
C05713,1,Champions,38.0,12.0,1388.41
C05714,4,Loyal Customers,360.0,5.0,1364.9499999999998
C05715,3,Dormant / Low Value,592.0,2.0,144.29
C05716,4,Loyal Customers,69.0,11.0,984.18
C05717,3,Dormant / Low Value,539.0,1.0,178.82
C05718,-1,No Purchase,,0.0,0.0
C05719,0,At Risk,130.0,5.0,305.61
C05720,4,Loyal Customers,61.0,9.0,717.85
C05721,3,Dormant / Low Value,481.0,1.0,125.15
C05722,0,At Risk,79.0,4.0,242.51
C05723,1,Champions,17.0,15.0,2450.66
C05724,0,At Risk,257.0,4.0,175.4
C05725,1,Champions,42.0,16.0,1216.27
C05726,4,Loyal Customers,120.0,10.0,594.06
C05727,0,At Risk,368.0,5.0,185.13
C05728,4,Loyal Customers,120.0,14.0,689.91
C05729,0,At Risk,77.0,4.0,698.33
C05730,4,Loyal Customers,76.0,6.0,398.22
C05731,4,Loyal Customers,65.0,13.0,920.94
C05732,4,Loyal Customers,94.0,13.0,1104.08
C05733,4,Loyal Customers,75.0,15.0,1852.19
C05734,0,At Risk,86.0,5.0,208.87
C05735,3,Dormant / Low Value,297.0,2.0,137.62
C05736,0,At Risk,246.0,4.0,190.91
C05737,4,Loyal Customers,79.0,11.0,1118.14
C05738,4,Loyal Customers,59.0,19.0,1071.73
C05739,0,At Risk,148.0,6.0,418.01
C05740,4,Loyal Customers,103.0,10.0,448.86
C05741,0,At Risk,87.0,4.0,528.4200000000001
C05742,4,Loyal Customers,110.0,8.0,275.12
C05743,1,Champions,35.0,18.0,1436.71
C05744,4,Loyal Customers,45.0,10.0,378.52
C05745,3,Dormant / Low Value,691.0,1.0,24.14
C05746,3,Dormant / Low Value,336.0,1.0,9.7
C05747,3,Dormant / Low Value,544.0,1.0,58.96
C05748,0,At Risk,725.0,1.0,452.95
C05749,-1,No Purchase,,0.0,0.0
C05750,0,At Risk,65.0,2.0,172.44
C05751,0,At Risk,91.0,6.0,257.21
C05752,4,Loyal Customers,62.0,7.0,388.51
C05753,2,Potential Loyalists,6.0,7.0,242.52
C05754,0,At Risk,201.0,2.0,272.32
C05755,1,Champions,3.0,9.0,499.13
C05756,3,Dormant / Low Value,221.0,2.0,41.37
C05757,4,Loyal Customers,179.0,6.0,807.11
C05758,0,At Risk,414.0,5.0,414.21
C05759,0,At Risk,143.0,4.0,155.29000000000002
C05760,2,Potential Loyalists,26.0,5.0,161.34
C05761,1,Champions,50.0,18.0,947.93
C05762,2,Potential Loyalists,27.0,7.0,326.99
C05763,4,Loyal Customers,163.0,9.0,722.9100000000001
C05764,4,Loyal Customers,37.0,5.0,952.33
C05765,0,At Risk,99.0,4.0,132.45
C05766,2,Potential Loyalists,18.0,5.0,134.2
C05767,0,At Risk,303.0,6.0,491.36
C05768,1,Champions,20.0,13.0,2619.71
C05769,1,Champions,1.0,12.0,826.36
C05770,1,Champions,2.0,14.0,777.11
C05771,4,Loyal Customers,50.0,15.0,700.75
C05772,2,Potential Loyalists,17.0,4.0,141.53
C05773,2,Potential Loyalists,20.0,4.0,467.12
C05774,3,Dormant / Low Value,539.0,1.0,76.87
C05775,0,At Risk,223.0,4.0,148.42000000000002
C05776,4,Loyal Customers,167.0,10.0,423.52
C05777,0,At Risk,158.0,4.0,203.61
C05778,1,Champions,22.0,10.0,2071.31
C05779,3,Dormant / Low Value,600.0,1.0,81.0
C05780,0,At Risk,389.0,4.0,299.15
C05781,3,Dormant / Low Value,517.0,1.0,85.41
C05782,4,Loyal Customers,80.0,8.0,804.81
C05783,1,Champions,28.0,16.0,1221.51
C05784,4,Loyal Customers,117.0,11.0,541.94
C05785,1,Champions,29.0,11.0,1487.4
C05786,1,Champions,52.0,19.0,1455.7
C05787,4,Loyal Customers,154.0,9.0,403.02
C05788,1,Champions,11.0,13.0,1034.37
C05789,0,At Risk,192.0,7.0,357.44
C05790,1,Champions,5.0,14.0,292.27
C05791,4,Loyal Customers,45.0,10.0,591.74
C05792,2,Potential Loyalists,10.0,4.0,57.57
C05793,0,At Risk,302.0,5.0,172.55
C05794,4,Loyal Customers,36.0,11.0,888.1
C05795,4,Loyal Customers,57.0,10.0,988.53
C05796,0,At Risk,87.0,6.0,391.91
C05797,4,Loyal Customers,54.0,13.0,1099.36
C05798,4,Loyal Customers,57.0,7.0,435.14
C05799,0,At Risk,162.0,5.0,697.02
C05800,0,At Risk,69.0,4.0,398.17
C05801,3,Dormant / Low Value,532.0,3.0,117.84
C05802,1,Champions,7.0,12.0,613.51
C05803,2,Potential Loyalists,45.0,8.0,274.17
C05804,0,At Risk,146.0,2.0,179.94
C05805,4,Loyal Customers,90.0,8.0,1043.11
C05806,2,Potential Loyalists,35.0,9.0,341.06
C05807,4,Loyal Customers,94.0,12.0,552.8
C05808,3,Dormant / Low Value,119.0,2.0,98.4
C05809,1,Champions,22.0,9.0,608.46
C05810,4,Loyal Customers,93.0,9.0,518.6800000000001
C05811,0,At Risk,120.0,4.0,319.87999999999994
C05812,4,Loyal Customers,107.0,12.0,774.64
C05813,4,Loyal Customers,173.0,10.0,400.13
C05814,2,Potential Loyalists,12.0,8.0,532.52
C05815,1,Champions,1.0,10.0,353.59000000000003
C05816,4,Loyal Customers,180.0,9.0,436.17
C05817,0,At Risk,79.0,4.0,272.64
C05818,4,Loyal Customers,69.0,6.0,498.35
C05819,0,At Risk,68.0,3.0,163.43
C05820,4,Loyal Customers,225.0,8.0,843.9
C05821,1,Champions,38.0,12.0,1737.96
C05822,4,Loyal Customers,89.0,16.0,2212.57
C05823,3,Dormant / Low Value,324.0,2.0,92.1
C05824,0,At Risk,123.0,6.0,405.11
C05825,0,At Risk,525.0,3.0,401.22
C05826,4,Loyal Customers,44.0,9.0,515.54
C05827,3,Dormant / Low Value,23.0,1.0,17.8
C05828,0,At Risk,195.0,5.0,166.32
C05829,4,Loyal Customers,34.0,9.0,417.22
C05830,4,Loyal Customers,50.0,11.0,838.93
C05831,4,Loyal Customers,210.0,6.0,1197.36
C05832,0,At Risk,62.0,6.0,339.75
C05833,0,At Risk,280.0,4.0,112.95
C05834,2,Potential Loyalists,2.0,6.0,421.22
C05835,0,At Risk,172.0,4.0,223.05
C05836,1,Champions,22.0,13.0,918.43
C05837,4,Loyal Customers,120.0,7.0,770.02
C05838,3,Dormant / Low Value,112.0,2.0,51.31
C05839,2,Potential Loyalists,47.0,6.0,334.48
C05840,4,Loyal Customers,48.0,11.0,728.03
C05841,4,Loyal Customers,56.0,8.0,633.5699999999999
C05842,4,Loyal Customers,215.0,8.0,820.09
C05843,2,Potential Loyalists,17.0,6.0,320.14
C05844,0,At Risk,104.0,4.0,353.69
C05845,1,Champions,6.0,18.0,1416.45
C05846,1,Champions,56.0,27.0,2278.46
C05847,4,Loyal Customers,96.0,6.0,587.16
C05848,0,At Risk,125.0,3.0,554.0999999999999
C05849,2,Potential Loyalists,15.0,8.0,506.52
C05850,3,Dormant / Low Value,339.0,2.0,65.81
C05851,4,Loyal Customers,55.0,18.0,1197.67
C05852,2,Potential Loyalists,24.0,4.0,408.4
C05853,3,Dormant / Low Value,706.0,1.0,137.76
C05854,3,Dormant / Low Value,222.0,3.0,84.11
C05855,1,Champions,20.0,14.0,389.29
C05856,4,Loyal Customers,30.0,9.0,453.05
C05857,4,Loyal Customers,32.0,10.0,802.03
C05858,0,At Risk,367.0,2.0,204.4
C05859,3,Dormant / Low Value,172.0,2.0,152.03
C05860,0,At Risk,95.0,5.0,476.24
C05861,3,Dormant / Low Value,475.0,2.0,18.66
C05862,1,Champions,13.0,8.0,2323.17
C05863,4,Loyal Customers,91.0,6.0,949.72
C05864,4,Loyal Customers,80.0,9.0,383.06
C05865,4,Loyal Customers,105.0,10.0,809.4300000000001
C05866,4,Loyal Customers,34.0,10.0,488.62
C05867,1,Champions,9.0,14.0,1036.83
C05868,3,Dormant / Low Value,634.0,1.0,17.46
C05869,-1,No Purchase,,0.0,0.0
C05870,0,At Risk,250.0,8.0,280.89
C05871,3,Dormant / Low Value,602.0,2.0,74.0
C05872,3,Dormant / Low Value,119.0,3.0,81.01
C05873,3,Dormant / Low Value,44.0,2.0,74.0
C05874,3,Dormant / Low Value,224.0,3.0,107.0
C05875,0,At Risk,232.0,5.0,278.81
C05876,3,Dormant / Low Value,458.0,2.0,109.76
C05877,3,Dormant / Low Value,678.0,1.0,12.66
C05878,2,Potential Loyalists,30.0,5.0,108.65
C05879,3,Dormant / Low Value,267.0,3.0,107.94
C05880,2,Potential Loyalists,16.0,4.0,96.52
C05881,0,At Risk,229.0,3.0,199.95
C05882,4,Loyal Customers,78.0,7.0,513.23
C05883,3,Dormant / Low Value,617.0,2.0,92.24
C05884,0,At Risk,229.0,4.0,146.55
C05885,3,Dormant / Low Value,401.0,2.0,36.14
C05886,3,Dormant / Low Value,248.0,2.0,101.66
C05887,2,Potential Loyalists,3.0,3.0,130.38
C05888,2,Potential Loyalists,47.0,5.0,389.68
C05889,0,At Risk,177.0,3.0,217.31
C05890,-1,No Purchase,,0.0,0.0
C05891,0,At Risk,226.0,5.0,281.15
C05892,3,Dormant / Low Value,644.0,1.0,64.44
C05893,1,Champions,31.0,12.0,679.89
C05894,0,At Risk,89.0,4.0,550.49
C05895,0,At Risk,110.0,5.0,272.92
C05896,3,Dormant / Low Value,206.0,1.0,179.9
C05897,4,Loyal Customers,58.0,7.0,770.7
C05898,0,At Risk,98.0,6.0,303.87
C05899,0,At Risk,146.0,4.0,460.92
C05900,1,Champions,15.0,12.0,873.76
C05901,0,At Risk,86.0,3.0,161.8
C05902,3,Dormant / Low Value,221.0,1.0,91.39
C05903,1,Champions,37.0,12.0,1048.38
C05904,2,Potential Loyalists,43.0,7.0,197.53
C05905,1,Champions,64.0,14.0,4400.88
C05906,3,Dormant / Low Value,153.0,2.0,69.34
C05907,4,Loyal Customers,48.0,12.0,1876.89
C05908,0,At Risk,235.0,4.0,684.1
C05909,0,At Risk,337.0,3.0,409.31
C05910,3,Dormant / Low Value,141.0,2.0,129.97
C05911,0,At Risk,347.0,5.0,244.26
C05912,0,At Risk,262.0,6.0,300.75
C05913,4,Loyal Customers,134.0,6.0,914.76
C05914,0,At Risk,248.0,5.0,145.4
C05915,4,Loyal Customers,49.0,12.0,551.92
C05916,0,At Risk,96.0,3.0,283.12
C05917,1,Champions,23.0,9.0,552.14
C05918,1,Champions,5.0,16.0,1097.03
C05919,3,Dormant / Low Value,101.0,2.0,62.45
C05920,0,At Risk,178.0,6.0,327.85
C05921,3,Dormant / Low Value,344.0,2.0,128.68
C05922,1,Champions,1.0,16.0,1681.26
C05923,2,Potential Loyalists,20.0,8.0,501.93
C05924,4,Loyal Customers,139.0,10.0,438.78
C05925,3,Dormant / Low Value,167.0,3.0,83.06
C05926,4,Loyal Customers,321.0,8.0,631.08
C05927,1,Champions,17.0,16.0,675.09
C05928,4,Loyal Customers,74.0,20.0,1598.03
C05929,3,Dormant / Low Value,624.0,1.0,5.98
C05930,3,Dormant / Low Value,272.0,3.0,96.56
C05931,0,At Risk,383.0,3.0,217.1
C05932,2,Potential Loyalists,44.0,5.0,126.32
C05933,3,Dormant / Low Value,102.0,3.0,81.39
C05934,2,Potential Loyalists,7.0,4.0,125.64
C05935,1,Champions,32.0,12.0,1055.44
C05936,2,Potential Loyalists,8.0,4.0,217.58
C05937,3,Dormant / Low Value,226.0,2.0,45.38
C05938,0,At Risk,84.0,7.0,285.05
C05939,0,At Risk,82.0,6.0,222.24
C05940,4,Loyal Customers,67.0,7.0,507.96
C05941,4,Loyal Customers,47.0,5.0,711.79
C05942,3,Dormant / Low Value,30.0,2.0,66.44
C05943,4,Loyal Customers,77.0,14.0,1222.68
C05944,0,At Risk,445.0,2.0,230.01
C05945,3,Dormant / Low Value,383.0,2.0,92.59
C05946,2,Potential Loyalists,39.0,3.0,425.88
C05947,4,Loyal Customers,56.0,13.0,691.93
C05948,1,Champions,12.0,9.0,808.52
C05949,4,Loyal Customers,90.0,6.0,1202.34
C05950,4,Loyal Customers,43.0,11.0,1284.54
C05951,2,Potential Loyalists,16.0,5.0,423.3
C05952,0,At Risk,383.0,2.0,237.42
C05953,2,Potential Loyalists,1.0,5.0,211.38
C05954,4,Loyal Customers,41.0,8.0,608.56
C05955,0,At Risk,141.0,3.0,138.9
C05956,4,Loyal Customers,196.0,8.0,530.6500000000001
C05957,3,Dormant / Low Value,152.0,3.0,55.01
C05958,1,Champions,5.0,10.0,686.3
C05959,0,At Risk,136.0,7.0,289.77
C05960,0,At Risk,138.0,5.0,446.76
C05961,3,Dormant / Low Value,727.0,1.0,73.06
C05962,0,At Risk,136.0,5.0,527.03
C05963,0,At Risk,105.0,4.0,285.02
C05964,4,Loyal Customers,138.0,14.0,901.97
C05965,3,Dormant / Low Value,391.0,1.0,5.98
C05966,1,Champions,23.0,12.0,964.81
C05967,4,Loyal Customers,53.0,5.0,749.9200000000001
C05968,1,Champions,27.0,10.0,589.71
C05969,1,Champions,26.0,11.0,522.53
C05970,0,At Risk,250.0,6.0,516.97
C05971,3,Dormant / Low Value,409.0,1.0,86.37
C05972,4,Loyal Customers,156.0,8.0,759.24
C05973,3,Dormant / Low Value,263.0,1.0,111.03
C05974,3,Dormant / Low Value,186.0,1.0,61.29
C05975,0,At Risk,59.0,5.0,223.58
C05976,1,Champions,15.0,9.0,541.21
C05977,4,Loyal Customers,123.0,7.0,624.12
C05978,3,Dormant / Low Value,152.0,3.0,73.8
C05979,4,Loyal Customers,35.0,8.0,532.17
C05980,2,Potential Loyalists,13.0,5.0,54.77
C05981,4,Loyal Customers,48.0,9.0,407.72
C05982,0,At Risk,148.0,8.0,249.02
C05983,0,At Risk,402.0,4.0,579.0699999999999
C05984,4,Loyal Customers,42.0,12.0,589.84
C05985,2,Potential Loyalists,19.0,5.0,335.53
C05986,3,Dormant / Low Value,379.0,1.0,45.31
C05987,2,Potential Loyalists,50.0,6.0,300.25
C05988,3,Dormant / Low Value,295.0,1.0,28.66
C05989,0,At Risk,70.0,4.0,391.74
C05990,0,At Risk,139.0,2.0,287.17
C05991,4,Loyal Customers,121.0,12.0,472.71
C05992,-1,No Purchase,,0.0,0.0
C05993,1,Champions,1.0,22.0,2407.6
C05994,0,At Risk,199.0,6.0,581.9
C05995,1,Champions,26.0,11.0,768.85
C05996,0,At Risk,115.0,7.0,323.36
C05997,4,Loyal Customers,58.0,11.0,739.32
C05998,2,Potential Loyalists,53.0,5.0,375.49
C05999,0,At Risk,81.0,4.0,341.45
C06000,1,Champions,13.0,5.0,3343.6400000000003
C06001,4,Loyal Customers,107.0,6.0,836.67
C06002,4,Loyal Customers,196.0,6.0,1078.64
C06003,4,Loyal Customers,30.0,9.0,886.28
C06004,2,Potential Loyalists,43.0,6.0,536.41
C06005,4,Loyal Customers,316.0,11.0,983.69
C06006,1,Champions,26.0,10.0,1134.68
C06007,4,Loyal Customers,66.0,18.0,1268.38
C06008,4,Loyal Customers,34.0,9.0,588.26
C06009,4,Loyal Customers,56.0,14.0,603.23
C06010,1,Champions,15.0,8.0,599.56
C06011,0,At Risk,114.0,7.0,243.52
C06012,4,Loyal Customers,154.0,7.0,993.37
C06013,2,Potential Loyalists,28.0,8.0,133.73
C06014,2,Potential Loyalists,3.0,4.0,649.03
C06015,4,Loyal Customers,121.0,5.0,1107.9299999999998
C06016,3,Dormant / Low Value,172.0,2.0,71.89
C06017,1,Champions,24.0,13.0,1295.28
C06018,4,Loyal Customers,68.0,8.0,675.61
C06019,1,Champions,16.0,13.0,660.14
C06020,3,Dormant / Low Value,283.0,1.0,23.76
C06021,1,Champions,10.0,15.0,1414.12
C06022,4,Loyal Customers,129.0,6.0,678.12
C06023,4,Loyal Customers,71.0,13.0,549.06
C06024,0,At Risk,132.0,4.0,260.82
C06025,1,Champions,43.0,15.0,1479.3
C06026,3,Dormant / Low Value,700.0,2.0,120.62
C06027,3,Dormant / Low Value,593.0,1.0,29.54
C06028,4,Loyal Customers,105.0,8.0,709.67
C06029,3,Dormant / Low Value,136.0,2.0,65.39
C06030,2,Potential Loyalists,23.0,7.0,420.66
C06031,0,At Risk,134.0,4.0,118.36
C06032,0,At Risk,147.0,2.0,167.78
C06033,2,Potential Loyalists,47.0,6.0,199.89
C06034,3,Dormant / Low Value,244.0,1.0,75.6
C06035,1,Champions,27.0,14.0,830.21
C06036,1,Champions,25.0,15.0,1660.72
C06037,2,Potential Loyalists,5.0,3.0,165.54999999999998
C06038,0,At Risk,242.0,2.0,204.73
C06039,0,At Risk,283.0,5.0,181.55
C06040,2,Potential Loyalists,32.0,6.0,211.77
C06041,3,Dormant / Low Value,152.0,2.0,64.63
C06042,0,At Risk,101.0,4.0,306.58
C06043,-1,No Purchase,,0.0,0.0
C06044,1,Champions,13.0,11.0,931.34
C06045,0,At Risk,163.0,5.0,376.8
C06046,4,Loyal Customers,81.0,7.0,768.31
C06047,-1,No Purchase,,0.0,0.0
C06048,0,At Risk,212.0,3.0,135.01
C06049,4,Loyal Customers,109.0,9.0,383.68
C06050,4,Loyal Customers,261.0,9.0,359.36
C06051,0,At Risk,114.0,5.0,299.2
C06052,4,Loyal Customers,111.0,11.0,445.82
C06053,0,At Risk,209.0,4.0,192.42
C06054,3,Dormant / Low Value,419.0,2.0,135.20999999999998
C06055,0,At Risk,365.0,3.0,250.91
C06056,2,Potential Loyalists,39.0,4.0,130.84
C06057,0,At Risk,84.0,5.0,195.04
C06058,4,Loyal Customers,116.0,12.0,1405.83
C06059,1,Champions,16.0,18.0,2582.03
C06060,0,At Risk,68.0,3.0,366.76
C06061,0,At Risk,231.0,5.0,437.25
C06062,2,Potential Loyalists,31.0,3.0,286.77
C06063,0,At Risk,363.0,5.0,398.11
C06064,4,Loyal Customers,250.0,10.0,654.93
C06065,1,Champions,33.0,12.0,692.63
C06066,1,Champions,21.0,11.0,956.54
C06067,0,At Risk,196.0,4.0,327.79
C06068,0,At Risk,123.0,6.0,337.18
C06069,0,At Risk,283.0,4.0,109.19
C06070,4,Loyal Customers,124.0,15.0,1267.94
C06071,3,Dormant / Low Value,78.0,2.0,61.47
C06072,2,Potential Loyalists,7.0,7.0,362.24
C06073,0,At Risk,181.0,3.0,114.12
C06074,1,Champions,8.0,10.0,890.11
C06075,4,Loyal Customers,190.0,8.0,675.69
C06076,2,Potential Loyalists,11.0,8.0,475.06
C06077,0,At Risk,287.0,4.0,180.2
C06078,0,At Risk,168.0,5.0,313.4
C06079,1,Champions,30.0,14.0,1231.12
C06080,2,Potential Loyalists,5.0,2.0,451.9
C06081,0,At Risk,108.0,3.0,188.43
C06082,4,Loyal Customers,42.0,11.0,824.21
C06083,0,At Risk,66.0,4.0,348.27
C06084,-1,No Purchase,,0.0,0.0
C06085,1,Champions,22.0,8.0,649.88
C06086,1,Champions,3.0,10.0,739.1
C06087,0,At Risk,58.0,3.0,168.98
C06088,4,Loyal Customers,41.0,7.0,618.89
C06089,4,Loyal Customers,59.0,6.0,435.77
C06090,2,Potential Loyalists,13.0,3.0,161.79
C06091,0,At Risk,74.0,2.0,174.68
C06092,1,Champions,14.0,12.0,647.12
C06093,0,At Risk,61.0,6.0,155.73
C06094,-1,No Purchase,,0.0,0.0
C06095,1,Champions,5.0,13.0,518.19
C06096,3,Dormant / Low Value,443.0,2.0,87.17
C06097,2,Potential Loyalists,7.0,7.0,230.96
C06098,0,At Risk,170.0,4.0,314.21
C06099,3,Dormant / Low Value,603.0,2.0,186.03
C06100,0,At Risk,185.0,5.0,458.43
C06101,3,Dormant / Low Value,256.0,2.0,34.3
C06102,4,Loyal Customers,98.0,8.0,421.52
C06103,0,At Risk,214.0,7.0,243.17
C06104,4,Loyal Customers,248.0,9.0,543.54
C06105,2,Potential Loyalists,46.0,3.0,154.66
C06106,-1,No Purchase,,0.0,0.0
C06107,2,Potential Loyalists,5.0,2.0,495.71
C06108,0,At Risk,93.0,4.0,324.15
C06109,1,Champions,5.0,7.0,1284.16
C06110,3,Dormant / Low Value,119.0,2.0,67.17
C06111,4,Loyal Customers,43.0,12.0,1386.45
C06112,3,Dormant / Low Value,392.0,2.0,60.52
C06113,3,Dormant / Low Value,96.0,1.0,7.67
C06114,0,At Risk,64.0,5.0,391.73
C06115,1,Champions,8.0,9.0,707.98
C06116,4,Loyal Customers,214.0,10.0,775.27
C06117,0,At Risk,302.0,2.0,271.29
C06118,1,Champions,25.0,21.0,1384.48
C06119,0,At Risk,82.0,5.0,86.32
C06120,2,Potential Loyalists,36.0,4.0,376.11
C06121,0,At Risk,261.0,5.0,362.31
C06122,4,Loyal Customers,100.0,8.0,292.38
C06123,3,Dormant / Low Value,325.0,3.0,78.86
C06124,3,Dormant / Low Value,169.0,3.0,60.370000000000005
C06125,1,Champions,22.0,9.0,619.77
C06126,2,Potential Loyalists,3.0,4.0,686.09
C06127,2,Potential Loyalists,31.0,2.0,141.62
C06128,4,Loyal Customers,69.0,9.0,1272.26
C06129,0,At Risk,64.0,4.0,188.38
C06130,0,At Risk,74.0,5.0,183.54
C06131,0,At Risk,64.0,5.0,214.19
C06132,1,Champions,41.0,13.0,1567.73
C06133,0,At Risk,318.0,3.0,411.32
C06134,4,Loyal Customers,82.0,7.0,650.3
C06135,0,At Risk,511.0,3.0,180.83
C06136,-1,No Purchase,,0.0,0.0
C06137,0,At Risk,76.0,3.0,580.7
C06138,0,At Risk,94.0,4.0,313.03
C06139,0,At Risk,157.0,6.0,273.48
C06140,4,Loyal Customers,102.0,6.0,1017.04
C06141,0,At Risk,270.0,3.0,159.29
C06142,3,Dormant / Low Value,29.0,1.0,26.26
C06143,2,Potential Loyalists,18.0,7.0,170.94
C06144,0,At Risk,103.0,2.0,342.94
C06145,1,Champions,45.0,16.0,1308.74
C06146,2,Potential Loyalists,6.0,8.0,413.93
C06147,2,Potential Loyalists,11.0,6.0,379.88
C06148,1,Champions,46.0,22.0,2119.48
C06149,4,Loyal Customers,45.0,10.0,559.24
C06150,4,Loyal Customers,86.0,14.0,1319.5
C06151,1,Champions,29.0,10.0,875.11
C06152,0,At Risk,201.0,4.0,160.45000000000002
C06153,0,At Risk,121.0,3.0,336.56
C06154,4,Loyal Customers,143.0,11.0,662.5
C06155,3,Dormant / Low Value,302.0,2.0,57.41
C06156,4,Loyal Customers,103.0,7.0,530.27
C06157,3,Dormant / Low Value,407.0,2.0,78.71000000000001
C06158,0,At Risk,210.0,8.0,158.38
C06159,1,Champions,37.0,16.0,1409.16
C06160,4,Loyal Customers,47.0,6.0,578.77
C06161,0,At Risk,120.0,5.0,529.69
C06162,3,Dormant / Low Value,393.0,3.0,123.51
C06163,4,Loyal Customers,33.0,7.0,659.03
C06164,1,Champions,13.0,17.0,1458.42
C06165,0,At Risk,183.0,8.0,280.78
C06166,0,At Risk,110.0,3.0,168.76000000000002
C06167,0,At Risk,83.0,5.0,376.34
C06168,0,At Risk,125.0,6.0,411.22
C06169,4,Loyal Customers,143.0,11.0,1614.0300000000002
C06170,3,Dormant / Low Value,329.0,1.0,98.63
C06171,2,Potential Loyalists,19.0,7.0,358.43
C06172,2,Potential Loyalists,42.0,5.0,334.45
C06173,4,Loyal Customers,71.0,9.0,239.39
C06174,0,At Risk,68.0,7.0,217.95
C06175,3,Dormant / Low Value,291.0,1.0,105.0
C06176,1,Champions,8.0,8.0,2479.18
C06177,4,Loyal Customers,166.0,8.0,686.68
C06178,4,Loyal Customers,194.0,10.0,474.26
C06179,0,At Risk,354.0,4.0,346.25
C06180,2,Potential Loyalists,33.0,4.0,271.29
C06181,1,Champions,19.0,10.0,747.03
C06182,1,Champions,12.0,13.0,1050.86
C06183,2,Potential Loyalists,25.0,6.0,153.09
C06184,2,Potential Loyalists,20.0,3.0,158.77
C06185,1,Champions,17.0,12.0,440.02
C06186,4,Loyal Customers,54.0,13.0,572.73
C06187,0,At Risk,100.0,3.0,104.81
C06188,4,Loyal Customers,106.0,8.0,574.83
C06189,2,Potential Loyalists,5.0,4.0,446.05000000000007
C06190,4,Loyal Customers,56.0,11.0,707.22
C06191,3,Dormant / Low Value,604.0,1.0,12.7
C06192,3,Dormant / Low Value,504.0,2.0,182.53
C06193,0,At Risk,177.0,6.0,248.88
C06194,3,Dormant / Low Value,43.0,2.0,73.99000000000001
C06195,4,Loyal Customers,72.0,6.0,729.19
C06196,1,Champions,9.0,10.0,449.12
C06197,3,Dormant / Low Value,587.0,2.0,31.93
C06198,4,Loyal Customers,44.0,9.0,599.03
C06199,3,Dormant / Low Value,38.0,1.0,31.53
C06200,0,At Risk,264.0,6.0,153.26000000000002
C06201,2,Potential Loyalists,9.0,5.0,253.88
C06202,4,Loyal Customers,77.0,14.0,607.68
C06203,4,Loyal Customers,53.0,5.0,1510.31
C06204,0,At Risk,81.0,3.0,91.75
C06205,1,Champions,22.0,13.0,1556.33
C06206,0,At Risk,134.0,6.0,225.92
C06207,3,Dormant / Low Value,200.0,2.0,113.29
C06208,2,Potential Loyalists,57.0,5.0,357.85
C06209,0,At Risk,356.0,4.0,125.83
C06210,3,Dormant / Low Value,145.0,2.0,44.64
C06211,1,Champions,17.0,11.0,926.52
C06212,2,Potential Loyalists,40.0,7.0,202.47
C06213,4,Loyal Customers,215.0,5.0,988.8100000000002
C06214,3,Dormant / Low Value,652.0,1.0,99.58
C06215,2,Potential Loyalists,24.0,3.0,253.71
C06216,4,Loyal Customers,69.0,11.0,371.66
C06217,0,At Risk,233.0,4.0,175.48000000000002
C06218,3,Dormant / Low Value,375.0,2.0,112.93
C06219,2,Potential Loyalists,24.0,6.0,479.61
C06220,0,At Risk,100.0,6.0,369.45
C06221,3,Dormant / Low Value,56.0,2.0,56.01
C06222,2,Potential Loyalists,59.0,6.0,232.32
C06223,2,Potential Loyalists,36.0,5.0,277.24
C06224,4,Loyal Customers,128.0,10.0,563.1
C06225,3,Dormant / Low Value,111.0,3.0,84.06
C06226,0,At Risk,273.0,4.0,550.86
C06227,2,Potential Loyalists,38.0,7.0,297.32
C06228,2,Potential Loyalists,20.0,6.0,302.16
C06229,0,At Risk,157.0,7.0,306.72
C06230,1,Champions,45.0,18.0,959.24
C06231,2,Potential Loyalists,19.0,5.0,262.9
C06232,4,Loyal Customers,37.0,11.0,460.14
C06233,0,At Risk,241.0,3.0,182.22
C06234,1,Champions,26.0,9.0,779.95
C06235,2,Potential Loyalists,29.0,4.0,324.19
C06236,2,Potential Loyalists,27.0,1.0,817.68
C06237,4,Loyal Customers,204.0,21.0,1107.08
C06238,4,Loyal Customers,207.0,10.0,1459.62
C06239,2,Potential Loyalists,4.0,7.0,586.98
C06240,0,At Risk,155.0,4.0,424.54
C06241,0,At Risk,263.0,3.0,429.49
C06242,0,At Risk,435.0,5.0,1082.78
C06243,4,Loyal Customers,46.0,10.0,803.78
C06244,0,At Risk,147.0,4.0,298.48
C06245,0,At Risk,256.0,2.0,342.95
C06246,1,Champions,2.0,17.0,1144.48
C06247,3,Dormant / Low Value,411.0,2.0,38.98
C06248,0,At Risk,66.0,5.0,409.7
C06249,4,Loyal Customers,93.0,10.0,457.23
C06250,4,Loyal Customers,54.0,9.0,453.1
C06251,3,Dormant / Low Value,203.0,2.0,88.47999999999999
C06252,2,Potential Loyalists,7.0,6.0,512.41
C06253,1,Champions,15.0,11.0,954.91
C06254,1,Champions,38.0,19.0,1814.38
C06255,1,Champions,22.0,22.0,2313.68
C06256,4,Loyal Customers,85.0,9.0,1399.37
C06257,0,At Risk,182.0,3.0,358.15
C06258,4,Loyal Customers,62.0,7.0,475.53
C06259,3,Dormant / Low Value,91.0,2.0,53.05
C06260,1,Champions,9.0,17.0,1080.51
C06261,3,Dormant / Low Value,115.0,2.0,101.51
C06262,3,Dormant / Low Value,267.0,1.0,17.21
C06263,4,Loyal Customers,171.0,7.0,466.29
C06264,0,At Risk,281.0,6.0,390.38
C06265,4,Loyal Customers,159.0,10.0,568.12
C06266,0,At Risk,215.0,3.0,193.38
C06267,1,Champions,4.0,10.0,313.6
C06268,0,At Risk,80.0,5.0,417.54
C06269,3,Dormant / Low Value,59.0,2.0,85.59
C06270,-1,No Purchase,,0.0,0.0
C06271,0,At Risk,368.0,3.0,212.6
C06272,4,Loyal Customers,52.0,8.0,531.71
C06273,3,Dormant / Low Value,519.0,3.0,128.57999999999998
C06274,3,Dormant / Low Value,399.0,3.0,99.83
C06275,1,Champions,3.0,10.0,810.7900000000001
C06276,0,At Risk,319.0,5.0,421.58
C06277,4,Loyal Customers,70.0,20.0,1444.26
C06278,1,Champions,8.0,12.0,573.66
C06279,4,Loyal Customers,50.0,6.0,555.62
C06280,0,At Risk,435.0,7.0,354.58
C06281,-1,No Purchase,,0.0,0.0
C06282,2,Potential Loyalists,22.0,4.0,339.29
C06283,2,Potential Loyalists,33.0,3.0,79.17
C06284,4,Loyal Customers,138.0,16.0,1236.29
C06285,0,At Risk,291.0,5.0,348.90000000000003
C06286,4,Loyal Customers,315.0,7.0,729.87
C06287,3,Dormant / Low Value,105.0,1.0,34.78
C06288,2,Potential Loyalists,54.0,5.0,426.56
C06289,1,Champions,8.0,14.0,1247.68
C06290,4,Loyal Customers,172.0,12.0,647.32
C06291,4,Loyal Customers,71.0,19.0,1289.45
C06292,1,Champions,4.0,19.0,1372.01
C06293,-1,No Purchase,,0.0,0.0
C06294,0,At Risk,164.0,5.0,652.06
C06295,4,Loyal Customers,82.0,8.0,661.82
C06296,4,Loyal Customers,207.0,9.0,1049.63
C06297,0,At Risk,275.0,4.0,196.27
C06298,0,At Risk,86.0,2.0,559.85
C06299,0,At Risk,96.0,2.0,378.44
C06300,0,At Risk,391.0,3.0,465.78
C06301,1,Champions,19.0,14.0,999.25
C06302,4,Loyal Customers,118.0,8.0,409.93
C06303,3,Dormant / Low Value,186.0,2.0,98.48
C06304,4,Loyal Customers,61.0,9.0,554.06
C06305,0,At Risk,201.0,3.0,342.73
C06306,4,Loyal Customers,207.0,10.0,357.1
C06307,1,Champions,33.0,14.0,1551.06
C06308,2,Potential Loyalists,51.0,4.0,476.91
C06309,4,Loyal Customers,53.0,14.0,1098.45
C06310,4,Loyal Customers,132.0,6.0,681.08
C06311,1,Champions,3.0,12.0,898.6
C06312,-1,No Purchase,,0.0,0.0
C06313,2,Potential Loyalists,50.0,5.0,501.81
C06314,4,Loyal Customers,169.0,8.0,724.44
C06315,1,Champions,3.0,11.0,723.66
C06316,0,At Risk,159.0,7.0,265.34
C06317,1,Champions,2.0,14.0,1016.18
C06318,4,Loyal Customers,50.0,11.0,542.05
C06319,4,Loyal Customers,94.0,8.0,438.33
C06320,0,At Risk,140.0,5.0,242.4
C06321,0,At Risk,249.0,7.0,378.0
C06322,1,Champions,43.0,17.0,1499.51
C06323,3,Dormant / Low Value,144.0,3.0,92.78
C06324,1,Champions,41.0,11.0,1715.33
C06325,3,Dormant / Low Value,155.0,1.0,13.72
C06326,1,Champions,39.0,19.0,1176.04
C06327,1,Champions,28.0,10.0,1132.03
C06328,1,Champions,23.0,10.0,1355.67
C06329,3,Dormant / Low Value,150.0,1.0,41.75
C06330,4,Loyal Customers,236.0,9.0,759.15
C06331,-1,No Purchase,,0.0,0.0
C06332,1,Champions,12.0,13.0,1343.72
C06333,4,Loyal Customers,90.0,6.0,997.61
C06334,4,Loyal Customers,76.0,10.0,858.79
C06335,4,Loyal Customers,56.0,8.0,662.88
C06336,3,Dormant / Low Value,565.0,2.0,115.8
C06337,4,Loyal Customers,47.0,7.0,490.05
C06338,0,At Risk,254.0,4.0,415.29
C06339,1,Champions,23.0,16.0,628.52
C06340,4,Loyal Customers,57.0,13.0,563.39
C06341,1,Champions,19.0,16.0,1926.58
C06342,4,Loyal Customers,130.0,21.0,1361.91
C06343,4,Loyal Customers,102.0,6.0,1248.4
C06344,0,At Risk,300.0,3.0,185.89
C06345,2,Potential Loyalists,17.0,7.0,340.21
C06346,-1,No Purchase,,0.0,0.0
C06347,1,Champions,16.0,12.0,614.7
C06348,4,Loyal Customers,50.0,8.0,723.27
C06349,4,Loyal Customers,38.0,9.0,394.55
C06350,1,Champions,37.0,9.0,2079.67
C06351,1,Champions,2.0,15.0,892.5899999999999
C06352,2,Potential Loyalists,25.0,5.0,196.46
C06353,1,Champions,14.0,11.0,956.28
C06354,3,Dormant / Low Value,692.0,2.0,82.46000000000001
C06355,2,Potential Loyalists,32.0,8.0,455.87
C06356,4,Loyal Customers,58.0,8.0,1245.9
C06357,1,Champions,24.0,11.0,643.1800000000001
C06358,1,Champions,21.0,9.0,845.08
C06359,4,Loyal Customers,99.0,10.0,769.02
C06360,2,Potential Loyalists,34.0,6.0,404.56
C06361,0,At Risk,60.0,5.0,227.72
C06362,4,Loyal Customers,102.0,8.0,365.73
C06363,0,At Risk,151.0,6.0,404.41
C06364,4,Loyal Customers,87.0,10.0,1033.0
C06365,1,Champions,25.0,9.0,1077.15
C06366,0,At Risk,195.0,5.0,473.61
C06367,0,At Risk,317.0,4.0,105.03
C06368,0,At Risk,129.0,6.0,298.32
C06369,4,Loyal Customers,40.0,10.0,510.79
C06370,4,Loyal Customers,62.0,15.0,915.8
C06371,0,At Risk,344.0,5.0,240.83
C06372,-1,No Purchase,,0.0,0.0
C06373,4,Loyal Customers,58.0,14.0,810.22
C06374,0,At Risk,186.0,4.0,287.95
C06375,0,At Risk,134.0,4.0,303.8
C06376,0,At Risk,114.0,2.0,226.65
C06377,1,Champions,28.0,17.0,1116.47
C06378,3,Dormant / Low Value,480.0,1.0,60.14
C06379,0,At Risk,189.0,5.0,780.9
C06380,0,At Risk,83.0,7.0,268.39000000000004
C06381,4,Loyal Customers,126.0,20.0,1658.97
C06382,2,Potential Loyalists,30.0,8.0,457.93
C06383,4,Loyal Customers,44.0,10.0,772.24
C06384,-1,No Purchase,,0.0,0.0
C06385,1,Champions,8.0,13.0,1463.49
C06386,0,At Risk,157.0,3.0,222.11
C06387,4,Loyal Customers,63.0,6.0,546.41
C06388,3,Dormant / Low Value,333.0,3.0,88.84
C06389,2,Potential Loyalists,44.0,3.0,208.69
C06390,3,Dormant / Low Value,422.0,1.0,94.59
C06391,0,At Risk,101.0,7.0,276.44
C06392,0,At Risk,132.0,5.0,204.36
C06393,2,Potential Loyalists,47.0,5.0,536.54
C06394,4,Loyal Customers,76.0,6.0,640.87
C06395,1,Champions,14.0,15.0,1765.26
C06396,4,Loyal Customers,122.0,10.0,672.9399999999999
C06397,3,Dormant / Low Value,229.0,2.0,86.15
C06398,2,Potential Loyalists,46.0,6.0,228.5
C06399,1,Champions,25.0,13.0,1193.41
C06400,0,At Risk,94.0,4.0,165.05
C06401,2,Potential Loyalists,50.0,6.0,338.89
C06402,0,At Risk,366.0,3.0,395.73
C06403,2,Potential Loyalists,23.0,7.0,707.1899999999999
C06404,0,At Risk,72.0,5.0,287.19
C06405,4,Loyal Customers,132.0,11.0,696.62
C06406,3,Dormant / Low Value,244.0,2.0,153.18
C06407,2,Potential Loyalists,46.0,4.0,93.74
C06408,0,At Risk,159.0,3.0,199.11
C06409,4,Loyal Customers,78.0,6.0,558.25
C06410,2,Potential Loyalists,42.0,4.0,178.89
C06411,4,Loyal Customers,97.0,14.0,1452.79
C06412,0,At Risk,298.0,7.0,158.72
C06413,4,Loyal Customers,45.0,9.0,2054.25
C06414,0,At Risk,220.0,6.0,369.94
C06415,2,Potential Loyalists,2.0,3.0,384.76
C06416,1,Champions,3.0,11.0,1795.88
C06417,-1,No Purchase,,0.0,0.0
C06418,4,Loyal Customers,73.0,10.0,1102.43
C06419,2,Potential Loyalists,43.0,5.0,234.06
C06420,4,Loyal Customers,39.0,7.0,480.3
C06421,4,Loyal Customers,144.0,7.0,760.69
C06422,1,Champions,34.0,16.0,1152.75
C06423,1,Champions,18.0,13.0,1013.32
C06424,4,Loyal Customers,242.0,7.0,748.03
C06425,3,Dormant / Low Value,232.0,2.0,61.48
C06426,0,At Risk,347.0,3.0,293.27000000000004
C06427,2,Potential Loyalists,2.0,7.0,315.8
C06428,3,Dormant / Low Value,55.0,2.0,60.69
C06429,-1,No Purchase,,0.0,0.0
C06430,0,At Risk,106.0,6.0,101.05
C06431,2,Potential Loyalists,45.0,6.0,380.96
C06432,3,Dormant / Low Value,599.0,3.0,67.47
C06433,4,Loyal Customers,50.0,9.0,773.98
C06434,4,Loyal Customers,196.0,7.0,1529.13
C06435,1,Champions,31.0,9.0,1345.19
C06436,4,Loyal Customers,89.0,9.0,299.73
C06437,2,Potential Loyalists,37.0,7.0,398.95
C06438,1,Champions,7.0,14.0,1060.81
C06439,4,Loyal Customers,42.0,8.0,606.4
C06440,4,Loyal Customers,48.0,9.0,1207.9
C06441,1,Champions,37.0,13.0,953.72
C06442,1,Champions,16.0,12.0,1273.16
C06443,1,Champions,25.0,10.0,1299.11
C06444,3,Dormant / Low Value,181.0,3.0,104.38
C06445,0,At Risk,132.0,5.0,232.94
C06446,4,Loyal Customers,55.0,10.0,392.89
C06447,4,Loyal Customers,47.0,7.0,532.1600000000001
C06448,4,Loyal Customers,42.0,11.0,654.38
C06449,4,Loyal Customers,40.0,13.0,801.56
C06450,3,Dormant / Low Value,180.0,3.0,39.8
C06451,3,Dormant / Low Value,242.0,1.0,70.8
C06452,2,Potential Loyalists,6.0,4.0,170.22
C06453,3,Dormant / Low Value,353.0,1.0,118.74
C06454,4,Loyal Customers,97.0,10.0,620.88
C06455,1,Champions,26.0,13.0,1496.72
C06456,2,Potential Loyalists,5.0,7.0,240.92
C06457,1,Champions,17.0,8.0,771.25
C06458,4,Loyal Customers,39.0,10.0,392.59
C06459,4,Loyal Customers,242.0,10.0,994.96
C06460,4,Loyal Customers,130.0,5.0,1166.2
C06461,1,Champions,11.0,16.0,1809.89
C06462,4,Loyal Customers,176.0,13.0,1306.45
C06463,3,Dormant / Low Value,128.0,2.0,46.62
C06464,2,Potential Loyalists,36.0,5.0,233.02
C06465,4,Loyal Customers,74.0,16.0,769.4399999999999
C06466,3,Dormant / Low Value,259.0,2.0,23.11
C06467,4,Loyal Customers,208.0,8.0,474.61
C06468,3,Dormant / Low Value,344.0,2.0,57.35
C06469,4,Loyal Customers,58.0,14.0,1379.45
C06470,1,Champions,7.0,10.0,537.67
C06471,4,Loyal Customers,173.0,6.0,595.88
C06472,3,Dormant / Low Value,508.0,1.0,78.84
C06473,2,Potential Loyalists,52.0,5.0,347.2
C06474,3,Dormant / Low Value,302.0,3.0,91.54
C06475,0,At Risk,124.0,8.0,269.72
C06476,4,Loyal Customers,70.0,8.0,431.31
C06477,0,At Risk,122.0,5.0,431.67
C06478,0,At Risk,241.0,3.0,383.6
C06479,4,Loyal Customers,111.0,7.0,396.81
C06480,1,Champions,25.0,11.0,531.14
C06481,4,Loyal Customers,79.0,8.0,531.17
C06482,1,Champions,26.0,11.0,902.08
C06483,1,Champions,33.0,13.0,1382.54
C06484,3,Dormant / Low Value,47.0,1.0,13.15
C06485,1,Champions,8.0,19.0,1679.84
C06486,4,Loyal Customers,44.0,3.0,2200.2200000000003
C06487,2,Potential Loyalists,20.0,9.0,458.78
C06488,-1,No Purchase,,0.0,0.0
C06489,-1,No Purchase,,0.0,0.0
C06490,3,Dormant / Low Value,496.0,1.0,17.4
C06491,0,At Risk,172.0,6.0,539.85
C06492,1,Champions,18.0,10.0,1230.97
C06493,0,At Risk,102.0,4.0,223.14
C06494,1,Champions,27.0,12.0,1135.29
C06495,0,At Risk,78.0,4.0,176.79
C06496,2,Potential Loyalists,19.0,3.0,371.71
C06497,2,Potential Loyalists,11.0,5.0,287.72
C06498,0,At Risk,215.0,3.0,509.37
C06499,2,Potential Loyalists,7.0,7.0,324.86
C06500,1,Champions,25.0,20.0,2022.13
C06501,4,Loyal Customers,54.0,6.0,1252.6
C06502,0,At Risk,224.0,4.0,199.08
C06503,4,Loyal Customers,104.0,18.0,1079.9
C06504,4,Loyal Customers,102.0,9.0,636.19
C06505,4,Loyal Customers,79.0,7.0,759.37
C06506,1,Champions,41.0,15.0,843.87
C06507,0,At Risk,419.0,1.0,323.76
C06508,2,Potential Loyalists,22.0,4.0,250.25
C06509,2,Potential Loyalists,12.0,6.0,533.72
C06510,1,Champions,30.0,10.0,1202.71
C06511,0,At Risk,269.0,3.0,195.55
C06512,3,Dormant / Low Value,487.0,2.0,121.09
C06513,4,Loyal Customers,51.0,7.0,788.6
C06514,0,At Risk,161.0,4.0,142.85
C06515,0,At Risk,109.0,3.0,118.67
C06516,1,Champions,21.0,11.0,811.76
C06517,1,Champions,2.0,11.0,847.25
C06518,2,Potential Loyalists,35.0,4.0,206.49
C06519,0,At Risk,304.0,6.0,266.99
C06520,-1,No Purchase,,0.0,0.0
C06521,4,Loyal Customers,104.0,8.0,732.21
C06522,2,Potential Loyalists,32.0,5.0,267.17
C06523,3,Dormant / Low Value,726.0,1.0,19.03
C06524,2,Potential Loyalists,35.0,6.0,244.48
C06525,3,Dormant / Low Value,517.0,1.0,83.96
C06526,4,Loyal Customers,134.0,9.0,1206.76
C06527,-1,No Purchase,,0.0,0.0
C06528,4,Loyal Customers,253.0,8.0,985.29
C06529,0,At Risk,323.0,2.0,213.99
C06530,2,Potential Loyalists,29.0,3.0,174.55
C06531,-1,No Purchase,,0.0,0.0
C06532,4,Loyal Customers,34.0,9.0,584.68
C06533,4,Loyal Customers,105.0,7.0,862.09
C06534,0,At Risk,119.0,6.0,329.17
C06535,0,At Risk,67.0,5.0,403.08
C06536,2,Potential Loyalists,40.0,3.0,328.36
C06537,0,At Risk,164.0,4.0,387.21
C06538,2,Potential Loyalists,27.0,3.0,154.82
C06539,1,Champions,14.0,11.0,512.59
C06540,1,Champions,39.0,17.0,644.96
C06541,3,Dormant / Low Value,256.0,1.0,61.7
C06542,1,Champions,35.0,14.0,865.38
C06543,4,Loyal Customers,62.0,12.0,981.28
C06544,0,At Risk,75.0,3.0,199.98
C06545,4,Loyal Customers,68.0,11.0,531.45
C06546,0,At Risk,136.0,4.0,371.95
C06547,1,Champions,10.0,9.0,634.78
C06548,4,Loyal Customers,80.0,11.0,1193.77
C06549,0,At Risk,214.0,4.0,116.91
C06550,4,Loyal Customers,103.0,13.0,1007.85
C06551,0,At Risk,91.0,4.0,155.78
C06552,4,Loyal Customers,52.0,10.0,452.5
C06553,0,At Risk,124.0,3.0,131.13
C06554,-1,No Purchase,,0.0,0.0
C06555,3,Dormant / Low Value,94.0,2.0,86.03999999999999
C06556,1,Champions,8.0,12.0,755.74
C06557,0,At Risk,287.0,4.0,132.81
C06558,1,Champions,16.0,14.0,1124.3
C06559,0,At Risk,301.0,4.0,205.86
C06560,4,Loyal Customers,283.0,7.0,1189.92
C06561,0,At Risk,190.0,3.0,174.07
C06562,3,Dormant / Low Value,283.0,2.0,30.9
C06563,4,Loyal Customers,53.0,12.0,637.81
C06564,0,At Risk,187.0,6.0,215.46
C06565,4,Loyal Customers,82.0,9.0,688.2
C06566,0,At Risk,210.0,6.0,579.33
C06567,0,At Risk,109.0,3.0,817.7
C06568,0,At Risk,185.0,3.0,110.79
C06569,1,Champions,17.0,20.0,1726.29
C06570,4,Loyal Customers,181.0,10.0,726.04
C06571,0,At Risk,64.0,7.0,218.49
C06572,0,At Risk,371.0,5.0,857.7
C06573,1,Champions,7.0,9.0,500.73
C06574,0,At Risk,149.0,3.0,142.01
C06575,2,Potential Loyalists,9.0,6.0,320.28000000000003
C06576,0,At Risk,219.0,6.0,291.21000000000004
C06577,1,Champions,6.0,14.0,1241.57
C06578,3,Dormant / Low Value,394.0,1.0,13.79
C06579,-1,No Purchase,,0.0,0.0
C06580,0,At Risk,529.0,3.0,135.01
C06581,4,Loyal Customers,123.0,11.0,2327.86
C06582,4,Loyal Customers,196.0,8.0,581.99
C06583,0,At Risk,94.0,4.0,218.82
C06584,2,Potential Loyalists,42.0,5.0,216.08
C06585,2,Potential Loyalists,35.0,3.0,492.51
C06586,4,Loyal Customers,56.0,9.0,441.99
C06587,2,Potential Loyalists,29.0,2.0,197.95
C06588,4,Loyal Customers,47.0,13.0,1210.1
C06589,4,Loyal Customers,246.0,9.0,562.76
C06590,2,Potential Loyalists,12.0,5.0,377.65
C06591,4,Loyal Customers,32.0,10.0,575.48
C06592,0,At Risk,121.0,4.0,220.99
C06593,4,Loyal Customers,78.0,9.0,630.4399999999999
C06594,3,Dormant / Low Value,116.0,2.0,73.0
C06595,0,At Risk,58.0,4.0,338.23
C06596,0,At Risk,490.0,3.0,302.93
C06597,0,At Risk,132.0,2.0,148.72
C06598,0,At Risk,307.0,3.0,237.26
C06599,2,Potential Loyalists,33.0,9.0,314.32
C06600,0,At Risk,85.0,3.0,442.24
C06601,3,Dormant / Low Value,121.0,2.0,75.42999999999999
C06602,0,At Risk,291.0,2.0,214.37
C06603,0,At Risk,190.0,4.0,894.74
C06604,4,Loyal Customers,112.0,10.0,675.51
C06605,0,At Risk,252.0,4.0,205.25
C06606,1,Champions,25.0,17.0,1578.41
C06607,-1,No Purchase,,0.0,0.0
C06608,0,At Risk,123.0,5.0,304.33
C06609,3,Dormant / Low Value,277.0,1.0,245.37
C06610,2,Potential Loyalists,11.0,7.0,423.22
C06611,0,At Risk,122.0,3.0,296.48
C06612,1,Champions,3.0,9.0,421.27
C06613,0,At Risk,182.0,3.0,347.92
C06614,0,At Risk,603.0,1.0,705.45
C06615,3,Dormant / Low Value,217.0,2.0,63.18
C06616,4,Loyal Customers,35.0,10.0,429.9
C06617,1,Champions,13.0,10.0,1261.57
C06618,0,At Risk,227.0,4.0,204.65
C06619,3,Dormant / Low Value,257.0,2.0,38.74
C06620,4,Loyal Customers,184.0,7.0,633.22
C06621,0,At Risk,177.0,5.0,312.61
C06622,0,At Risk,265.0,3.0,150.25
C06623,0,At Risk,246.0,7.0,286.45
C06624,0,At Risk,212.0,6.0,425.87
C06625,1,Champions,31.0,18.0,1457.24
C06626,4,Loyal Customers,204.0,8.0,880.4000000000001
C06627,4,Loyal Customers,70.0,7.0,375.86
C06628,2,Potential Loyalists,3.0,3.0,55.05
C06629,4,Loyal Customers,80.0,13.0,982.18
C06630,1,Champions,17.0,9.0,537.21
C06631,0,At Risk,89.0,4.0,312.17999999999995
C06632,4,Loyal Customers,58.0,11.0,1684.05
C06633,0,At Risk,180.0,5.0,235.23
C06634,1,Champions,10.0,14.0,742.38
C06635,-1,No Purchase,,0.0,0.0
C06636,0,At Risk,398.0,3.0,173.01999999999998
C06637,0,At Risk,303.0,6.0,331.51
C06638,2,Potential Loyalists,20.0,8.0,436.67
C06639,4,Loyal Customers,87.0,8.0,392.41
C06640,0,At Risk,427.0,3.0,1630.04
C06641,1,Champions,4.0,7.0,716.75
C06642,-1,No Purchase,,0.0,0.0
C06643,0,At Risk,266.0,4.0,211.37
C06644,4,Loyal Customers,48.0,6.0,1618.8
C06645,0,At Risk,440.0,5.0,1142.63
C06646,3,Dormant / Low Value,193.0,1.0,146.47
C06647,3,Dormant / Low Value,373.0,1.0,56.21
C06648,1,Champions,8.0,18.0,1461.19
C06649,0,At Risk,322.0,5.0,309.94
C06650,2,Potential Loyalists,24.0,6.0,418.02
C06651,3,Dormant / Low Value,700.0,1.0,29.88
C06652,4,Loyal Customers,74.0,11.0,904.37
C06653,0,At Risk,153.0,4.0,273.5
C06654,2,Potential Loyalists,24.0,8.0,535.17
C06655,0,At Risk,61.0,3.0,182.23
C06656,-1,No Purchase,,0.0,0.0
C06657,3,Dormant / Low Value,556.0,1.0,275.52
C06658,4,Loyal Customers,35.0,8.0,654.53
C06659,3,Dormant / Low Value,397.0,1.0,12.66
C06660,0,At Risk,397.0,3.0,197.47
C06661,1,Champions,1.0,17.0,1494.14
C06662,2,Potential Loyalists,53.0,4.0,795.0999999999999
C06663,4,Loyal Customers,104.0,9.0,427.07
C06664,0,At Risk,370.0,3.0,344.98
C06665,4,Loyal Customers,94.0,13.0,1242.81
C06666,4,Loyal Customers,50.0,8.0,906.88
C06667,0,At Risk,298.0,5.0,691.14
C06668,2,Potential Loyalists,15.0,2.0,223.75
C06669,4,Loyal Customers,49.0,9.0,1341.39
C06670,4,Loyal Customers,43.0,9.0,680.87
C06671,2,Potential Loyalists,19.0,8.0,221.45
C06672,2,Potential Loyalists,18.0,3.0,114.16
C06673,0,At Risk,155.0,3.0,362.97
C06674,2,Potential Loyalists,20.0,4.0,482.2
C06675,3,Dormant / Low Value,481.0,1.0,29.54
C06676,0,At Risk,138.0,3.0,327.29
C06677,4,Loyal Customers,66.0,12.0,1458.06
C06678,3,Dormant / Low Value,96.0,2.0,81.11
C06679,0,At Risk,97.0,5.0,210.79
C06680,4,Loyal Customers,64.0,9.0,505.87
C06681,1,Champions,21.0,16.0,721.09
C06682,0,At Risk,101.0,3.0,328.24
C06683,1,Champions,3.0,14.0,658.13
C06684,0,At Risk,228.0,2.0,263.23
C06685,0,At Risk,64.0,3.0,228.92
C06686,4,Loyal Customers,91.0,14.0,679.21
C06687,4,Loyal Customers,56.0,17.0,1218.99
C06688,4,Loyal Customers,39.0,10.0,1182.23
C06689,2,Potential Loyalists,2.0,4.0,234.22000000000003
C06690,2,Potential Loyalists,28.0,7.0,430.93
C06691,2,Potential Loyalists,13.0,7.0,626.66
C06692,1,Champions,47.0,24.0,1622.1999999999998
C06693,0,At Risk,175.0,5.0,400.59
C06694,0,At Risk,291.0,5.0,271.56
C06695,3,Dormant / Low Value,289.0,2.0,156.23000000000002
C06696,0,At Risk,237.0,3.0,1585.37
C06697,0,At Risk,201.0,3.0,159.22
C06698,0,At Risk,66.0,7.0,206.6
C06699,4,Loyal Customers,125.0,9.0,606.64
C06700,3,Dormant / Low Value,263.0,2.0,122.02
C06701,4,Loyal Customers,118.0,9.0,319.24
C06702,0,At Risk,136.0,3.0,104.69
C06703,4,Loyal Customers,59.0,4.0,739.6
C06704,2,Potential Loyalists,36.0,7.0,327.59
C06705,0,At Risk,60.0,3.0,238.1
C06706,3,Dormant / Low Value,292.0,1.0,31.08
C06707,1,Champions,2.0,13.0,892.98
C06708,4,Loyal Customers,35.0,7.0,563.67
C06709,0,At Risk,220.0,5.0,212.57
C06710,0,At Risk,218.0,3.0,162.13
C06711,1,Champions,37.0,18.0,1925.91
C06712,0,At Risk,206.0,4.0,277.81
C06713,1,Champions,7.0,7.0,763.3
C06714,2,Potential Loyalists,12.0,6.0,192.77
C06715,1,Champions,15.0,12.0,1049.44
C06716,4,Loyal Customers,127.0,7.0,941.16
C06717,4,Loyal Customers,56.0,10.0,994.93
C06718,0,At Risk,59.0,5.0,155.9
C06719,1,Champions,22.0,15.0,1539.38
C06720,1,Champions,30.0,12.0,975.89
C06721,0,At Risk,104.0,4.0,429.55
C06722,4,Loyal Customers,79.0,6.0,875.8399999999999
C06723,3,Dormant / Low Value,517.0,1.0,22.12
C06724,0,At Risk,90.0,6.0,351.0
C06725,0,At Risk,281.0,4.0,206.31
C06726,3,Dormant / Low Value,501.0,1.0,7.34
C06727,0,At Risk,72.0,4.0,217.29
C06728,0,At Risk,79.0,4.0,281.31
C06729,0,At Risk,211.0,4.0,279.58
C06730,2,Potential Loyalists,50.0,6.0,321.86
C06731,0,At Risk,276.0,5.0,260.79
C06732,1,Champions,35.0,21.0,1663.18
C06733,4,Loyal Customers,110.0,7.0,379.34
C06734,0,At Risk,440.0,3.0,357.8
C06735,-1,No Purchase,,0.0,0.0
C06736,0,At Risk,70.0,4.0,646.69
C06737,1,Champions,6.0,9.0,720.54
C06738,1,Champions,3.0,7.0,629.82
C06739,3,Dormant / Low Value,360.0,2.0,20.4
C06740,4,Loyal Customers,129.0,12.0,2511.7
C06741,2,Potential Loyalists,41.0,5.0,225.88
C06742,0,At Risk,51.0,3.0,116.2
C06743,2,Potential Loyalists,46.0,6.0,259.78
C06744,3,Dormant / Low Value,103.0,2.0,131.24
C06745,3,Dormant / Low Value,102.0,2.0,69.78999999999999
C06746,4,Loyal Customers,65.0,8.0,1025.26
C06747,0,At Risk,121.0,6.0,460.47
C06748,4,Loyal Customers,103.0,10.0,405.22
C06749,1,Champions,21.0,12.0,491.85
C06750,0,At Risk,55.0,3.0,312.89
C06751,0,At Risk,296.0,3.0,219.81
C06752,4,Loyal Customers,61.0,10.0,774.46
C06753,1,Champions,53.0,18.0,1287.9
C06754,0,At Risk,190.0,7.0,317.04999999999995
C06755,-1,No Purchase,,0.0,0.0
C06756,4,Loyal Customers,41.0,8.0,487.58
C06757,1,Champions,20.0,13.0,482.88
C06758,4,Loyal Customers,54.0,6.0,497.45
C06759,3,Dormant / Low Value,338.0,3.0,101.75
C06760,3,Dormant / Low Value,143.0,3.0,52.89
C06761,4,Loyal Customers,126.0,12.0,1018.29
C06762,4,Loyal Customers,69.0,7.0,356.32
C06763,1,Champions,35.0,13.0,804.96
C06764,0,At Risk,164.0,5.0,196.88
C06765,4,Loyal Customers,94.0,8.0,423.18
C06766,1,Champions,15.0,14.0,491.64
C06767,0,At Risk,89.0,5.0,474.92
C06768,4,Loyal Customers,55.0,9.0,540.96
C06769,4,Loyal Customers,110.0,6.0,1643.62
C06770,4,Loyal Customers,191.0,8.0,470.38
C06771,4,Loyal Customers,76.0,14.0,1092.0700000000002
C06772,4,Loyal Customers,64.0,7.0,328.22
C06773,3,Dormant / Low Value,53.0,3.0,66.68
C06774,1,Champions,30.0,10.0,1088.18
C06775,3,Dormant / Low Value,322.0,2.0,90.31
C06776,1,Champions,17.0,8.0,845.26
C06777,0,At Risk,92.0,3.0,143.19
C06778,0,At Risk,60.0,5.0,235.99
C06779,4,Loyal Customers,132.0,8.0,484.06
C06780,4,Loyal Customers,53.0,10.0,383.08
C06781,1,Champions,2.0,7.0,708.57
C06782,0,At Risk,135.0,8.0,244.77
C06783,0,At Risk,96.0,5.0,273.18
C06784,4,Loyal Customers,127.0,12.0,956.06
C06785,0,At Risk,77.0,7.0,153.49
C06786,4,Loyal Customers,82.0,8.0,444.01
C06787,1,Champions,12.0,11.0,1252.03
C06788,4,Loyal Customers,157.0,9.0,281.29
C06789,4,Loyal Customers,125.0,9.0,514.9200000000001
C06790,2,Potential Loyalists,32.0,4.0,295.83000000000004
C06791,4,Loyal Customers,144.0,7.0,537.23
C06792,2,Potential Loyalists,18.0,10.0,384.21
C06793,4,Loyal Customers,126.0,6.0,491.72
C06794,2,Potential Loyalists,41.0,3.0,163.94
C06795,1,Champions,2.0,10.0,502.27
C06796,1,Champions,10.0,12.0,728.8199999999999
C06797,3,Dormant / Low Value,190.0,2.0,73.7
C06798,1,Champions,14.0,8.0,676.72
C06799,0,At Risk,101.0,4.0,255.06
C06800,4,Loyal Customers,52.0,6.0,908.48
C06801,4,Loyal Customers,145.0,14.0,788.4300000000001
C06802,2,Potential Loyalists,41.0,6.0,405.53
C06803,2,Potential Loyalists,12.0,3.0,88.52
C06804,2,Potential Loyalists,21.0,9.0,480.62
C06805,1,Champions,20.0,11.0,922.58
C06806,2,Potential Loyalists,16.0,5.0,1172.74
C06807,-1,No Purchase,,0.0,0.0
C06808,3,Dormant / Low Value,366.0,1.0,56.21
C06809,1,Champions,17.0,13.0,784.95
C06810,3,Dormant / Low Value,526.0,1.0,302.87
C06811,0,At Risk,80.0,4.0,277.55
C06812,2,Potential Loyalists,35.0,6.0,167.70999999999998
C06813,0,At Risk,240.0,5.0,302.56
C06814,0,At Risk,145.0,6.0,203.19
C06815,2,Potential Loyalists,32.0,4.0,372.13
C06816,2,Potential Loyalists,43.0,6.0,268.92
C06817,0,At Risk,170.0,3.0,570.12
C06818,3,Dormant / Low Value,388.0,2.0,151.83
C06819,3,Dormant / Low Value,411.0,2.0,54.68
C06820,4,Loyal Customers,45.0,9.0,874.2
C06821,1,Champions,2.0,18.0,2380.96
C06822,0,At Risk,101.0,4.0,467.59
C06823,3,Dormant / Low Value,75.0,1.0,23.86
C06824,2,Potential Loyalists,17.0,7.0,239.26
C06825,4,Loyal Customers,57.0,11.0,838.34
C06826,0,At Risk,245.0,6.0,290.48
C06827,4,Loyal Customers,141.0,13.0,1230.62
C06828,4,Loyal Customers,77.0,8.0,622.28
C06829,2,Potential Loyalists,22.0,7.0,335.37
C06830,4,Loyal Customers,101.0,8.0,542.25
C06831,0,At Risk,72.0,6.0,164.66
C06832,0,At Risk,136.0,4.0,155.78
C06833,-1,No Purchase,,0.0,0.0
C06834,0,At Risk,328.0,3.0,155.19
C06835,0,At Risk,143.0,5.0,143.81
C06836,2,Potential Loyalists,56.0,5.0,452.4500000000001
C06837,2,Potential Loyalists,30.0,7.0,536.74
C06838,0,At Risk,391.0,4.0,109.05
C06839,1,Champions,1.0,15.0,3852.02
C06840,4,Loyal Customers,50.0,7.0,3136.88
C06841,3,Dormant / Low Value,574.0,1.0,96.16
C06842,4,Loyal Customers,33.0,9.0,425.53
C06843,4,Loyal Customers,65.0,8.0,778.1
C06844,4,Loyal Customers,58.0,7.0,951.25
C06845,2,Potential Loyalists,23.0,2.0,416.47
C06846,0,At Risk,69.0,6.0,234.58
C06847,0,At Risk,68.0,4.0,187.11
C06848,-1,No Purchase,,0.0,0.0
C06849,3,Dormant / Low Value,453.0,1.0,20.74
C06850,-1,No Purchase,,0.0,0.0
C06851,4,Loyal Customers,102.0,7.0,601.86
C06852,4,Loyal Customers,218.0,7.0,558.7
C06853,0,At Risk,359.0,7.0,510.7000000000001
C06854,0,At Risk,79.0,4.0,328.3
C06855,2,Potential Loyalists,24.0,6.0,374.54
C06856,0,At Risk,135.0,3.0,256.68
C06857,0,At Risk,243.0,5.0,415.35
C06858,3,Dormant / Low Value,589.0,1.0,257.79
C06859,0,At Risk,161.0,4.0,440.56
C06860,2,Potential Loyalists,14.0,2.0,142.38
C06861,4,Loyal Customers,84.0,17.0,901.43
C06862,2,Potential Loyalists,26.0,5.0,264.72
C06863,2,Potential Loyalists,32.0,5.0,402.23
C06864,4,Loyal Customers,58.0,7.0,759.75
C06865,0,At Risk,67.0,4.0,242.45
C06866,1,Champions,12.0,8.0,620.0699999999999
C06867,3,Dormant / Low Value,547.0,1.0,75.31
C06868,0,At Risk,205.0,5.0,208.22000000000003
C06869,2,Potential Loyalists,30.0,3.0,52.36
C06870,4,Loyal Customers,77.0,11.0,558.54
C06871,2,Potential Loyalists,25.0,5.0,343.14
C06872,2,Potential Loyalists,19.0,2.0,93.1
C06873,1,Champions,1.0,11.0,813.58
C06874,1,Champions,2.0,8.0,627.84
C06875,4,Loyal Customers,102.0,8.0,1426.98
C06876,0,At Risk,60.0,6.0,172.41
C06877,0,At Risk,61.0,5.0,323.78000000000003
C06878,1,Champions,14.0,10.0,456.8
C06879,0,At Risk,60.0,3.0,386.48
C06880,3,Dormant / Low Value,134.0,3.0,89.97
C06881,1,Champions,15.0,12.0,500.52
C06882,4,Loyal Customers,68.0,6.0,431.1
C06883,4,Loyal Customers,301.0,7.0,695.28
C06884,1,Champions,26.0,19.0,3585.68
C06885,3,Dormant / Low Value,173.0,1.0,27.61
C06886,4,Loyal Customers,173.0,9.0,451.22
C06887,2,Potential Loyalists,52.0,5.0,324.04
C06888,4,Loyal Customers,185.0,8.0,485.04
C06889,0,At Risk,294.0,6.0,125.62
C06890,0,At Risk,182.0,6.0,328.6
C06891,4,Loyal Customers,28.0,8.0,657.5600000000001
C06892,0,At Risk,92.0,4.0,97.41
C06893,0,At Risk,447.0,3.0,256.85
C06894,0,At Risk,164.0,2.0,175.36
C06895,0,At Risk,193.0,5.0,293.46
C06896,1,Champions,34.0,19.0,1073.19
C06897,0,At Risk,307.0,5.0,101.48
C06898,3,Dormant / Low Value,263.0,1.0,84.88
C06899,1,Champions,28.0,23.0,1296.44
C06900,4,Loyal Customers,117.0,8.0,1217.69
C06901,4,Loyal Customers,110.0,8.0,282.32
C06902,4,Loyal Customers,329.0,8.0,582.87
C06903,3,Dormant / Low Value,251.0,1.0,34.1
C06904,0,At Risk,129.0,6.0,389.19
C06905,0,At Risk,171.0,6.0,333.82
C06906,4,Loyal Customers,57.0,8.0,324.5
C06907,4,Loyal Customers,108.0,8.0,1033.65
C06908,3,Dormant / Low Value,364.0,1.0,43.31
C06909,0,At Risk,182.0,7.0,430.43
C06910,1,Champions,10.0,13.0,417.64
C06911,4,Loyal Customers,145.0,10.0,545.69
C06912,0,At Risk,433.0,4.0,483.7
C06913,0,At Risk,69.0,5.0,221.02
C06914,1,Champions,3.0,15.0,647.5699999999999
C06915,4,Loyal Customers,124.0,14.0,879.25
C06916,2,Potential Loyalists,5.0,4.0,170.51999999999998
C06917,4,Loyal Customers,84.0,9.0,434.48
C06918,0,At Risk,59.0,3.0,192.59
C06919,2,Potential Loyalists,37.0,6.0,545.1600000000001
C06920,4,Loyal Customers,52.0,10.0,972.27
C06921,4,Loyal Customers,103.0,9.0,453.37
C06922,0,At Risk,289.0,5.0,264.9
C06923,4,Loyal Customers,115.0,7.0,706.9
C06924,3,Dormant / Low Value,404.0,3.0,63.83
C06925,3,Dormant / Low Value,227.0,2.0,39.11
C06926,0,At Risk,151.0,5.0,399.12
C06927,1,Champions,39.0,16.0,688.34
C06928,0,At Risk,170.0,5.0,247.2
C06929,3,Dormant / Low Value,163.0,2.0,67.13
C06930,0,At Risk,193.0,4.0,150.07
C06931,4,Loyal Customers,98.0,12.0,540.55
C06932,0,At Risk,192.0,4.0,303.31
C06933,4,Loyal Customers,196.0,7.0,514.4
C06934,2,Potential Loyalists,26.0,11.0,331.51
C06935,0,At Risk,146.0,7.0,387.72
C06936,1,Champions,3.0,16.0,880.7
C06937,2,Potential Loyalists,12.0,6.0,401.33
C06938,3,Dormant / Low Value,696.0,2.0,96.59
C06939,0,At Risk,66.0,5.0,196.53
C06940,4,Loyal Customers,37.0,9.0,432.58
C06941,0,At Risk,183.0,5.0,318.6
C06942,4,Loyal Customers,162.0,8.0,482.72
C06943,2,Potential Loyalists,24.0,7.0,436.05
C06944,0,At Risk,150.0,5.0,342.7
C06945,1,Champions,7.0,16.0,982.83
C06946,2,Potential Loyalists,33.0,9.0,300.64
C06947,4,Loyal Customers,98.0,11.0,492.56
C06948,4,Loyal Customers,56.0,10.0,735.52
C06949,1,Champions,39.0,17.0,1140.45
C06950,2,Potential Loyalists,22.0,6.0,495.55
C06951,3,Dormant / Low Value,371.0,1.0,28.38
C06952,0,At Risk,130.0,2.0,419.2
C06953,0,At Risk,258.0,6.0,365.06
C06954,1,Champions,26.0,13.0,925.45
C06955,0,At Risk,121.0,6.0,137.35
C06956,0,At Risk,77.0,5.0,126.51
C06957,4,Loyal Customers,83.0,6.0,540.74
C06958,0,At Risk,276.0,7.0,341.49
C06959,1,Champions,5.0,13.0,1012.2
C06960,4,Loyal Customers,42.0,12.0,581.27
C06961,0,At Risk,362.0,2.0,424.39
C06962,2,Potential Loyalists,34.0,4.0,180.45
C06963,0,At Risk,69.0,8.0,166.07
C06964,0,At Risk,120.0,4.0,373.71
C06965,0,At Risk,227.0,4.0,166.67
C06966,0,At Risk,172.0,6.0,299.62
C06967,0,At Risk,264.0,2.0,194.26
C06968,2,Potential Loyalists,46.0,5.0,301.31
C06969,2,Potential Loyalists,3.0,5.0,430.09
C06970,4,Loyal Customers,356.0,8.0,1394.5
C06971,0,At Risk,165.0,5.0,416.32
C06972,2,Potential Loyalists,12.0,4.0,139.4
C06973,3,Dormant / Low Value,443.0,1.0,9.36
C06974,0,At Risk,88.0,3.0,133.01999999999998
C06975,2,Potential Loyalists,59.0,5.0,450.56
C06976,2,Potential Loyalists,20.0,8.0,227.05
C06977,0,At Risk,75.0,3.0,359.02
C06978,1,Champions,29.0,10.0,644.93
C06979,4,Loyal Customers,53.0,6.0,832.6099999999999
C06980,2,Potential Loyalists,26.0,2.0,528.47
C06981,-1,No Purchase,,0.0,0.0
C06982,0,At Risk,77.0,7.0,117.09
C06983,0,At Risk,233.0,6.0,304.72
C06984,4,Loyal Customers,39.0,8.0,419.16
C06985,0,At Risk,304.0,4.0,203.85
C06986,4,Loyal Customers,64.0,9.0,402.34
C06987,3,Dormant / Low Value,125.0,2.0,51.45
C06988,3,Dormant / Low Value,354.0,3.0,36.46
C06989,3,Dormant / Low Value,558.0,1.0,5.87
C06990,2,Potential Loyalists,22.0,6.0,941.83
C06991,4,Loyal Customers,353.0,4.0,3167.34
C06992,4,Loyal Customers,72.0,13.0,794.61
C06993,0,At Risk,104.0,7.0,301.19
C06994,0,At Risk,199.0,6.0,131.78
C06995,4,Loyal Customers,46.0,11.0,1100.25
C06996,4,Loyal Customers,32.0,9.0,1061.29
C06997,1,Champions,16.0,8.0,738.9700000000001
C06998,1,Champions,51.0,20.0,1025.4
C06999,4,Loyal Customers,115.0,9.0,446.95
C07000,4,Loyal Customers,71.0,8.0,560.91
C07001,1,Champions,2.0,15.0,1012.17
C07002,2,Potential Loyalists,34.0,6.0,496.62
C07003,4,Loyal Customers,39.0,8.0,672.27
C07004,1,Champions,39.0,16.0,579.16
C07005,2,Potential Loyalists,8.0,8.0,483.27
C07006,2,Potential Loyalists,27.0,10.0,366.7
C07007,3,Dormant / Low Value,267.0,2.0,129.6
C07008,0,At Risk,316.0,4.0,185.42
C07009,4,Loyal Customers,103.0,6.0,698.23
C07010,3,Dormant / Low Value,144.0,2.0,107.62
C07011,-1,No Purchase,,0.0,0.0
C07012,0,At Risk,145.0,5.0,595.4300000000001
C07013,4,Loyal Customers,39.0,10.0,917.07
C07014,3,Dormant / Low Value,443.0,2.0,140.98000000000002
C07015,0,At Risk,94.0,2.0,576.4
C07016,0,At Risk,131.0,6.0,435.33
C07017,3,Dormant / Low Value,504.0,1.0,86.2
C07018,0,At Risk,74.0,4.0,400.76
C07019,4,Loyal Customers,135.0,7.0,424.46
C07020,3,Dormant / Low Value,215.0,2.0,51.72
C07021,-1,No Purchase,,0.0,0.0
C07022,4,Loyal Customers,35.0,8.0,555.89
C07023,2,Potential Loyalists,18.0,7.0,373.72
C07024,3,Dormant / Low Value,54.0,3.0,58.86
C07025,1,Champions,8.0,8.0,1134.85
C07026,1,Champions,1.0,14.0,1297.03
C07027,3,Dormant / Low Value,189.0,2.0,54.7
C07028,0,At Risk,80.0,5.0,163.31
C07029,1,Champions,2.0,19.0,1464.22
C07030,3,Dormant / Low Value,685.0,1.0,50.4
C07031,2,Potential Loyalists,22.0,6.0,218.35
C07032,0,At Risk,64.0,4.0,428.46
C07033,0,At Risk,307.0,3.0,124.81
C07034,3,Dormant / Low Value,280.0,1.0,93.25
C07035,4,Loyal Customers,262.0,7.0,1130.68
C07036,0,At Risk,159.0,4.0,367.57
C07037,4,Loyal Customers,54.0,8.0,1074.02
C07038,1,Champions,1.0,16.0,1001.02
C07039,1,Champions,40.0,18.0,1444.49
C07040,1,Champions,11.0,8.0,665.39
C07041,2,Potential Loyalists,14.0,3.0,47.16
C07042,3,Dormant / Low Value,147.0,1.0,33.55
C07043,3,Dormant / Low Value,695.0,1.0,69.38
C07044,3,Dormant / Low Value,214.0,1.0,41.59
C07045,3,Dormant / Low Value,215.0,1.0,37.35
C07046,4,Loyal Customers,64.0,12.0,518.4
C07047,0,At Risk,130.0,5.0,192.42
C07048,0,At Risk,256.0,7.0,350.3
C07049,0,At Risk,236.0,3.0,165.46
C07050,2,Potential Loyalists,5.0,2.0,42.34
C07051,0,At Risk,171.0,5.0,298.53
C07052,4,Loyal Customers,47.0,7.0,508.1
C07053,2,Potential Loyalists,46.0,5.0,119.73
C07054,4,Loyal Customers,29.0,7.0,826.98
C07055,4,Loyal Customers,142.0,8.0,410.17
C07056,4,Loyal Customers,92.0,13.0,2153.78
C07057,2,Potential Loyalists,38.0,6.0,159.34
C07058,0,At Risk,430.0,4.0,990.51
C07059,0,At Risk,418.0,4.0,351.09
C07060,2,Potential Loyalists,35.0,3.0,855.49
C07061,3,Dormant / Low Value,689.0,1.0,90.34
C07062,0,At Risk,105.0,6.0,335.8
C07063,0,At Risk,70.0,5.0,173.67
C07064,2,Potential Loyalists,5.0,6.0,504.86
C07065,4,Loyal Customers,151.0,9.0,691.68
C07066,4,Loyal Customers,48.0,7.0,766.2700000000001
C07067,4,Loyal Customers,55.0,11.0,532.22
C07068,2,Potential Loyalists,10.0,8.0,464.11
C07069,1,Champions,16.0,10.0,709.6800000000001
C07070,4,Loyal Customers,57.0,10.0,765.7800000000001
C07071,0,At Risk,516.0,4.0,161.69
C07072,4,Loyal Customers,114.0,7.0,1067.85
C07073,2,Potential Loyalists,19.0,6.0,179.98000000000002
C07074,1,Champions,33.0,10.0,1601.46
C07075,1,Champions,26.0,13.0,588.59
C07076,3,Dormant / Low Value,116.0,1.0,19.29
C07077,-1,No Purchase,,0.0,0.0
C07078,3,Dormant / Low Value,111.0,1.0,26.52
C07079,-1,No Purchase,,0.0,0.0
C07080,4,Loyal Customers,105.0,15.0,1223.68
C07081,4,Loyal Customers,118.0,9.0,541.6
C07082,4,Loyal Customers,86.0,10.0,687.92
C07083,0,At Risk,139.0,4.0,1013.64
C07084,1,Champions,30.0,13.0,1077.23
C07085,1,Champions,20.0,12.0,846.73
C07086,4,Loyal Customers,68.0,10.0,788.19
C07087,3,Dormant / Low Value,343.0,2.0,162.87
C07088,2,Potential Loyalists,9.0,4.0,411.83
C07089,1,Champions,11.0,10.0,889.11
C07090,4,Loyal Customers,64.0,7.0,810.94
C07091,3,Dormant / Low Value,264.0,2.0,64.27
C07092,1,Champions,14.0,13.0,875.8299999999999
C07093,0,At Risk,126.0,5.0,223.98
C07094,1,Champions,9.0,12.0,2472.54
C07095,0,At Risk,127.0,3.0,313.62
C07096,0,At Risk,88.0,5.0,201.26
C07097,0,At Risk,106.0,6.0,426.02
C07098,0,At Risk,79.0,3.0,483.92
C07099,2,Potential Loyalists,4.0,4.0,1063.9199999999998
C07100,4,Loyal Customers,135.0,9.0,1996.34
C07101,0,At Risk,151.0,4.0,509.4
C07102,0,At Risk,69.0,3.0,295.95
C07103,0,At Risk,484.0,3.0,736.05
C07104,2,Potential Loyalists,24.0,5.0,673.71
C07105,3,Dormant / Low Value,241.0,3.0,75.06
C07106,2,Potential Loyalists,10.0,7.0,573.52
C07107,0,At Risk,191.0,6.0,209.46
C07108,0,At Risk,186.0,3.0,249.3
C07109,3,Dormant / Low Value,445.0,1.0,32.94
C07110,3,Dormant / Low Value,507.0,2.0,77.61
C07111,0,At Risk,65.0,4.0,453.51
C07112,1,Champions,1.0,10.0,890.03
C07113,0,At Risk,229.0,5.0,242.27
C07114,4,Loyal Customers,151.0,17.0,966.97
C07115,1,Champions,32.0,18.0,900.9
C07116,0,At Risk,123.0,3.0,208.3
C07117,4,Loyal Customers,161.0,8.0,994.05
C07118,3,Dormant / Low Value,105.0,2.0,115.24
C07119,1,Champions,22.0,12.0,647.7900000000001
C07120,4,Loyal Customers,40.0,9.0,387.46
C07121,2,Potential Loyalists,15.0,4.0,255.49
C07122,3,Dormant / Low Value,249.0,1.0,32.03
C07123,1,Champions,11.0,11.0,1124.92
C07124,0,At Risk,198.0,2.0,371.64
C07125,0,At Risk,143.0,3.0,170.97
C07126,4,Loyal Customers,99.0,7.0,391.17
C07127,0,At Risk,137.0,6.0,283.33
C07128,1,Champions,26.0,15.0,1476.35
C07129,0,At Risk,79.0,4.0,95.92
C07130,2,Potential Loyalists,39.0,8.0,349.25
C07131,4,Loyal Customers,121.0,7.0,535.52
C07132,3,Dormant / Low Value,144.0,1.0,51.45
C07133,4,Loyal Customers,83.0,8.0,611.62
C07134,0,At Risk,161.0,4.0,313.09000000000003
C07135,0,At Risk,222.0,7.0,404.13
C07136,2,Potential Loyalists,25.0,7.0,408.06
C07137,0,At Risk,186.0,2.0,302.65
C07138,4,Loyal Customers,45.0,9.0,417.97
C07139,2,Potential Loyalists,7.0,6.0,545.4200000000001
C07140,0,At Risk,54.0,3.0,108.7
C07141,4,Loyal Customers,36.0,10.0,1245.96
C07142,4,Loyal Customers,174.0,13.0,1609.52
C07143,4,Loyal Customers,273.0,9.0,1055.04
C07144,1,Champions,28.0,18.0,904.05
C07145,4,Loyal Customers,101.0,8.0,345.36
C07146,0,At Risk,77.0,3.0,107.31
C07147,4,Loyal Customers,64.0,14.0,848.97
C07148,4,Loyal Customers,130.0,8.0,661.51
C07149,0,At Risk,72.0,5.0,204.17
C07150,4,Loyal Customers,97.0,8.0,1134.64
C07151,4,Loyal Customers,156.0,7.0,585.75
C07152,3,Dormant / Low Value,551.0,1.0,41.29
C07153,1,Champions,11.0,9.0,485.78
C07154,1,Champions,19.0,11.0,1215.17
C07155,4,Loyal Customers,48.0,12.0,998.93
C07156,1,Champions,42.0,21.0,1681.32
C07157,0,At Risk,82.0,4.0,589.8100000000001
C07158,0,At Risk,422.0,4.0,337.66
C07159,2,Potential Loyalists,36.0,3.0,69.78999999999999
C07160,1,Champions,7.0,7.0,915.87
C07161,3,Dormant / Low Value,493.0,1.0,27.14
C07162,0,At Risk,266.0,5.0,467.69
C07163,4,Loyal Customers,40.0,11.0,1077.58
C07164,2,Potential Loyalists,12.0,9.0,343.57
C07165,2,Potential Loyalists,29.0,6.0,796.32
C07166,4,Loyal Customers,112.0,8.0,413.44
C07167,0,At Risk,69.0,3.0,97.77
C07168,0,At Risk,202.0,5.0,200.61
C07169,0,At Risk,157.0,2.0,168.39
C07170,3,Dormant / Low Value,214.0,1.0,73.3
C07171,0,At Risk,124.0,5.0,286.29
C07172,4,Loyal Customers,117.0,7.0,371.3
C07173,4,Loyal Customers,57.0,8.0,602.92
C07174,4,Loyal Customers,55.0,9.0,609.75
C07175,0,At Risk,412.0,3.0,440.01
C07176,0,At Risk,91.0,4.0,124.49
C07177,-1,No Purchase,,0.0,0.0
C07178,4,Loyal Customers,55.0,14.0,1340.3200000000002
C07179,4,Loyal Customers,72.0,8.0,840.1
C07180,3,Dormant / Low Value,237.0,2.0,120.76
C07181,4,Loyal Customers,131.0,8.0,697.25
C07182,1,Champions,25.0,10.0,432.51
C07183,2,Potential Loyalists,25.0,7.0,410.53
C07184,4,Loyal Customers,57.0,4.0,1467.04
C07185,4,Loyal Customers,89.0,7.0,555.4300000000001
C07186,3,Dormant / Low Value,199.0,3.0,72.89
C07187,2,Potential Loyalists,59.0,6.0,326.55
C07188,0,At Risk,55.0,2.0,565.9
C07189,1,Champions,15.0,16.0,794.79
C07190,0,At Risk,343.0,4.0,227.91
C07191,3,Dormant / Low Value,247.0,2.0,23.77
C07192,4,Loyal Customers,87.0,6.0,631.91
C07193,0,At Risk,193.0,6.0,481.66
C07194,4,Loyal Customers,76.0,8.0,370.27
C07195,3,Dormant / Low Value,215.0,1.0,12.69
C07196,0,At Risk,107.0,5.0,177.75
C07197,1,Champions,9.0,17.0,972.3
C07198,4,Loyal Customers,128.0,13.0,506.79
C07199,4,Loyal Customers,53.0,14.0,937.94
C07200,2,Potential Loyalists,26.0,4.0,274.6
C07201,4,Loyal Customers,94.0,12.0,2922.69
C07202,0,At Risk,70.0,4.0,113.97
C07203,3,Dormant / Low Value,70.0,2.0,72.05000000000001
C07204,1,Champions,25.0,10.0,865.68
C07205,2,Potential Loyalists,4.0,6.0,404.96
C07206,0,At Risk,169.0,4.0,192.86
C07207,2,Potential Loyalists,45.0,4.0,397.16
C07208,3,Dormant / Low Value,24.0,1.0,63.98
C07209,0,At Risk,121.0,6.0,182.48
C07210,4,Loyal Customers,100.0,9.0,445.7
C07211,4,Loyal Customers,106.0,12.0,893.09
C07212,4,Loyal Customers,79.0,11.0,553.6
C07213,2,Potential Loyalists,24.0,6.0,614.05
C07214,1,Champions,2.0,13.0,676.8
C07215,0,At Risk,69.0,4.0,152.22
C07216,0,At Risk,423.0,5.0,655.9399999999999
C07217,0,At Risk,170.0,7.0,417.82
C07218,3,Dormant / Low Value,676.0,1.0,15.36
C07219,3,Dormant / Low Value,42.0,2.0,39.99
C07220,0,At Risk,293.0,5.0,145.85
C07221,0,At Risk,137.0,5.0,424.62
C07222,4,Loyal Customers,48.0,7.0,495.32
C07223,3,Dormant / Low Value,41.0,2.0,80.33
C07224,4,Loyal Customers,41.0,10.0,906.14
C07225,3,Dormant / Low Value,402.0,1.0,113.76
C07226,3,Dormant / Low Value,203.0,2.0,114.41
C07227,0,At Risk,285.0,6.0,365.87
C07228,0,At Risk,84.0,4.0,313.98
C07229,0,At Risk,85.0,3.0,252.83
C07230,1,Champions,21.0,6.0,1851.44
C07231,3,Dormant / Low Value,54.0,2.0,49.58
C07232,4,Loyal Customers,65.0,4.0,869.99
C07233,0,At Risk,119.0,6.0,441.09
C07234,0,At Risk,141.0,5.0,206.22
C07235,4,Loyal Customers,161.0,10.0,1166.79
C07236,1,Champions,31.0,13.0,1195.24
C07237,0,At Risk,562.0,1.0,640.83
C07238,1,Champions,5.0,12.0,993.28
C07239,4,Loyal Customers,182.0,10.0,820.29
C07240,3,Dormant / Low Value,372.0,2.0,127.69
C07241,3,Dormant / Low Value,59.0,1.0,4.03
C07242,4,Loyal Customers,125.0,8.0,521.46
C07243,1,Champions,7.0,11.0,823.1
C07244,0,At Risk,85.0,5.0,236.58
C07245,3,Dormant / Low Value,98.0,2.0,67.47
C07246,4,Loyal Customers,77.0,23.0,1581.4499999999998
C07247,-1,No Purchase,,0.0,0.0
C07248,4,Loyal Customers,53.0,10.0,385.64
C07249,1,Champions,14.0,10.0,981.11
C07250,0,At Risk,112.0,4.0,324.43
C07251,4,Loyal Customers,82.0,8.0,529.5
C07252,1,Champions,19.0,20.0,1794.36
C07253,0,At Risk,190.0,7.0,182.83
C07254,4,Loyal Customers,104.0,8.0,1666.86
C07255,2,Potential Loyalists,53.0,6.0,315.06
C07256,4,Loyal Customers,79.0,6.0,655.06
C07257,4,Loyal Customers,47.0,12.0,842.05
C07258,2,Potential Loyalists,40.0,7.0,275.67
C07259,0,At Risk,194.0,4.0,118.77
C07260,1,Champions,15.0,15.0,1367.52
C07261,4,Loyal Customers,77.0,8.0,539.19
C07262,1,Champions,24.0,10.0,785.8199999999999
C07263,0,At Risk,79.0,5.0,310.61
C07264,0,At Risk,258.0,3.0,216.8
C07265,3,Dormant / Low Value,462.0,1.0,9.44
C07266,2,Potential Loyalists,29.0,8.0,403.2
C07267,4,Loyal Customers,113.0,7.0,489.34
C07268,1,Champions,20.0,13.0,1166.0
C07269,2,Potential Loyalists,46.0,6.0,335.05
C07270,1,Champions,45.0,19.0,1061.03
C07271,1,Champions,10.0,16.0,1273.61
C07272,0,At Risk,169.0,4.0,338.07
C07273,3,Dormant / Low Value,418.0,2.0,158.42000000000002
C07274,1,Champions,16.0,9.0,587.05
C07275,1,Champions,13.0,10.0,668.9300000000001
C07276,0,At Risk,144.0,5.0,599.73
C07277,0,At Risk,273.0,4.0,244.84
C07278,0,At Risk,60.0,6.0,163.31
C07279,4,Loyal Customers,46.0,8.0,372.32
C07280,1,Champions,8.0,11.0,545.36
C07281,0,At Risk,131.0,4.0,115.25
C07282,3,Dormant / Low Value,635.0,2.0,186.55
C07283,3,Dormant / Low Value,297.0,2.0,58.1
C07284,1,Champions,27.0,16.0,774.36
C07285,4,Loyal Customers,74.0,13.0,1413.6
C07286,1,Champions,5.0,12.0,1283.01
C07287,0,At Risk,138.0,3.0,581.5
C07288,4,Loyal Customers,37.0,8.0,1891.11
C07289,0,At Risk,144.0,4.0,135.34
C07290,0,At Risk,107.0,3.0,264.58
C07291,3,Dormant / Low Value,203.0,1.0,64.44
C07292,4,Loyal Customers,298.0,9.0,910.85
C07293,0,At Risk,114.0,2.0,238.08
C07294,0,At Risk,128.0,6.0,291.53
C07295,-1,No Purchase,,0.0,0.0
C07296,4,Loyal Customers,69.0,8.0,255.36
C07297,3,Dormant / Low Value,176.0,1.0,154.14
C07298,1,Champions,52.0,20.0,1382.37
C07299,3,Dormant / Low Value,198.0,3.0,93.42
C07300,2,Potential Loyalists,36.0,5.0,465.6
C07301,4,Loyal Customers,109.0,10.0,945.79
C07302,1,Champions,9.0,12.0,1105.98
C07303,0,At Risk,113.0,5.0,347.17
C07304,1,Champions,2.0,8.0,762.78
C07305,4,Loyal Customers,188.0,9.0,851.88
C07306,0,At Risk,168.0,4.0,300.37
C07307,4,Loyal Customers,179.0,14.0,1648.0
C07308,4,Loyal Customers,238.0,6.0,679.19
C07309,2,Potential Loyalists,22.0,4.0,136.15
C07310,4,Loyal Customers,52.0,8.0,583.17
C07311,0,At Risk,76.0,4.0,268.26
C07312,4,Loyal Customers,105.0,9.0,924.82
C07313,4,Loyal Customers,33.0,9.0,497.51
C07314,4,Loyal Customers,81.0,8.0,400.16
C07315,4,Loyal Customers,259.0,4.0,2012.72
C07316,1,Champions,24.0,16.0,878.75
C07317,-1,No Purchase,,0.0,0.0
C07318,4,Loyal Customers,145.0,5.0,2109.17
C07319,1,Champions,9.0,11.0,1298.31
C07320,3,Dormant / Low Value,98.0,1.0,19.79
C07321,3,Dormant / Low Value,200.0,1.0,53.78
C07322,0,At Risk,177.0,6.0,384.01
C07323,1,Champions,1.0,15.0,1588.09
C07324,4,Loyal Customers,59.0,9.0,413.81
C07325,0,At Risk,120.0,5.0,411.83
C07326,0,At Risk,93.0,3.0,179.35
C07327,4,Loyal Customers,122.0,9.0,1136.07
C07328,0,At Risk,171.0,3.0,574.73
C07329,2,Potential Loyalists,26.0,3.0,68.42
C07330,2,Potential Loyalists,6.0,5.0,158.97
C07331,1,Champions,14.0,20.0,1003.82
C07332,4,Loyal Customers,255.0,7.0,568.55
C07333,4,Loyal Customers,135.0,8.0,358.5
C07334,0,At Risk,129.0,6.0,469.67
C07335,4,Loyal Customers,96.0,17.0,632.55
C07336,2,Potential Loyalists,61.0,6.0,333.75
C07337,0,At Risk,277.0,5.0,140.21
C07338,0,At Risk,317.0,3.0,173.08
C07339,1,Champions,22.0,10.0,497.27
C07340,0,At Risk,170.0,6.0,549.29
C07341,3,Dormant / Low Value,106.0,3.0,57.23
C07342,4,Loyal Customers,79.0,15.0,1062.49
C07343,0,At Risk,282.0,4.0,157.86
C07344,4,Loyal Customers,54.0,11.0,695.63
C07345,0,At Risk,156.0,5.0,202.37
C07346,4,Loyal Customers,83.0,7.0,306.49
C07347,4,Loyal Customers,73.0,8.0,705.2
C07348,3,Dormant / Low Value,566.0,1.0,134.04
C07349,2,Potential Loyalists,4.0,6.0,369.19
C07350,0,At Risk,66.0,4.0,114.04
C07351,0,At Risk,262.0,4.0,382.46
C07352,3,Dormant / Low Value,225.0,2.0,69.8
C07353,4,Loyal Customers,59.0,5.0,674.58
C07354,0,At Risk,379.0,4.0,1391.91
C07355,4,Loyal Customers,46.0,5.0,762.99
C07356,2,Potential Loyalists,39.0,4.0,822.9300000000001
C07357,0,At Risk,201.0,3.0,357.48
C07358,0,At Risk,267.0,3.0,176.81
C07359,1,Champions,11.0,11.0,1074.89
C07360,4,Loyal Customers,63.0,6.0,533.9499999999999
C07361,4,Loyal Customers,112.0,10.0,491.78
C07362,4,Loyal Customers,115.0,13.0,1201.89
C07363,4,Loyal Customers,97.0,13.0,839.76
C07364,3,Dormant / Low Value,82.0,3.0,50.06
C07365,2,Potential Loyalists,26.0,4.0,195.71
C07366,3,Dormant / Low Value,301.0,2.0,105.8
C07367,4,Loyal Customers,70.0,9.0,439.08
C07368,4,Loyal Customers,45.0,15.0,888.27
C07369,4,Loyal Customers,68.0,16.0,1503.79
C07370,0,At Risk,126.0,4.0,358.61
C07371,1,Champions,12.0,16.0,1197.0
C07372,1,Champions,6.0,7.0,816.7
C07373,4,Loyal Customers,64.0,11.0,923.4
C07374,2,Potential Loyalists,4.0,7.0,334.93
C07375,2,Potential Loyalists,16.0,8.0,297.85
C07376,3,Dormant / Low Value,272.0,1.0,4.81
C07377,3,Dormant / Low Value,706.0,1.0,22.45
C07378,0,At Risk,381.0,3.0,143.75
C07379,0,At Risk,169.0,5.0,294.33
C07380,2,Potential Loyalists,35.0,6.0,267.74
C07381,4,Loyal Customers,186.0,7.0,696.86
C07382,1,Champions,8.0,10.0,403.07
C07383,3,Dormant / Low Value,447.0,3.0,55.61
C07384,2,Potential Loyalists,37.0,2.0,149.01
C07385,4,Loyal Customers,63.0,14.0,1145.15
C07386,0,At Risk,207.0,7.0,353.31
C07387,-1,No Purchase,,0.0,0.0
C07388,0,At Risk,196.0,3.0,160.2
C07389,0,At Risk,86.0,3.0,234.62
C07390,3,Dormant / Low Value,586.0,2.0,134.78
C07391,3,Dormant / Low Value,143.0,2.0,100.75
C07392,-1,No Purchase,,0.0,0.0
C07393,2,Potential Loyalists,24.0,9.0,498.23
C07394,4,Loyal Customers,78.0,18.0,870.3
C07395,1,Champions,30.0,17.0,762.38
C07396,4,Loyal Customers,38.0,10.0,790.26
C07397,2,Potential Loyalists,42.0,3.0,246.6
C07398,3,Dormant / Low Value,107.0,1.0,32.93
C07399,4,Loyal Customers,167.0,11.0,1512.09
C07400,4,Loyal Customers,89.0,12.0,905.8
C07401,0,At Risk,56.0,4.0,181.21
C07402,4,Loyal Customers,75.0,9.0,427.69
C07403,1,Champions,25.0,11.0,1658.82
C07404,4,Loyal Customers,97.0,8.0,982.99
C07405,3,Dormant / Low Value,268.0,4.0,82.0
C07406,-1,No Purchase,,0.0,0.0
C07407,2,Potential Loyalists,7.0,6.0,359.08000000000004
C07408,0,At Risk,163.0,7.0,230.81
C07409,2,Potential Loyalists,13.0,3.0,236.0
C07410,4,Loyal Customers,120.0,16.0,2096.02
C07411,4,Loyal Customers,78.0,11.0,638.8
C07412,0,At Risk,123.0,3.0,150.43
C07413,0,At Risk,174.0,4.0,242.47
C07414,1,Champions,24.0,13.0,1409.69
C07415,4,Loyal Customers,31.0,12.0,485.16
C07416,-1,No Purchase,,0.0,0.0
C07417,1,Champions,3.0,16.0,588.54
C07418,0,At Risk,68.0,4.0,194.8
C07419,0,At Risk,52.0,3.0,299.77
C07420,2,Potential Loyalists,38.0,4.0,306.07
C07421,2,Potential Loyalists,18.0,4.0,589.48
C07422,0,At Risk,228.0,4.0,359.33
C07423,2,Potential Loyalists,19.0,9.0,388.06
C07424,4,Loyal Customers,69.0,12.0,487.65
C07425,-1,No Purchase,,0.0,0.0
C07426,-1,No Purchase,,0.0,0.0
C07427,2,Potential Loyalists,30.0,6.0,295.47
C07428,3,Dormant / Low Value,45.0,2.0,80.85
C07429,1,Champions,67.0,23.0,1800.77
C07430,4,Loyal Customers,156.0,12.0,655.36
C07431,1,Champions,4.0,11.0,707.99
C07432,4,Loyal Customers,159.0,9.0,401.27
C07433,2,Potential Loyalists,50.0,6.0,289.4
C07434,0,At Risk,215.0,6.0,544.52
C07435,4,Loyal Customers,87.0,10.0,799.24
C07436,0,At Risk,331.0,2.0,539.8299999999999
C07437,4,Loyal Customers,73.0,12.0,556.21
C07438,3,Dormant / Low Value,145.0,2.0,57.74
C07439,4,Loyal Customers,77.0,14.0,1026.84
C07440,1,Champions,22.0,19.0,1613.21
C07441,4,Loyal Customers,72.0,9.0,499.82
C07442,4,Loyal Customers,51.0,8.0,476.05
C07443,0,At Risk,109.0,2.0,160.7
C07444,3,Dormant / Low Value,278.0,2.0,92.68
C07445,4,Loyal Customers,53.0,13.0,1177.96
C07446,4,Loyal Customers,50.0,10.0,685.6700000000001
C07447,4,Loyal Customers,60.0,8.0,287.23
C07448,0,At Risk,243.0,5.0,726.47
C07449,1,Champions,8.0,9.0,598.26
C07450,2,Potential Loyalists,7.0,4.0,475.35
C07451,0,At Risk,107.0,5.0,93.86
C07452,0,At Risk,157.0,4.0,278.0
C07453,4,Loyal Customers,121.0,10.0,1701.48
C07454,3,Dormant / Low Value,487.0,2.0,51.66
C07455,2,Potential Loyalists,49.0,7.0,270.39
C07456,2,Potential Loyalists,32.0,4.0,411.44
C07457,4,Loyal Customers,139.0,11.0,797.4
C07458,0,At Risk,55.0,4.0,148.69
C07459,4,Loyal Customers,29.0,9.0,634.22
C07460,4,Loyal Customers,90.0,8.0,681.86
C07461,3,Dormant / Low Value,122.0,1.0,53.0
C07462,0,At Risk,321.0,3.0,348.61
C07463,1,Champions,20.0,15.0,1172.48
C07464,3,Dormant / Low Value,43.0,1.0,24.46
C07465,-1,No Purchase,,0.0,0.0
C07466,0,At Risk,250.0,4.0,295.62
C07467,2,Potential Loyalists,17.0,5.0,261.08
C07468,1,Champions,30.0,14.0,684.87
C07469,0,At Risk,71.0,6.0,337.49
C07470,3,Dormant / Low Value,295.0,2.0,70.45
C07471,4,Loyal Customers,53.0,14.0,963.55
C07472,0,At Risk,234.0,5.0,267.64
C07473,0,At Risk,148.0,6.0,232.64
C07474,4,Loyal Customers,47.0,8.0,898.54
C07475,2,Potential Loyalists,27.0,4.0,188.93
C07476,0,At Risk,110.0,6.0,269.12
C07477,0,At Risk,88.0,4.0,349.45000000000005
C07478,4,Loyal Customers,27.0,8.0,674.4499999999999
C07479,1,Champions,42.0,13.0,1275.75
C07480,0,At Risk,118.0,5.0,471.35
C07481,1,Champions,52.0,18.0,2665.1
C07482,0,At Risk,253.0,5.0,169.27
C07483,2,Potential Loyalists,2.0,6.0,404.99
C07484,3,Dormant / Low Value,377.0,2.0,148.79
C07485,4,Loyal Customers,197.0,9.0,447.96
C07486,3,Dormant / Low Value,365.0,1.0,7.34
C07487,0,At Risk,221.0,5.0,289.42
C07488,0,At Risk,131.0,3.0,237.0
C07489,-1,No Purchase,,0.0,0.0
C07490,1,Champions,24.0,14.0,927.93
C07491,3,Dormant / Low Value,240.0,1.0,12.34
C07492,4,Loyal Customers,79.0,10.0,579.76
C07493,0,At Risk,240.0,4.0,115.3
C07494,4,Loyal Customers,57.0,10.0,622.6899999999999
C07495,1,Champions,15.0,11.0,1357.49
C07496,3,Dormant / Low Value,78.0,2.0,64.46000000000001
C07497,1,Champions,27.0,13.0,1273.65
C07498,2,Potential Loyalists,19.0,6.0,534.66
C07499,3,Dormant / Low Value,357.0,2.0,62.36
C07500,0,At Risk,284.0,3.0,410.45
C07501,4,Loyal Customers,49.0,17.0,935.37
C07502,2,Potential Loyalists,30.0,4.0,825.5699999999999
C07503,4,Loyal Customers,212.0,8.0,412.63
C07504,4,Loyal Customers,63.0,8.0,300.95
C07505,2,Potential Loyalists,21.0,7.0,704.29
C07506,-1,No Purchase,,0.0,0.0
C07507,4,Loyal Customers,45.0,11.0,854.78
C07508,4,Loyal Customers,39.0,8.0,396.52
C07509,2,Potential Loyalists,31.0,5.0,767.93
C07510,0,At Risk,116.0,5.0,233.52
C07511,0,At Risk,58.0,4.0,87.06
C07512,0,At Risk,73.0,3.0,165.21
C07513,1,Champions,12.0,17.0,1217.37
C07514,0,At Risk,71.0,6.0,233.63
C07515,4,Loyal Customers,77.0,7.0,590.9200000000001
C07516,1,Champions,16.0,15.0,680.64
C07517,1,Champions,4.0,8.0,691.73
C07518,2,Potential Loyalists,37.0,4.0,267.66
C07519,4,Loyal Customers,53.0,9.0,369.41
C07520,0,At Risk,229.0,3.0,768.97
C07521,0,At Risk,79.0,4.0,101.06
C07522,4,Loyal Customers,47.0,10.0,579.61
C07523,-1,No Purchase,,0.0,0.0
C07524,0,At Risk,342.0,5.0,346.3
C07525,0,At Risk,204.0,2.0,180.1
C07526,4,Loyal Customers,49.0,12.0,1008.03
C07527,1,Champions,30.0,12.0,695.88
C07528,4,Loyal Customers,46.0,10.0,1154.31
C07529,0,At Risk,140.0,7.0,290.5
C07530,-1,No Purchase,,0.0,0.0
C07531,3,Dormant / Low Value,589.0,2.0,97.92
C07532,4,Loyal Customers,127.0,11.0,974.06
C07533,3,Dormant / Low Value,458.0,2.0,162.61
C07534,0,At Risk,109.0,4.0,232.72
C07535,3,Dormant / Low Value,199.0,2.0,31.66
C07536,4,Loyal Customers,50.0,6.0,654.47
C07537,4,Loyal Customers,44.0,7.0,1122.14
C07538,2,Potential Loyalists,38.0,4.0,489.47
C07539,0,At Risk,446.0,3.0,303.37
C07540,2,Potential Loyalists,11.0,8.0,404.81
C07541,3,Dormant / Low Value,280.0,3.0,84.25
C07542,1,Champions,1.0,13.0,717.09
C07543,0,At Risk,249.0,5.0,191.68
C07544,4,Loyal Customers,100.0,6.0,599.3199999999999
C07545,0,At Risk,98.0,4.0,176.09
C07546,4,Loyal Customers,44.0,11.0,890.24
C07547,-1,No Purchase,,0.0,0.0
C07548,0,At Risk,139.0,3.0,188.11
C07549,0,At Risk,281.0,3.0,422.21
C07550,4,Loyal Customers,59.0,15.0,1383.0
C07551,4,Loyal Customers,97.0,7.0,773.05
C07552,3,Dormant / Low Value,91.0,2.0,119.7
C07553,0,At Risk,327.0,2.0,214.54
C07554,1,Champions,2.0,14.0,7068.11
C07555,1,Champions,5.0,16.0,942.94
C07556,2,Potential Loyalists,10.0,5.0,704.42
C07557,0,At Risk,59.0,4.0,215.01
C07558,1,Champions,8.0,14.0,1155.96
C07559,1,Champions,26.0,16.0,976.43
C07560,1,Champions,30.0,17.0,1384.12
C07561,0,At Risk,322.0,7.0,254.78
C07562,0,At Risk,214.0,4.0,249.93
C07563,1,Champions,29.0,11.0,797.1
C07564,2,Potential Loyalists,6.0,2.0,83.53
C07565,4,Loyal Customers,105.0,14.0,1304.72
C07566,4,Loyal Customers,44.0,7.0,540.87
C07567,2,Potential Loyalists,49.0,4.0,101.59
C07568,1,Champions,13.0,13.0,920.34
C07569,3,Dormant / Low Value,672.0,1.0,197.49
C07570,4,Loyal Customers,53.0,11.0,1332.59
C07571,1,Champions,4.0,16.0,973.4
C07572,3,Dormant / Low Value,119.0,3.0,40.95
C07573,4,Loyal Customers,127.0,10.0,480.85
C07574,2,Potential Loyalists,2.0,5.0,282.51
C07575,0,At Risk,61.0,4.0,113.29
C07576,1,Champions,29.0,14.0,1498.25
C07577,3,Dormant / Low Value,568.0,1.0,31.98
C07578,3,Dormant / Low Value,441.0,1.0,24.25
C07579,0,At Risk,77.0,3.0,195.22
C07580,3,Dormant / Low Value,288.0,2.0,99.97
C07581,4,Loyal Customers,36.0,8.0,986.01
C07582,0,At Risk,524.0,3.0,405.9
C07583,0,At Risk,282.0,4.0,173.61
C07584,4,Loyal Customers,91.0,9.0,685.07
C07585,4,Loyal Customers,52.0,7.0,370.93
C07586,0,At Risk,77.0,3.0,360.75
C07587,3,Dormant / Low Value,123.0,3.0,57.82
C07588,0,At Risk,269.0,6.0,625.39
C07589,0,At Risk,337.0,5.0,410.96
C07590,0,At Risk,95.0,6.0,395.4
C07591,4,Loyal Customers,116.0,27.0,2129.14
C07592,4,Loyal Customers,66.0,16.0,933.63
C07593,2,Potential Loyalists,14.0,8.0,209.19
C07594,2,Potential Loyalists,17.0,2.0,78.69
C07595,4,Loyal Customers,125.0,18.0,1065.6
C07596,3,Dormant / Low Value,162.0,2.0,72.38
C07597,1,Champions,21.0,10.0,756.68
C07598,4,Loyal Customers,84.0,8.0,380.9
C07599,4,Loyal Customers,89.0,9.0,302.13
C07600,0,At Risk,249.0,3.0,451.22
C07601,3,Dormant / Low Value,273.0,1.0,192.56
C07602,1,Champions,11.0,15.0,1075.34
C07603,1,Champions,22.0,9.0,654.54
C07604,0,At Risk,282.0,8.0,378.9
C07605,-1,No Purchase,,0.0,0.0
C07606,4,Loyal Customers,38.0,10.0,1077.01
C07607,0,At Risk,219.0,4.0,172.57999999999998
C07608,1,Champions,2.0,7.0,1234.57
C07609,1,Champions,16.0,16.0,1017.76
C07610,1,Champions,4.0,11.0,932.17
C07611,1,Champions,29.0,11.0,1088.78
C07612,4,Loyal Customers,56.0,8.0,1486.06
C07613,1,Champions,7.0,7.0,734.95
C07614,0,At Risk,115.0,4.0,226.35
C07615,1,Champions,13.0,17.0,1066.59
C07616,3,Dormant / Low Value,659.0,1.0,75.31
C07617,1,Champions,12.0,10.0,785.1
C07618,1,Champions,22.0,12.0,548.62
C07619,4,Loyal Customers,94.0,11.0,785.49
C07620,2,Potential Loyalists,18.0,9.0,441.09
C07621,4,Loyal Customers,77.0,11.0,620.6
C07622,2,Potential Loyalists,18.0,5.0,316.16
C07623,3,Dormant / Low Value,312.0,1.0,42.41
C07624,2,Potential Loyalists,59.0,6.0,361.42
C07625,0,At Risk,333.0,4.0,194.37
C07626,1,Champions,19.0,16.0,1446.91
C07627,1,Champions,7.0,11.0,985.04
C07628,0,At Risk,288.0,6.0,339.33
C07629,4,Loyal Customers,131.0,7.0,936.45
C07630,1,Champions,17.0,9.0,1022.17
C07631,4,Loyal Customers,47.0,10.0,858.13
C07632,1,Champions,42.0,17.0,920.65
C07633,2,Potential Loyalists,56.0,7.0,234.96
C07634,0,At Risk,145.0,4.0,267.29
C07635,4,Loyal Customers,117.0,5.0,715.02
C07636,4,Loyal Customers,71.0,8.0,526.3399999999999
C07637,1,Champions,3.0,14.0,1329.57
C07638,1,Champions,4.0,10.0,845.6899999999999
C07639,4,Loyal Customers,244.0,6.0,1462.11
C07640,0,At Risk,146.0,6.0,418.34
C07641,1,Champions,45.0,22.0,2308.55
C07642,4,Loyal Customers,62.0,6.0,453.02
C07643,4,Loyal Customers,192.0,7.0,480.55
C07644,1,Champions,9.0,14.0,538.49
C07645,0,At Risk,562.0,3.0,168.82
C07646,0,At Risk,173.0,5.0,349.07
C07647,4,Loyal Customers,71.0,7.0,452.63
C07648,4,Loyal Customers,28.0,6.0,1172.82
C07649,1,Champions,6.0,12.0,1687.95
C07650,1,Champions,15.0,11.0,816.74
C07651,0,At Risk,111.0,4.0,522.03
C07652,2,Potential Loyalists,10.0,4.0,208.27
C07653,3,Dormant / Low Value,690.0,1.0,29.91
C07654,3,Dormant / Low Value,397.0,2.0,48.81
C07655,2,Potential Loyalists,41.0,6.0,264.8
C07656,4,Loyal Customers,68.0,10.0,539.24
C07657,4,Loyal Customers,63.0,8.0,271.84000000000003
C07658,1,Champions,8.0,6.0,999.63
C07659,0,At Risk,76.0,3.0,744.1800000000001
C07660,4,Loyal Customers,95.0,11.0,584.8
C07661,0,At Risk,131.0,2.0,220.46
C07662,1,Champions,5.0,11.0,1013.95
C07663,1,Champions,3.0,15.0,681.4399999999999
C07664,0,At Risk,383.0,4.0,178.49
C07665,0,At Risk,119.0,6.0,234.1
C07666,4,Loyal Customers,116.0,6.0,638.39
C07667,2,Potential Loyalists,20.0,7.0,700.6
C07668,4,Loyal Customers,55.0,5.0,566.55
C07669,1,Champions,19.0,9.0,617.33
C07670,3,Dormant / Low Value,113.0,2.0,80.59
C07671,4,Loyal Customers,61.0,8.0,460.06
C07672,1,Champions,5.0,14.0,725.52
C07673,1,Champions,23.0,13.0,1405.25
C07674,3,Dormant / Low Value,241.0,1.0,88.88
C07675,2,Potential Loyalists,46.0,6.0,265.8
C07676,2,Potential Loyalists,13.0,3.0,103.3
C07677,-1,No Purchase,,0.0,0.0
C07678,4,Loyal Customers,58.0,20.0,1174.46
C07679,3,Dormant / Low Value,48.0,1.0,48.14
C07680,3,Dormant / Low Value,251.0,3.0,107.33
C07681,1,Champions,2.0,8.0,1232.49
C07682,0,At Risk,56.0,3.0,161.89999999999998
C07683,4,Loyal Customers,60.0,19.0,1110.79
C07684,0,At Risk,417.0,1.0,423.7
C07685,2,Potential Loyalists,17.0,9.0,378.14
C07686,4,Loyal Customers,71.0,13.0,616.15
C07687,3,Dormant / Low Value,374.0,3.0,117.14
C07688,4,Loyal Customers,199.0,5.0,1617.22
C07689,4,Loyal Customers,125.0,8.0,501.54
C07690,2,Potential Loyalists,47.0,6.0,158.22
C07691,4,Loyal Customers,173.0,7.0,1274.88
C07692,4,Loyal Customers,44.0,11.0,1016.17
C07693,3,Dormant / Low Value,249.0,1.0,8.92
C07694,-1,No Purchase,,0.0,0.0
C07695,0,At Risk,147.0,5.0,83.69
C07696,0,At Risk,210.0,4.0,256.84000000000003
C07697,3,Dormant / Low Value,198.0,3.0,36.870000000000005
C07698,3,Dormant / Low Value,285.0,3.0,46.44
C07699,4,Loyal Customers,103.0,11.0,593.06
C07700,3,Dormant / Low Value,95.0,3.0,38.29
C07701,2,Potential Loyalists,16.0,5.0,302.46000000000004
C07702,4,Loyal Customers,91.0,10.0,769.6800000000001
C07703,4,Loyal Customers,181.0,6.0,1287.48
C07704,0,At Risk,68.0,3.0,360.73
C07705,4,Loyal Customers,90.0,5.0,684.35
C07706,0,At Risk,144.0,4.0,589.1
C07707,0,At Risk,256.0,4.0,87.63
C07708,4,Loyal Customers,149.0,5.0,1007.8
C07709,1,Champions,38.0,17.0,984.94
C07710,4,Loyal Customers,116.0,10.0,763.25
C07711,4,Loyal Customers,92.0,9.0,1254.3300000000002
C07712,1,Champions,17.0,11.0,839.91
C07713,-1,No Purchase,,0.0,0.0
C07714,0,At Risk,206.0,4.0,918.0
C07715,0,At Risk,521.0,2.0,277.8
C07716,2,Potential Loyalists,19.0,6.0,466.31
C07717,4,Loyal Customers,34.0,8.0,929.7
C07718,1,Champions,32.0,13.0,885.4399999999999
C07719,2,Potential Loyalists,38.0,6.0,229.4
C07720,3,Dormant / Low Value,196.0,2.0,118.67
C07721,4,Loyal Customers,98.0,12.0,1112.57
C07722,3,Dormant / Low Value,159.0,2.0,34.76
C07723,0,At Risk,112.0,7.0,235.56
C07724,1,Champions,11.0,24.0,779.86
C07725,4,Loyal Customers,125.0,9.0,678.51
C07726,3,Dormant / Low Value,171.0,1.0,95.62
C07727,0,At Risk,120.0,4.0,229.99
C07728,0,At Risk,119.0,5.0,426.89
C07729,3,Dormant / Low Value,91.0,1.0,28.96
C07730,2,Potential Loyalists,17.0,7.0,299.85
C07731,4,Loyal Customers,68.0,9.0,636.33
C07732,2,Potential Loyalists,6.0,6.0,658.05
C07733,0,At Risk,397.0,2.0,365.48
C07734,4,Loyal Customers,53.0,9.0,1186.0700000000002
C07735,0,At Risk,315.0,3.0,147.44
C07736,1,Champions,21.0,10.0,686.13
C07737,1,Champions,12.0,9.0,1236.0
C07738,0,At Risk,101.0,6.0,285.73
C07739,2,Potential Loyalists,24.0,10.0,343.76
C07740,4,Loyal Customers,82.0,9.0,415.66
C07741,4,Loyal Customers,39.0,12.0,967.07
C07742,1,Champions,4.0,12.0,1025.06
C07743,1,Champions,22.0,18.0,2684.21
C07744,0,At Risk,130.0,5.0,409.63
C07745,4,Loyal Customers,65.0,7.0,268.83
C07746,2,Potential Loyalists,30.0,3.0,123.41
C07747,0,At Risk,90.0,5.0,180.99
C07748,3,Dormant / Low Value,596.0,1.0,4.03
C07749,1,Champions,8.0,12.0,788.9300000000001
C07750,1,Champions,10.0,16.0,1568.84
C07751,4,Loyal Customers,73.0,7.0,710.9399999999999
C07752,1,Champions,10.0,16.0,1137.8300000000002
C07753,2,Potential Loyalists,41.0,7.0,295.41
C07754,2,Potential Loyalists,34.0,5.0,747.76
C07755,1,Champions,15.0,11.0,1291.05
C07756,3,Dormant / Low Value,301.0,3.0,95.94
C07757,0,At Risk,79.0,5.0,203.09
C07758,4,Loyal Customers,215.0,6.0,661.77
C07759,0,At Risk,66.0,6.0,144.16
C07760,0,At Risk,100.0,4.0,135.38
C07761,4,Loyal Customers,78.0,13.0,605.74
C07762,3,Dormant / Low Value,161.0,4.0,74.06
C07763,3,Dormant / Low Value,414.0,2.0,44.72
C07764,3,Dormant / Low Value,525.0,3.0,99.22
C07765,3,Dormant / Low Value,194.0,2.0,114.75
C07766,4,Loyal Customers,66.0,9.0,351.72
C07767,4,Loyal Customers,36.0,9.0,597.7900000000001
C07768,4,Loyal Customers,144.0,5.0,1614.82
C07769,4,Loyal Customers,176.0,7.0,606.14
C07770,3,Dormant / Low Value,283.0,3.0,79.78
C07771,3,Dormant / Low Value,44.0,1.0,42.0
C07772,2,Potential Loyalists,2.0,5.0,222.49
C07773,-1,No Purchase,,0.0,0.0
C07774,4,Loyal Customers,84.0,9.0,563.69
C07775,4,Loyal Customers,144.0,7.0,661.1899999999999
C07776,0,At Risk,341.0,3.0,147.84
C07777,4,Loyal Customers,96.0,17.0,1410.44
C07778,2,Potential Loyalists,6.0,3.0,449.18
C07779,4,Loyal Customers,87.0,7.0,513.29
C07780,4,Loyal Customers,166.0,9.0,355.02
C07781,0,At Risk,106.0,6.0,386.76
C07782,2,Potential Loyalists,41.0,6.0,156.36
C07783,3,Dormant / Low Value,556.0,3.0,104.3
C07784,0,At Risk,62.0,6.0,328.09
C07785,0,At Risk,216.0,3.0,638.78
C07786,2,Potential Loyalists,30.0,10.0,304.64
C07787,4,Loyal Customers,99.0,8.0,1546.4399999999998
C07788,3,Dormant / Low Value,149.0,3.0,89.50999999999999
C07789,0,At Risk,422.0,3.0,188.63
C07790,0,At Risk,94.0,7.0,149.97
C07791,4,Loyal Customers,249.0,9.0,634.2
C07792,0,At Risk,356.0,4.0,164.43
C07793,4,Loyal Customers,51.0,9.0,951.37
C07794,1,Champions,32.0,10.0,1099.01
C07795,4,Loyal Customers,104.0,8.0,352.01
C07796,3,Dormant / Low Value,371.0,1.0,55.96
C07797,1,Champions,46.0,24.0,3067.83
C07798,0,At Risk,295.0,4.0,395.15
C07799,3,Dormant / Low Value,542.0,1.0,40.24
C07800,0,At Risk,397.0,3.0,128.64
C07801,2,Potential Loyalists,39.0,6.0,503.04
C07802,1,Champions,1.0,8.0,986.58
C07803,0,At Risk,198.0,7.0,305.25
C07804,1,Champions,29.0,7.0,1689.29
C07805,4,Loyal Customers,84.0,10.0,981.64
C07806,1,Champions,5.0,14.0,945.94
C07807,2,Potential Loyalists,1.0,6.0,128.52
C07808,1,Champions,5.0,15.0,653.51
C07809,2,Potential Loyalists,35.0,5.0,573.61
C07810,3,Dormant / Low Value,45.0,2.0,55.76
C07811,4,Loyal Customers,117.0,8.0,757.61
C07812,4,Loyal Customers,51.0,12.0,988.85
C07813,2,Potential Loyalists,10.0,4.0,458.04
C07814,1,Champions,13.0,8.0,625.63
C07815,2,Potential Loyalists,15.0,6.0,609.77
C07816,4,Loyal Customers,67.0,7.0,591.1800000000001
C07817,0,At Risk,285.0,6.0,385.13
C07818,3,Dormant / Low Value,700.0,1.0,96.75
C07819,0,At Risk,70.0,3.0,170.25
C07820,4,Loyal Customers,26.0,10.0,418.48
C07821,2,Potential Loyalists,18.0,7.0,336.42
C07822,0,At Risk,139.0,4.0,232.65
C07823,4,Loyal Customers,297.0,5.0,1090.66
C07824,3,Dormant / Low Value,159.0,1.0,126.94
C07825,2,Potential Loyalists,35.0,5.0,555.56
C07826,1,Champions,13.0,10.0,965.58
C07827,0,At Risk,357.0,5.0,722.5500000000001
C07828,1,Champions,22.0,12.0,879.18
C07829,3,Dormant / Low Value,287.0,2.0,79.13
C07830,3,Dormant / Low Value,550.0,2.0,40.84
C07831,4,Loyal Customers,58.0,7.0,553.2
C07832,0,At Risk,142.0,3.0,296.85
C07833,4,Loyal Customers,69.0,8.0,301.18
C07834,4,Loyal Customers,301.0,7.0,880.02
C07835,4,Loyal Customers,112.0,9.0,528.12
C07836,3,Dormant / Low Value,610.0,1.0,133.18
C07837,4,Loyal Customers,60.0,12.0,742.37
C07838,4,Loyal Customers,42.0,9.0,1046.51
C07839,0,At Risk,153.0,5.0,685.24
C07840,1,Champions,15.0,20.0,1220.54
C07841,2,Potential Loyalists,6.0,3.0,208.43
C07842,2,Potential Loyalists,1.0,5.0,225.67
C07843,2,Potential Loyalists,7.0,7.0,447.13
C07844,2,Potential Loyalists,10.0,3.0,682.5600000000001
C07845,3,Dormant / Low Value,353.0,2.0,67.3
C07846,2,Potential Loyalists,16.0,6.0,438.49
C07847,2,Potential Loyalists,20.0,5.0,937.56
C07848,2,Potential Loyalists,9.0,7.0,334.72
C07849,0,At Risk,270.0,3.0,352.38
C07850,0,At Risk,92.0,4.0,236.23
C07851,4,Loyal Customers,59.0,6.0,439.39
C07852,4,Loyal Customers,80.0,10.0,688.11
C07853,4,Loyal Customers,69.0,9.0,453.18
C07854,0,At Risk,81.0,5.0,258.49
C07855,1,Champions,24.0,17.0,1411.62
C07856,0,At Risk,264.0,4.0,182.75
C07857,3,Dormant / Low Value,101.0,2.0,105.36
C07858,4,Loyal Customers,68.0,14.0,701.1500000000001
C07859,2,Potential Loyalists,50.0,4.0,629.32
C07860,0,At Risk,173.0,6.0,281.42
C07861,0,At Risk,156.0,6.0,232.71
C07862,3,Dormant / Low Value,729.0,1.0,196.18
C07863,3,Dormant / Low Value,84.0,3.0,59.7
C07864,1,Champions,15.0,12.0,712.51
C07865,2,Potential Loyalists,3.0,5.0,433.69
C07866,2,Potential Loyalists,29.0,4.0,886.96
C07867,0,At Risk,132.0,5.0,584.44
C07868,0,At Risk,206.0,4.0,323.75
C07869,0,At Risk,383.0,6.0,458.09
C07870,3,Dormant / Low Value,710.0,1.0,23.86
C07871,3,Dormant / Low Value,658.0,2.0,167.77
C07872,0,At Risk,72.0,4.0,211.32
C07873,0,At Risk,170.0,5.0,512.89
C07874,3,Dormant / Low Value,439.0,2.0,39.38
C07875,0,At Risk,125.0,6.0,339.32
C07876,0,At Risk,116.0,8.0,252.93
C07877,1,Champions,33.0,11.0,1160.92
C07878,3,Dormant / Low Value,85.0,3.0,48.26
C07879,1,Champions,4.0,18.0,2433.88
C07880,3,Dormant / Low Value,158.0,1.0,44.34
C07881,0,At Risk,74.0,1.0,579.9
C07882,2,Potential Loyalists,12.0,9.0,419.47
C07883,4,Loyal Customers,64.0,10.0,1216.47
C07884,2,Potential Loyalists,13.0,3.0,402.34
C07885,0,At Risk,281.0,5.0,276.33000000000004
C07886,3,Dormant / Low Value,349.0,1.0,117.38
C07887,3,Dormant / Low Value,254.0,3.0,37.46
C07888,4,Loyal Customers,132.0,8.0,585.95
C07889,2,Potential Loyalists,12.0,8.0,264.4
C07890,0,At Risk,243.0,5.0,769.8000000000001
C07891,4,Loyal Customers,170.0,12.0,921.78
C07892,2,Potential Loyalists,56.0,6.0,369.49
C07893,0,At Risk,194.0,3.0,191.08
C07894,0,At Risk,266.0,7.0,458.66
C07895,4,Loyal Customers,108.0,12.0,792.35
C07896,0,At Risk,216.0,5.0,108.6
C07897,3,Dormant / Low Value,350.0,2.0,34.26
C07898,3,Dormant / Low Value,25.0,2.0,20.53
C07899,4,Loyal Customers,67.0,9.0,774.1600000000001
C07900,2,Potential Loyalists,8.0,6.0,277.2
C07901,4,Loyal Customers,114.0,8.0,382.38
C07902,1,Champions,2.0,10.0,1202.94
C07903,1,Champions,5.0,15.0,982.37
C07904,-1,No Purchase,,0.0,0.0
C07905,0,At Risk,124.0,4.0,242.95
C07906,0,At Risk,117.0,3.0,311.8
C07907,1,Champions,19.0,10.0,659.66
C07908,2,Potential Loyalists,48.0,5.0,313.51
C07909,0,At Risk,134.0,6.0,289.81
C07910,3,Dormant / Low Value,226.0,1.0,42.64
C07911,0,At Risk,363.0,4.0,170.04
C07912,0,At Risk,181.0,5.0,458.69999999999993
C07913,1,Champions,23.0,20.0,1437.13
C07914,4,Loyal Customers,153.0,9.0,619.9300000000001
C07915,3,Dormant / Low Value,191.0,1.0,11.45
C07916,4,Loyal Customers,45.0,15.0,858.75
C07917,3,Dormant / Low Value,317.0,2.0,40.22
C07918,1,Champions,45.0,20.0,1614.26
C07919,0,At Risk,294.0,6.0,398.33
C07920,1,Champions,13.0,12.0,1542.85
C07921,4,Loyal Customers,63.0,10.0,884.24
C07922,4,Loyal Customers,99.0,13.0,925.52
C07923,4,Loyal Customers,140.0,8.0,439.81
C07924,4,Loyal Customers,231.0,12.0,2683.34
C07925,0,At Risk,190.0,3.0,126.71
C07926,0,At Risk,60.0,5.0,328.66
C07927,4,Loyal Customers,52.0,10.0,984.97
C07928,1,Champions,29.0,7.0,2026.33
C07929,4,Loyal Customers,172.0,12.0,1463.82
C07930,2,Potential Loyalists,11.0,6.0,406.42
C07931,0,At Risk,61.0,5.0,351.12
C07932,0,At Risk,175.0,5.0,370.42
C07933,3,Dormant / Low Value,489.0,1.0,48.02
C07934,0,At Risk,202.0,6.0,494.41
C07935,4,Loyal Customers,37.0,9.0,513.1600000000001
C07936,2,Potential Loyalists,15.0,7.0,189.73
C07937,0,At Risk,251.0,3.0,269.38
C07938,3,Dormant / Low Value,222.0,2.0,44.81
C07939,4,Loyal Customers,92.0,7.0,472.61
C07940,3,Dormant / Low Value,703.0,1.0,12.34
C07941,4,Loyal Customers,68.0,8.0,421.92
C07942,1,Champions,1.0,16.0,1184.52
C07943,0,At Risk,166.0,5.0,248.5
C07944,4,Loyal Customers,152.0,7.0,567.33
C07945,2,Potential Loyalists,31.0,4.0,127.47
C07946,1,Champions,19.0,16.0,1180.81
C07947,1,Champions,9.0,8.0,880.09
C07948,2,Potential Loyalists,49.0,6.0,271.53000000000003
C07949,4,Loyal Customers,69.0,13.0,1175.24
C07950,1,Champions,16.0,16.0,1368.8
C07951,4,Loyal Customers,90.0,8.0,475.62
C07952,1,Champions,27.0,15.0,971.27
C07953,3,Dormant / Low Value,30.0,1.0,45.2
C07954,1,Champions,50.0,14.0,1876.09
C07955,1,Champions,13.0,8.0,1037.6
C07956,1,Champions,34.0,10.0,1400.47
C07957,3,Dormant / Low Value,533.0,2.0,111.08
C07958,0,At Risk,179.0,4.0,413.44
C07959,1,Champions,9.0,16.0,1655.88
C07960,4,Loyal Customers,155.0,6.0,693.22
C07961,0,At Risk,216.0,4.0,180.68
C07962,2,Potential Loyalists,27.0,7.0,392.28
C07963,4,Loyal Customers,69.0,10.0,804.52
C07964,3,Dormant / Low Value,292.0,2.0,54.98
C07965,4,Loyal Customers,119.0,9.0,1270.85
C07966,3,Dormant / Low Value,153.0,2.0,47.24
C07967,1,Champions,25.0,10.0,728.82
C07968,3,Dormant / Low Value,337.0,1.0,198.87
C07969,2,Potential Loyalists,16.0,4.0,758.89
C07970,4,Loyal Customers,153.0,8.0,1256.38
C07971,2,Potential Loyalists,6.0,4.0,214.19
C07972,4,Loyal Customers,81.0,8.0,584.87
C07973,0,At Risk,102.0,5.0,457.47
C07974,1,Champions,23.0,12.0,509.53
C07975,1,Champions,25.0,22.0,1783.78
C07976,2,Potential Loyalists,48.0,6.0,434.52
C07977,0,At Risk,65.0,3.0,197.54
C07978,4,Loyal Customers,80.0,13.0,835.38
C07979,1,Champions,22.0,12.0,774.15
C07980,4,Loyal Customers,170.0,10.0,407.08
C07981,1,Champions,21.0,21.0,3262.3
C07982,1,Champions,17.0,22.0,3039.0
C07983,-1,No Purchase,,0.0,0.0
C07984,4,Loyal Customers,84.0,6.0,632.73
C07985,3,Dormant / Low Value,265.0,2.0,69.03
C07986,1,Champions,5.0,15.0,1581.28
C07987,1,Champions,5.0,8.0,731.05
C07988,1,Champions,45.0,13.0,1547.35
C07989,4,Loyal Customers,80.0,22.0,1242.29
C07990,4,Loyal Customers,65.0,7.0,376.29
C07991,1,Champions,1.0,19.0,2204.07
C07992,3,Dormant / Low Value,460.0,2.0,28.33
C07993,1,Champions,47.0,21.0,1183.1
C07994,0,At Risk,585.0,3.0,1587.3200000000002
C07995,2,Potential Loyalists,5.0,7.0,527.28
C07996,3,Dormant / Low Value,463.0,1.0,32.33
C07997,0,At Risk,75.0,6.0,285.33
C07998,3,Dormant / Low Value,259.0,2.0,24.8
C07999,0,At Risk,48.0,1.0,228.66
C08000,0,At Risk,502.0,3.0,825.51
C08001,4,Loyal Customers,80.0,9.0,250.09
C08002,0,At Risk,185.0,5.0,284.29999999999995
C08003,4,Loyal Customers,140.0,6.0,779.19
C08004,0,At Risk,109.0,5.0,174.88
C08005,1,Champions,28.0,14.0,1085.91
C08006,4,Loyal Customers,57.0,7.0,328.24
C08007,4,Loyal Customers,57.0,12.0,798.14
C08008,2,Potential Loyalists,24.0,5.0,282.38
C08009,1,Champions,1.0,10.0,699.96
C08010,-1,No Purchase,,0.0,0.0
C08011,4,Loyal Customers,199.0,7.0,503.56
C08012,4,Loyal Customers,67.0,13.0,984.52
C08013,0,At Risk,254.0,5.0,348.57
C08014,3,Dormant / Low Value,42.0,2.0,48.25
C08015,2,Potential Loyalists,52.0,4.0,604.0
C08016,4,Loyal Customers,51.0,8.0,1257.26
C08017,0,At Risk,376.0,5.0,325.48
C08018,0,At Risk,317.0,5.0,317.61
C08019,0,At Risk,308.0,5.0,615.03
C08020,3,Dormant / Low Value,318.0,4.0,48.37
C08021,0,At Risk,108.0,3.0,211.57
C08022,1,Champions,23.0,17.0,998.05
C08023,0,At Risk,82.0,5.0,524.87
C08024,0,At Risk,173.0,3.0,293.62
C08025,4,Loyal Customers,27.0,9.0,496.95
C08026,2,Potential Loyalists,28.0,10.0,363.61
C08027,2,Potential Loyalists,59.0,7.0,260.6
C08028,0,At Risk,346.0,2.0,246.73
C08029,4,Loyal Customers,122.0,8.0,589.36
C08030,4,Loyal Customers,74.0,7.0,671.69
C08031,4,Loyal Customers,49.0,9.0,243.09
C08032,0,At Risk,200.0,6.0,138.3
C08033,0,At Risk,225.0,5.0,241.6
C08034,3,Dormant / Low Value,82.0,2.0,83.65
C08035,4,Loyal Customers,61.0,11.0,2542.65
C08036,4,Loyal Customers,141.0,12.0,425.14
C08037,0,At Risk,555.0,4.0,388.41
C08038,3,Dormant / Low Value,680.0,1.0,58.5
C08039,4,Loyal Customers,89.0,12.0,993.76
C08040,4,Loyal Customers,61.0,11.0,1741.9199999999998
C08041,1,Champions,16.0,10.0,504.3
C08042,4,Loyal Customers,202.0,7.0,796.12
C08043,2,Potential Loyalists,14.0,6.0,282.28
C08044,1,Champions,8.0,11.0,1054.55
C08045,3,Dormant / Low Value,178.0,1.0,53.04
C08046,3,Dormant / Low Value,350.0,3.0,108.63
C08047,3,Dormant / Low Value,632.0,1.0,33.55
C08048,4,Loyal Customers,186.0,8.0,521.0699999999999
C08049,4,Loyal Customers,200.0,8.0,554.93
C08050,1,Champions,17.0,12.0,666.54
C08051,4,Loyal Customers,106.0,11.0,734.0
C08052,4,Loyal Customers,54.0,13.0,409.49
C08053,1,Champions,22.0,9.0,689.57
C08054,1,Champions,16.0,19.0,2717.23
C08055,4,Loyal Customers,36.0,10.0,857.33
C08056,0,At Risk,329.0,5.0,482.13
C08057,4,Loyal Customers,75.0,8.0,422.96
C08058,1,Champions,14.0,12.0,1540.65
C08059,1,Champions,38.0,15.0,942.42
C08060,0,At Risk,145.0,4.0,272.31
C08061,0,At Risk,104.0,3.0,154.46
C08062,4,Loyal Customers,273.0,6.0,928.4
C08063,4,Loyal Customers,158.0,11.0,549.85
C08064,1,Champions,16.0,12.0,494.51
C08065,3,Dormant / Low Value,513.0,1.0,90.96
C08066,3,Dormant / Low Value,428.0,1.0,34.42
C08067,1,Champions,11.0,9.0,619.99
C08068,0,At Risk,236.0,5.0,862.5
C08069,-1,No Purchase,,0.0,0.0
C08070,0,At Risk,169.0,7.0,416.17
C08071,2,Potential Loyalists,42.0,7.0,303.59
C08072,4,Loyal Customers,161.0,10.0,1158.35
C08073,0,At Risk,239.0,2.0,193.59
C08074,3,Dormant / Low Value,353.0,2.0,56.27
C08075,4,Loyal Customers,57.0,11.0,487.5
C08076,2,Potential Loyalists,8.0,5.0,1037.25
C08077,0,At Risk,70.0,3.0,156.74
C08078,3,Dormant / Low Value,268.0,1.0,12.03
C08079,3,Dormant / Low Value,444.0,1.0,23.7
C08080,3,Dormant / Low Value,113.0,2.0,53.04
C08081,1,Champions,6.0,11.0,639.13
C08082,0,At Risk,357.0,2.0,308.59000000000003
C08083,1,Champions,19.0,10.0,643.03
C08084,3,Dormant / Low Value,197.0,2.0,52.44
C08085,0,At Risk,189.0,8.0,264.36
C08086,1,Champions,26.0,21.0,1165.1
C08087,0,At Risk,87.0,4.0,264.40000000000003
C08088,0,At Risk,155.0,6.0,468.11
C08089,0,At Risk,123.0,3.0,129.82
C08090,4,Loyal Customers,29.0,6.0,1404.0
C08091,3,Dormant / Low Value,650.0,2.0,20.86
C08092,0,At Risk,62.0,3.0,160.52
C08093,3,Dormant / Low Value,648.0,1.0,15.11
C08094,0,At Risk,200.0,4.0,173.89
C08095,1,Champions,24.0,17.0,1369.52
C08096,0,At Risk,301.0,3.0,231.3
C08097,4,Loyal Customers,50.0,7.0,477.71
C08098,4,Loyal Customers,59.0,7.0,791.48
C08099,4,Loyal Customers,98.0,17.0,734.78
C08100,2,Potential Loyalists,26.0,4.0,408.24
C08101,0,At Risk,203.0,6.0,338.92
C08102,4,Loyal Customers,36.0,12.0,803.49
C08103,4,Loyal Customers,98.0,9.0,527.39
C08104,4,Loyal Customers,52.0,9.0,332.13
C08105,2,Potential Loyalists,42.0,2.0,537.31
C08106,3,Dormant / Low Value,131.0,3.0,57.12
C08107,2,Potential Loyalists,37.0,5.0,278.79
C08108,4,Loyal Customers,161.0,9.0,528.73
C08109,4,Loyal Customers,235.0,8.0,836.05
C08110,0,At Risk,137.0,2.0,468.61
C08111,3,Dormant / Low Value,282.0,2.0,91.59
C08112,1,Champions,22.0,21.0,1315.23
C08113,4,Loyal Customers,249.0,10.0,1031.0700000000002
C08114,0,At Risk,95.0,3.0,132.28
C08115,1,Champions,1.0,10.0,732.0899999999999
C08116,0,At Risk,106.0,6.0,282.45
C08117,0,At Risk,165.0,4.0,396.66
C08118,2,Potential Loyalists,36.0,6.0,257.58
C08119,4,Loyal Customers,90.0,12.0,902.46
C08120,2,Potential Loyalists,19.0,7.0,578.15
C08121,0,At Risk,261.0,4.0,905.2
C08122,1,Champions,3.0,13.0,1176.09
C08123,0,At Risk,329.0,4.0,228.39
C08124,1,Champions,10.0,9.0,900.88
C08125,4,Loyal Customers,58.0,11.0,704.54
C08126,4,Loyal Customers,186.0,7.0,438.09
C08127,1,Champions,16.0,9.0,855.4
C08128,4,Loyal Customers,41.0,8.0,531.73
C08129,1,Champions,24.0,7.0,1061.83
C08130,0,At Risk,235.0,5.0,426.97
C08131,1,Champions,2.0,16.0,1084.57
C08132,4,Loyal Customers,156.0,10.0,1422.06
C08133,1,Champions,1.0,8.0,694.11
C08134,2,Potential Loyalists,33.0,2.0,524.1500000000001
C08135,2,Potential Loyalists,14.0,6.0,317.15
C08136,4,Loyal Customers,219.0,8.0,675.1899999999999
C08137,0,At Risk,175.0,4.0,1048.69
C08138,2,Potential Loyalists,9.0,7.0,354.38
C08139,0,At Risk,199.0,4.0,702.65
C08140,2,Potential Loyalists,48.0,5.0,232.31
C08141,1,Champions,30.0,12.0,1117.76
C08142,4,Loyal Customers,194.0,6.0,631.86
C08143,2,Potential Loyalists,31.0,7.0,487.0
C08144,2,Potential Loyalists,5.0,3.0,536.47
C08145,4,Loyal Customers,44.0,8.0,610.43
C08146,0,At Risk,141.0,4.0,168.66
C08147,3,Dormant / Low Value,647.0,1.0,10.47
C08148,1,Champions,11.0,11.0,606.31
C08149,2,Potential Loyalists,45.0,4.0,238.98
C08150,4,Loyal Customers,141.0,9.0,1210.62
C08151,1,Champions,20.0,9.0,496.99
C08152,1,Champions,37.0,14.0,931.78
C08153,1,Champions,24.0,19.0,1078.21
C08154,4,Loyal Customers,193.0,8.0,364.54
C08155,2,Potential Loyalists,23.0,3.0,52.77
C08156,4,Loyal Customers,256.0,12.0,969.29
C08157,3,Dormant / Low Value,317.0,1.0,32.59
C08158,2,Potential Loyalists,2.0,6.0,319.81
C08159,4,Loyal Customers,48.0,9.0,684.34
C08160,4,Loyal Customers,94.0,10.0,2695.11
C08161,4,Loyal Customers,41.0,12.0,1119.54
C08162,3,Dormant / Low Value,468.0,2.0,38.89
C08163,3,Dormant / Low Value,488.0,1.0,37.39
C08164,0,At Risk,73.0,4.0,89.26
C08165,4,Loyal Customers,44.0,12.0,1097.01
C08166,1,Champions,4.0,9.0,666.66
C08167,0,At Risk,56.0,2.0,134.73
C08168,0,At Risk,391.0,2.0,658.5999999999999
C08169,4,Loyal Customers,100.0,8.0,483.83
C08170,3,Dormant / Low Value,285.0,2.0,75.87
C08171,4,Loyal Customers,151.0,12.0,849.8
C08172,0,At Risk,187.0,4.0,333.54
C08173,2,Potential Loyalists,26.0,7.0,497.67
C08174,2,Potential Loyalists,11.0,6.0,365.06
C08175,1,Champions,29.0,20.0,2725.4
C08176,0,At Risk,163.0,5.0,636.26
C08177,0,At Risk,131.0,4.0,299.16
C08178,0,At Risk,196.0,4.0,107.64
C08179,2,Potential Loyalists,20.0,5.0,231.37
C08180,0,At Risk,261.0,1.0,908.61
C08181,2,Potential Loyalists,23.0,6.0,444.08
C08182,4,Loyal Customers,73.0,8.0,549.95
C08183,3,Dormant / Low Value,60.0,1.0,23.33
C08184,0,At Risk,377.0,7.0,197.75
C08185,1,Champions,15.0,19.0,1322.27
C08186,2,Potential Loyalists,34.0,5.0,851.76
C08187,2,Potential Loyalists,50.0,4.0,658.2
C08188,0,At Risk,152.0,6.0,353.88
C08189,1,Champions,15.0,9.0,715.36
C08190,2,Potential Loyalists,15.0,5.0,204.83
C08191,1,Champions,28.0,18.0,1200.19
C08192,0,At Risk,187.0,4.0,739.19
C08193,1,Champions,30.0,19.0,863.9300000000001
C08194,4,Loyal Customers,70.0,16.0,946.02
C08195,1,Champions,5.0,11.0,805.76
C08196,4,Loyal Customers,38.0,8.0,516.9
C08197,3,Dormant / Low Value,594.0,1.0,48.71
C08198,0,At Risk,150.0,5.0,152.69
C08199,3,Dormant / Low Value,51.0,2.0,47.73
C08200,3,Dormant / Low Value,674.0,1.0,302.87
C08201,-1,No Purchase,,0.0,0.0
C08202,3,Dormant / Low Value,722.0,1.0,14.01
C08203,4,Loyal Customers,148.0,8.0,600.9
C08204,4,Loyal Customers,90.0,7.0,328.33
C08205,4,Loyal Customers,39.0,6.0,704.06
C08206,4,Loyal Customers,93.0,7.0,669.16
C08207,4,Loyal Customers,43.0,10.0,544.58
C08208,2,Potential Loyalists,25.0,7.0,307.01
C08209,-1,No Purchase,,0.0,0.0
C08210,1,Champions,22.0,7.0,1729.59
C08211,3,Dormant / Low Value,702.0,1.0,33.26
C08212,1,Champions,17.0,13.0,2070.65
C08213,4,Loyal Customers,52.0,9.0,519.1500000000001
C08214,0,At Risk,181.0,5.0,526.8199999999999
C08215,2,Potential Loyalists,2.0,2.0,166.68
C08216,4,Loyal Customers,192.0,14.0,576.65
C08217,0,At Risk,79.0,9.0,125.92
C08218,4,Loyal Customers,225.0,6.0,1358.16
C08219,1,Champions,42.0,15.0,1376.67
C08220,4,Loyal Customers,98.0,9.0,550.17
C08221,0,At Risk,211.0,5.0,427.32
C08222,1,Champions,6.0,8.0,502.66
C08223,1,Champions,10.0,23.0,2309.72
C08224,0,At Risk,147.0,5.0,470.53
C08225,0,At Risk,64.0,4.0,94.69
C08226,0,At Risk,120.0,5.0,259.08
C08227,0,At Risk,238.0,3.0,146.23000000000002
C08228,1,Champions,44.0,23.0,1330.44
C08229,1,Champions,20.0,11.0,586.36
C08230,3,Dormant / Low Value,675.0,1.0,228.56
C08231,3,Dormant / Low Value,254.0,2.0,119.27
C08232,1,Champions,12.0,23.0,1156.61
C08233,3,Dormant / Low Value,365.0,3.0,73.23
C08234,1,Champions,15.0,12.0,1658.45
C08235,-1,No Purchase,,0.0,0.0
C08236,4,Loyal Customers,132.0,21.0,1785.33
C08237,4,Loyal Customers,215.0,7.0,476.29
C08238,2,Potential Loyalists,30.0,7.0,360.76
C08239,0,At Risk,67.0,5.0,199.23
C08240,0,At Risk,64.0,5.0,227.56
C08241,3,Dormant / Low Value,421.0,1.0,42.13
C08242,0,At Risk,48.0,2.0,288.56
C08243,0,At Risk,180.0,4.0,294.86
C08244,1,Champions,31.0,12.0,798.0799999999999
C08245,0,At Risk,340.0,3.0,123.75
C08246,3,Dormant / Low Value,25.0,1.0,110.43
C08247,0,At Risk,363.0,4.0,153.18
C08248,1,Champions,9.0,8.0,934.48
C08249,0,At Risk,181.0,3.0,208.75
C08250,4,Loyal Customers,231.0,7.0,856.77
C08251,3,Dormant / Low Value,204.0,1.0,34.82
C08252,2,Potential Loyalists,11.0,7.0,494.1
C08253,4,Loyal Customers,176.0,9.0,736.01
C08254,4,Loyal Customers,79.0,13.0,1147.84
C08255,0,At Risk,66.0,2.0,920.83
C08256,4,Loyal Customers,39.0,10.0,760.5600000000001
C08257,-1,No Purchase,,0.0,0.0
C08258,0,At Risk,111.0,7.0,280.39
C08259,4,Loyal Customers,71.0,8.0,684.52
C08260,1,Champions,28.0,11.0,682.0799999999999
C08261,2,Potential Loyalists,24.0,6.0,397.29
C08262,2,Potential Loyalists,21.0,6.0,238.23
C08263,1,Champions,26.0,12.0,850.24
C08264,4,Loyal Customers,196.0,12.0,327.33
C08265,0,At Risk,89.0,3.0,167.55
C08266,1,Champions,32.0,15.0,1548.16
C08267,0,At Risk,420.0,2.0,363.46
C08268,4,Loyal Customers,98.0,9.0,469.69
C08269,4,Loyal Customers,69.0,10.0,1443.67
C08270,0,At Risk,100.0,6.0,235.02
C08271,-1,No Purchase,,0.0,0.0
C08272,2,Potential Loyalists,14.0,2.0,190.94000000000003
C08273,4,Loyal Customers,129.0,14.0,1288.26
C08274,-1,No Purchase,,0.0,0.0
C08275,0,At Risk,146.0,4.0,153.99
C08276,0,At Risk,100.0,5.0,263.89
C08277,4,Loyal Customers,129.0,11.0,495.92
C08278,1,Champions,7.0,18.0,1056.7
C08279,2,Potential Loyalists,9.0,4.0,337.87
C08280,0,At Risk,85.0,4.0,276.82
C08281,0,At Risk,152.0,5.0,657.6800000000001
C08282,0,At Risk,386.0,5.0,224.48
C08283,4,Loyal Customers,166.0,10.0,1791.98
C08284,0,At Risk,186.0,4.0,995.64
C08285,0,At Risk,105.0,4.0,262.95
C08286,4,Loyal Customers,185.0,7.0,487.57
C08287,4,Loyal Customers,146.0,13.0,669.88
C08288,0,At Risk,85.0,6.0,225.88
C08289,3,Dormant / Low Value,116.0,1.0,17.05
C08290,4,Loyal Customers,111.0,10.0,325.54
C08291,4,Loyal Customers,124.0,22.0,2562.04
C08292,2,Potential Loyalists,1.0,6.0,549.48
C08293,3,Dormant / Low Value,104.0,2.0,69.64
C08294,4,Loyal Customers,90.0,9.0,908.78
C08295,0,At Risk,274.0,5.0,171.36
C08296,2,Potential Loyalists,61.0,6.0,327.04
C08297,2,Potential Loyalists,8.0,3.0,450.1
C08298,0,At Risk,78.0,2.0,577.44
C08299,4,Loyal Customers,61.0,8.0,279.96
C08300,2,Potential Loyalists,7.0,7.0,389.63
C08301,0,At Risk,135.0,6.0,260.15
C08302,3,Dormant / Low Value,152.0,2.0,62.370000000000005
C08303,0,At Risk,317.0,4.0,108.5
C08304,4,Loyal Customers,138.0,8.0,435.9
C08305,3,Dormant / Low Value,207.0,1.0,21.18
C08306,4,Loyal Customers,102.0,8.0,566.61
C08307,1,Champions,1.0,10.0,822.22
C08308,2,Potential Loyalists,9.0,5.0,174.82999999999998
C08309,3,Dormant / Low Value,118.0,1.0,27.22
C08310,1,Champions,6.0,10.0,597.1
C08311,4,Loyal Customers,122.0,4.0,1289.22
C08312,3,Dormant / Low Value,436.0,2.0,104.86
C08313,0,At Risk,129.0,6.0,410.48
C08314,0,At Risk,278.0,4.0,310.51
C08315,0,At Risk,267.0,4.0,182.76
C08316,4,Loyal Customers,96.0,13.0,936.55
C08317,1,Champions,6.0,14.0,1354.71
C08318,1,Champions,18.0,11.0,496.46
C08319,0,At Risk,63.0,7.0,236.01
C08320,0,At Risk,226.0,3.0,363.83
C08321,4,Loyal Customers,162.0,7.0,513.85
C08322,4,Loyal Customers,264.0,5.0,1562.56
C08323,4,Loyal Customers,62.0,20.0,1481.99
C08324,1,Champions,2.0,17.0,1396.67
C08325,3,Dormant / Low Value,85.0,2.0,109.41
C08326,4,Loyal Customers,199.0,15.0,1212.4
C08327,4,Loyal Customers,86.0,6.0,490.43
C08328,1,Champions,40.0,13.0,1631.51
C08329,4,Loyal Customers,95.0,9.0,572.0799999999999
C08330,3,Dormant / Low Value,201.0,4.0,80.31
C08331,0,At Risk,275.0,5.0,721.02
C08332,3,Dormant / Low Value,85.0,2.0,73.03
C08333,4,Loyal Customers,127.0,12.0,920.95
C08334,0,At Risk,84.0,3.0,269.12
C08335,1,Champions,7.0,10.0,517.4
C08336,1,Champions,4.0,10.0,891.24
C08337,3,Dormant / Low Value,133.0,1.0,10.86
C08338,0,At Risk,431.0,3.0,127.95
C08339,4,Loyal Customers,168.0,10.0,518.53
C08340,3,Dormant / Low Value,183.0,1.0,13.06
C08341,1,Champions,1.0,10.0,495.04
C08342,4,Loyal Customers,123.0,9.0,898.99
C08343,4,Loyal Customers,117.0,8.0,1435.76
C08344,4,Loyal Customers,50.0,11.0,673.17
C08345,2,Potential Loyalists,51.0,5.0,322.98
C08346,0,At Risk,163.0,6.0,277.07
C08347,0,At Risk,339.0,3.0,246.24
C08348,3,Dormant / Low Value,168.0,2.0,51.78
C08349,2,Potential Loyalists,23.0,6.0,318.22
C08350,1,Champions,64.0,26.0,1983.65
C08351,1,Champions,40.0,21.0,1630.94
C08352,1,Champions,4.0,9.0,644.6
C08353,0,At Risk,168.0,4.0,132.26
C08354,4,Loyal Customers,51.0,9.0,775.83
C08355,2,Potential Loyalists,26.0,8.0,556.28
C08356,4,Loyal Customers,184.0,7.0,532.19
C08357,2,Potential Loyalists,47.0,6.0,301.94
C08358,4,Loyal Customers,101.0,10.0,601.3199999999999
C08359,3,Dormant / Low Value,177.0,2.0,68.75
C08360,0,At Risk,279.0,4.0,289.23
C08361,4,Loyal Customers,78.0,17.0,1029.75
C08362,0,At Risk,257.0,4.0,173.36
C08363,0,At Risk,138.0,4.0,173.47
C08364,2,Potential Loyalists,20.0,7.0,217.58
C08365,3,Dormant / Low Value,156.0,1.0,5.32
C08366,2,Potential Loyalists,14.0,8.0,322.06
C08367,1,Champions,28.0,12.0,376.47
C08368,4,Loyal Customers,108.0,8.0,651.8
C08369,0,At Risk,144.0,6.0,193.66
C08370,4,Loyal Customers,41.0,9.0,437.7
C08371,1,Champions,1.0,13.0,519.84
C08372,3,Dormant / Low Value,450.0,1.0,8.66
C08373,2,Potential Loyalists,1.0,6.0,431.09
C08374,0,At Risk,108.0,7.0,244.43
C08375,4,Loyal Customers,67.0,8.0,647.85
C08376,4,Loyal Customers,56.0,8.0,613.17
C08377,2,Potential Loyalists,35.0,5.0,296.5
C08378,4,Loyal Customers,76.0,6.0,590.01
C08379,0,At Risk,226.0,5.0,103.1
C08380,0,At Risk,228.0,2.0,325.86
C08381,4,Loyal Customers,61.0,8.0,484.9500000000001
C08382,0,At Risk,126.0,4.0,133.11
C08383,4,Loyal Customers,84.0,11.0,983.63
C08384,0,At Risk,263.0,5.0,186.9
C08385,1,Champions,4.0,8.0,560.48
C08386,-1,No Purchase,,0.0,0.0
C08387,2,Potential Loyalists,29.0,3.0,149.23
C08388,2,Potential Loyalists,16.0,6.0,466.35
C08389,2,Potential Loyalists,44.0,6.0,493.49
C08390,1,Champions,10.0,12.0,1132.59
C08391,4,Loyal Customers,49.0,10.0,1086.13
C08392,0,At Risk,182.0,5.0,288.19
C08393,4,Loyal Customers,151.0,10.0,510.99
C08394,0,At Risk,211.0,2.0,274.72
C08395,4,Loyal Customers,93.0,7.0,732.48
C08396,0,At Risk,335.0,5.0,598.58
C08397,1,Champions,8.0,11.0,896.43
C08398,3,Dormant / Low Value,489.0,1.0,21.01
C08399,0,At Risk,96.0,6.0,198.77
C08400,4,Loyal Customers,199.0,11.0,1343.63
C08401,3,Dormant / Low Value,148.0,3.0,102.24
C08402,0,At Risk,239.0,4.0,979.32
C08403,1,Champions,24.0,11.0,470.17
C08404,1,Champions,9.0,14.0,578.54
C08405,4,Loyal Customers,143.0,7.0,1659.98
C08406,2,Potential Loyalists,35.0,5.0,144.32
C08407,4,Loyal Customers,88.0,9.0,841.26
C08408,1,Champions,6.0,13.0,938.4
C08409,1,Champions,11.0,7.0,884.7699999999999
C08410,4,Loyal Customers,72.0,10.0,1154.19
C08411,4,Loyal Customers,38.0,7.0,521.0
C08412,4,Loyal Customers,107.0,10.0,592.8000000000001
C08413,0,At Risk,435.0,3.0,844.02
C08414,0,At Risk,354.0,4.0,189.48
C08415,2,Potential Loyalists,7.0,3.0,121.0
C08416,0,At Risk,146.0,6.0,191.51
C08417,1,Champions,15.0,17.0,1251.31
C08418,0,At Risk,133.0,6.0,406.33
C08419,0,At Risk,126.0,4.0,829.0300000000001
C08420,-1,No Purchase,,0.0,0.0
C08421,1,Champions,17.0,14.0,556.84
C08422,4,Loyal Customers,191.0,8.0,773.63
C08423,-1,No Purchase,,0.0,0.0
C08424,1,Champions,20.0,12.0,745.07
C08425,3,Dormant / Low Value,72.0,2.0,72.46
C08426,3,Dormant / Low Value,268.0,3.0,83.33
C08427,1,Champions,22.0,8.0,2027.51
C08428,3,Dormant / Low Value,281.0,2.0,38.45
C08429,4,Loyal Customers,37.0,12.0,768.23
C08430,3,Dormant / Low Value,168.0,1.0,265.7
C08431,3,Dormant / Low Value,16.0,2.0,30.67
C08432,4,Loyal Customers,71.0,15.0,822.71
C08433,4,Loyal Customers,344.0,8.0,1066.34
C08434,4,Loyal Customers,109.0,8.0,634.67
C08435,1,Champions,6.0,13.0,650.28
C08436,1,Champions,20.0,8.0,623.6
C08437,1,Champions,16.0,10.0,579.79
C08438,4,Loyal Customers,146.0,13.0,849.04
C08439,0,At Risk,74.0,4.0,363.99
C08440,4,Loyal Customers,109.0,10.0,660.73
C08441,4,Loyal Customers,62.0,6.0,394.15
C08442,2,Potential Loyalists,4.0,5.0,344.97
C08443,2,Potential Loyalists,54.0,4.0,365.97
C08444,1,Champions,45.0,20.0,2690.2200000000003
C08445,3,Dormant / Low Value,538.0,2.0,151.92000000000002
C08446,1,Champions,14.0,10.0,483.87
C08447,4,Loyal Customers,146.0,11.0,414.21
C08448,4,Loyal Customers,60.0,4.0,1357.42
C08449,4,Loyal Customers,47.0,9.0,700.45
C08450,1,Champions,2.0,12.0,724.58
C08451,0,At Risk,220.0,3.0,140.66
C08452,0,At Risk,76.0,3.0,155.92
C08453,0,At Risk,201.0,2.0,327.85
C08454,0,At Risk,49.0,3.0,117.95
C08455,0,At Risk,477.0,4.0,259.83
C08456,3,Dormant / Low Value,221.0,1.0,12.5
C08457,1,Champions,5.0,17.0,1442.35
C08458,4,Loyal Customers,52.0,8.0,517.32
C08459,3,Dormant / Low Value,117.0,3.0,78.67
C08460,1,Champions,5.0,19.0,2724.91
C08461,4,Loyal Customers,83.0,7.0,361.96
C08462,4,Loyal Customers,44.0,12.0,1145.89
C08463,0,At Risk,304.0,4.0,252.67
C08464,1,Champions,32.0,17.0,1648.41
C08465,4,Loyal Customers,61.0,6.0,468.94
C08466,4,Loyal Customers,34.0,9.0,903.95
C08467,0,At Risk,328.0,3.0,166.66
C08468,1,Champions,29.0,9.0,1068.54
C08469,2,Potential Loyalists,2.0,4.0,235.01
C08470,2,Potential Loyalists,10.0,6.0,503.59
C08471,4,Loyal Customers,57.0,11.0,1039.25
C08472,0,At Risk,187.0,5.0,339.42
C08473,3,Dormant / Low Value,599.0,1.0,8.92
C08474,0,At Risk,108.0,2.0,144.13
C08475,0,At Risk,432.0,2.0,238.67
C08476,4,Loyal Customers,286.0,7.0,787.97
C08477,0,At Risk,109.0,4.0,152.05
C08478,4,Loyal Customers,93.0,6.0,423.5
C08479,4,Loyal Customers,38.0,10.0,622.54
C08480,3,Dormant / Low Value,194.0,1.0,32.63
C08481,0,At Risk,165.0,3.0,132.92000000000002
C08482,4,Loyal Customers,160.0,6.0,674.5
C08483,0,At Risk,125.0,4.0,285.01
C08484,4,Loyal Customers,267.0,11.0,679.22
C08485,4,Loyal Customers,80.0,7.0,507.6
C08486,1,Champions,1.0,17.0,1773.09
C08487,0,At Risk,327.0,6.0,308.77
C08488,4,Loyal Customers,67.0,6.0,734.9100000000001
C08489,4,Loyal Customers,80.0,10.0,415.04
C08490,3,Dormant / Low Value,467.0,2.0,48.97
C08491,1,Champions,27.0,24.0,2100.81
C08492,2,Potential Loyalists,25.0,3.0,233.98
C08493,1,Champions,9.0,16.0,1392.48
C08494,0,At Risk,138.0,4.0,314.2
C08495,2,Potential Loyalists,44.0,5.0,320.6
C08496,-1,No Purchase,,0.0,0.0
C08497,4,Loyal Customers,85.0,12.0,937.68
C08498,4,Loyal Customers,47.0,7.0,659.41
C08499,3,Dormant / Low Value,167.0,2.0,36.52
C08500,0,At Risk,127.0,3.0,163.92000000000002
C08501,4,Loyal Customers,84.0,10.0,518.45
C08502,3,Dormant / Low Value,201.0,2.0,78.4
C08503,4,Loyal Customers,124.0,9.0,420.34
C08504,4,Loyal Customers,52.0,13.0,945.23
C08505,3,Dormant / Low Value,432.0,1.0,4.66
C08506,0,At Risk,114.0,5.0,501.18000000000006
C08507,3,Dormant / Low Value,209.0,2.0,64.9
C08508,1,Champions,29.0,11.0,678.54
C08509,4,Loyal Customers,193.0,17.0,739.06
C08510,2,Potential Loyalists,29.0,3.0,184.19
C08511,0,At Risk,255.0,2.0,399.85
C08512,1,Champions,2.0,7.0,542.97
C08513,0,At Risk,486.0,3.0,150.91
C08514,1,Champions,2.0,10.0,538.0699999999999
C08515,0,At Risk,153.0,6.0,252.54
C08516,1,Champions,22.0,18.0,1664.65
C08517,3,Dormant / Low Value,471.0,1.0,43.06
C08518,4,Loyal Customers,124.0,9.0,484.42
C08519,2,Potential Loyalists,45.0,3.0,142.27
C08520,1,Champions,21.0,9.0,1482.6
C08521,0,At Risk,119.0,5.0,252.19
C08522,-1,No Purchase,,0.0,0.0
C08523,4,Loyal Customers,91.0,12.0,476.14
C08524,0,At Risk,244.0,4.0,229.2
C08525,0,At Risk,300.0,6.0,545.47
C08526,4,Loyal Customers,231.0,10.0,688.15
C08527,1,Champions,4.0,16.0,1188.45
C08528,4,Loyal Customers,72.0,10.0,853.5
C08529,0,At Risk,209.0,3.0,134.88
C08530,0,At Risk,443.0,7.0,286.35
C08531,3,Dormant / Low Value,358.0,1.0,118.58
C08532,3,Dormant / Low Value,253.0,1.0,51.28
C08533,1,Champions,9.0,20.0,1177.19
C08534,4,Loyal Customers,129.0,8.0,865.0999999999999
C08535,3,Dormant / Low Value,80.0,2.0,45.96
C08536,0,At Risk,123.0,4.0,340.72
C08537,1,Champions,30.0,16.0,955.08
C08538,3,Dormant / Low Value,380.0,1.0,129.3
C08539,3,Dormant / Low Value,143.0,2.0,93.35
C08540,0,At Risk,160.0,3.0,107.64
C08541,2,Potential Loyalists,47.0,4.0,202.67
C08542,4,Loyal Customers,133.0,8.0,542.41
C08543,3,Dormant / Low Value,458.0,1.0,17.46
C08544,2,Potential Loyalists,24.0,6.0,167.38
C08545,2,Potential Loyalists,3.0,5.0,515.12
C08546,4,Loyal Customers,34.0,9.0,769.86
C08547,2,Potential Loyalists,13.0,6.0,929.23
C08548,4,Loyal Customers,116.0,11.0,780.0999999999999
C08549,0,At Risk,383.0,5.0,268.62
C08550,1,Champions,12.0,13.0,470.47
C08551,0,At Risk,180.0,4.0,262.82
C08552,4,Loyal Customers,87.0,10.0,694.6999999999999
C08553,1,Champions,17.0,12.0,1855.76
C08554,1,Champions,33.0,12.0,1429.18
C08555,3,Dormant / Low Value,207.0,1.0,57.82
C08556,0,At Risk,131.0,4.0,168.73
C08557,0,At Risk,83.0,6.0,226.99
C08558,0,At Risk,197.0,3.0,442.08
C08559,1,Champions,2.0,23.0,2550.15
C08560,4,Loyal Customers,70.0,7.0,887.4300000000001
C08561,0,At Risk,213.0,3.0,500.46
C08562,1,Champions,31.0,11.0,1477.91
C08563,0,At Risk,474.0,3.0,382.65
C08564,2,Potential Loyalists,5.0,5.0,779.21
C08565,0,At Risk,290.0,6.0,572.6800000000001
C08566,4,Loyal Customers,54.0,12.0,1683.74
C08567,4,Loyal Customers,67.0,6.0,692.71
C08568,4,Loyal Customers,55.0,14.0,1028.48
C08569,4,Loyal Customers,81.0,9.0,566.62
C08570,0,At Risk,141.0,7.0,229.21
C08571,1,Champions,2.0,15.0,1006.27
C08572,1,Champions,37.0,17.0,740.72
C08573,4,Loyal Customers,85.0,10.0,495.07
C08574,2,Potential Loyalists,5.0,3.0,203.32
C08575,4,Loyal Customers,65.0,11.0,744.6899999999999
C08576,0,At Risk,58.0,4.0,424.16
C08577,3,Dormant / Low Value,274.0,1.0,63.04
C08578,2,Potential Loyalists,4.0,6.0,686.6400000000001
C08579,2,Potential Loyalists,12.0,6.0,279.05
C08580,3,Dormant / Low Value,605.0,2.0,30.950000000000003
C08581,2,Potential Loyalists,7.0,5.0,484.0
C08582,0,At Risk,581.0,3.0,474.89
C08583,2,Potential Loyalists,30.0,2.0,83.75
C08584,1,Champions,18.0,11.0,626.33
C08585,1,Champions,41.0,11.0,1738.6799999999998
C08586,0,At Risk,66.0,4.0,218.56
C08587,0,At Risk,164.0,5.0,134.12
C08588,4,Loyal Customers,82.0,7.0,376.11
C08589,0,At Risk,314.0,4.0,197.16
C08590,4,Loyal Customers,114.0,9.0,876.28
C08591,0,At Risk,134.0,5.0,289.21
C08592,1,Champions,6.0,24.0,1911.49
C08593,4,Loyal Customers,135.0,8.0,1035.01
C08594,0,At Risk,232.0,4.0,391.85
C08595,1,Champions,19.0,14.0,882.84
C08596,4,Loyal Customers,227.0,7.0,1167.21
C08597,4,Loyal Customers,122.0,7.0,1261.15
C08598,4,Loyal Customers,176.0,8.0,410.33
C08599,4,Loyal Customers,305.0,11.0,631.81
C08600,4,Loyal Customers,41.0,8.0,466.71
C08601,0,At Risk,86.0,7.0,159.2
C08602,2,Potential Loyalists,48.0,6.0,290.18
C08603,2,Potential Loyalists,1.0,5.0,379.72
C08604,4,Loyal Customers,135.0,6.0,567.76
C08605,4,Loyal Customers,72.0,14.0,771.5699999999999
C08606,0,At Risk,165.0,7.0,384.9
C08607,0,At Risk,307.0,5.0,284.01
C08608,3,Dormant / Low Value,253.0,2.0,120.22
C08609,0,At Risk,113.0,4.0,202.03
C08610,-1,No Purchase,,0.0,0.0
C08611,4,Loyal Customers,147.0,7.0,394.96
C08612,2,Potential Loyalists,14.0,7.0,730.64
C08613,0,At Risk,215.0,4.0,328.63
C08614,3,Dormant / Low Value,418.0,1.0,13.52
C08615,1,Champions,34.0,12.0,917.87
C08616,0,At Risk,155.0,5.0,405.51
C08617,4,Loyal Customers,46.0,12.0,1012.06
C08618,4,Loyal Customers,136.0,7.0,392.77
C08619,4,Loyal Customers,177.0,9.0,466.55
C08620,1,Champions,7.0,23.0,1934.51
C08621,0,At Risk,502.0,5.0,123.84
C08622,-1,No Purchase,,0.0,0.0
C08623,1,Champions,11.0,13.0,800.18
C08624,1,Champions,9.0,9.0,1125.56
C08625,3,Dormant / Low Value,287.0,1.0,154.84
C08626,2,Potential Loyalists,17.0,9.0,458.17
C08627,4,Loyal Customers,71.0,14.0,453.15
C08628,4,Loyal Customers,154.0,7.0,992.02
C08629,1,Champions,9.0,20.0,1318.57
C08630,2,Potential Loyalists,3.0,8.0,398.7
C08631,0,At Risk,148.0,6.0,278.17
C08632,4,Loyal Customers,31.0,7.0,1076.1
C08633,0,At Risk,229.0,4.0,481.23
C08634,3,Dormant / Low Value,333.0,1.0,13.9
C08635,4,Loyal Customers,119.0,10.0,1219.29
C08636,0,At Risk,97.0,4.0,209.33
C08637,0,At Risk,185.0,5.0,215.95
C08638,4,Loyal Customers,76.0,13.0,1757.9199999999998
C08639,3,Dormant / Low Value,479.0,2.0,169.24
C08640,0,At Risk,110.0,5.0,321.86
C08641,-1,No Purchase,,0.0,0.0
C08642,3,Dormant / Low Value,115.0,1.0,30.36
C08643,0,At Risk,231.0,5.0,500.39
C08644,4,Loyal Customers,149.0,8.0,403.42
C08645,2,Potential Loyalists,9.0,7.0,275.86
C08646,1,Champions,18.0,17.0,3244.29
C08647,3,Dormant / Low Value,148.0,1.0,111.84
C08648,4,Loyal Customers,60.0,7.0,334.7
C08649,2,Potential Loyalists,27.0,5.0,347.92
C08650,0,At Risk,90.0,4.0,189.87
C08651,1,Champions,13.0,17.0,894.37
C08652,3,Dormant / Low Value,439.0,1.0,179.9
C08653,0,At Risk,191.0,4.0,361.73
C08654,2,Potential Loyalists,1.0,6.0,451.09
C08655,3,Dormant / Low Value,525.0,1.0,31.46
C08656,2,Potential Loyalists,15.0,5.0,254.19
C08657,2,Potential Loyalists,43.0,5.0,158.07999999999998
C08658,1,Champions,1.0,10.0,956.16
C08659,4,Loyal Customers,107.0,7.0,460.68
C08660,0,At Risk,229.0,4.0,264.85
C08661,0,At Risk,77.0,4.0,251.47
C08662,3,Dormant / Low Value,261.0,2.0,39.84
C08663,1,Champions,8.0,15.0,1443.7099999999998
C08664,0,At Risk,80.0,4.0,198.2
C08665,2,Potential Loyalists,21.0,9.0,480.61
C08666,1,Champions,5.0,13.0,1598.65
C08667,4,Loyal Customers,97.0,11.0,732.23
C08668,0,At Risk,119.0,4.0,113.28
C08669,1,Champions,23.0,12.0,815.88
C08670,2,Potential Loyalists,8.0,3.0,61.64
C08671,0,At Risk,348.0,4.0,326.86
C08672,3,Dormant / Low Value,691.0,1.0,21.4
C08673,0,At Risk,173.0,5.0,120.04
C08674,0,At Risk,150.0,5.0,257.26
C08675,4,Loyal Customers,57.0,7.0,350.4
C08676,4,Loyal Customers,54.0,10.0,290.59
C08677,1,Champions,18.0,10.0,620.65
C08678,1,Champions,14.0,12.0,674.12
C08679,2,Potential Loyalists,22.0,8.0,368.12
C08680,2,Potential Loyalists,49.0,4.0,187.63
C08681,4,Loyal Customers,65.0,9.0,359.07
C08682,3,Dormant / Low Value,202.0,2.0,76.5
C08683,1,Champions,5.0,13.0,2959.97
C08684,0,At Risk,301.0,3.0,622.03
C08685,0,At Risk,126.0,3.0,165.94
C08686,0,At Risk,135.0,8.0,264.13
C08687,3,Dormant / Low Value,213.0,2.0,159.25
C08688,3,Dormant / Low Value,95.0,3.0,55.81
C08689,4,Loyal Customers,113.0,9.0,568.54
C08690,3,Dormant / Low Value,116.0,3.0,87.94
C08691,0,At Risk,81.0,6.0,333.04
C08692,-1,No Purchase,,0.0,0.0
C08693,-1,No Purchase,,0.0,0.0
C08694,4,Loyal Customers,189.0,12.0,521.38
C08695,4,Loyal Customers,102.0,6.0,2117.59
C08696,2,Potential Loyalists,18.0,6.0,579.8
C08697,0,At Risk,106.0,5.0,157.88
C08698,0,At Risk,195.0,3.0,404.0700000000001
C08699,3,Dormant / Low Value,402.0,2.0,112.19
C08700,0,At Risk,141.0,2.0,244.95
C08701,4,Loyal Customers,146.0,9.0,579.95
C08702,-1,No Purchase,,0.0,0.0
C08703,1,Champions,7.0,8.0,1364.49
C08704,4,Loyal Customers,118.0,8.0,482.65
C08705,0,At Risk,334.0,3.0,267.47
C08706,-1,No Purchase,,0.0,0.0
C08707,4,Loyal Customers,105.0,6.0,462.38
C08708,3,Dormant / Low Value,387.0,2.0,74.43
C08709,2,Potential Loyalists,1.0,6.0,508.9599999999999
C08710,4,Loyal Customers,44.0,12.0,1244.56
C08711,3,Dormant / Low Value,237.0,2.0,34.54
C08712,1,Champions,27.0,12.0,701.1
C08713,0,At Risk,203.0,4.0,146.32
C08714,2,Potential Loyalists,20.0,4.0,62.13
C08715,4,Loyal Customers,86.0,7.0,403.06
C08716,0,At Risk,531.0,3.0,197.77
C08717,3,Dormant / Low Value,306.0,2.0,20.34
C08718,3,Dormant / Low Value,55.0,1.0,116.15
C08719,0,At Risk,128.0,4.0,251.78
C08720,4,Loyal Customers,101.0,9.0,827.23
C08721,4,Loyal Customers,109.0,6.0,483.48
C08722,4,Loyal Customers,175.0,10.0,413.15
C08723,2,Potential Loyalists,45.0,9.0,174.56
C08724,0,At Risk,176.0,8.0,212.77
C08725,1,Champions,20.0,21.0,1544.21
C08726,-1,No Purchase,,0.0,0.0
C08727,2,Potential Loyalists,7.0,5.0,467.75
C08728,0,At Risk,338.0,6.0,147.01
C08729,2,Potential Loyalists,34.0,7.0,413.78
C08730,0,At Risk,103.0,4.0,324.6
C08731,4,Loyal Customers,43.0,7.0,491.3
C08732,0,At Risk,143.0,6.0,271.42
C08733,1,Champions,7.0,11.0,1368.4399999999998
C08734,1,Champions,5.0,10.0,756.79
C08735,2,Potential Loyalists,49.0,4.0,432.27
C08736,0,At Risk,122.0,5.0,342.01
C08737,0,At Risk,206.0,7.0,229.67
C08738,0,At Risk,119.0,3.0,248.88
C08739,2,Potential Loyalists,22.0,6.0,364.11
C08740,0,At Risk,196.0,5.0,137.95
C08741,4,Loyal Customers,29.0,9.0,498.5
C08742,3,Dormant / Low Value,486.0,1.0,36.34
C08743,4,Loyal Customers,98.0,11.0,1224.85
C08744,4,Loyal Customers,61.0,10.0,479.97
C08745,1,Champions,2.0,9.0,1000.3
C08746,4,Loyal Customers,60.0,12.0,608.97
C08747,1,Champions,11.0,15.0,891.53
C08748,2,Potential Loyalists,54.0,5.0,237.43
C08749,0,At Risk,101.0,7.0,299.39
C08750,1,Champions,34.0,10.0,2137.38
C08751,2,Potential Loyalists,8.0,4.0,386.95
C08752,2,Potential Loyalists,9.0,8.0,309.99
C08753,4,Loyal Customers,92.0,7.0,462.44
C08754,2,Potential Loyalists,27.0,4.0,395.82
C08755,3,Dormant / Low Value,655.0,1.0,24.07
C08756,2,Potential Loyalists,23.0,4.0,246.37
C08757,2,Potential Loyalists,23.0,6.0,161.12
C08758,4,Loyal Customers,47.0,7.0,405.28
C08759,3,Dormant / Low Value,97.0,1.0,13.1
C08760,0,At Risk,153.0,4.0,497.04
C08761,3,Dormant / Low Value,72.0,3.0,73.17
C08762,3,Dormant / Low Value,200.0,1.0,27.23
C08763,4,Loyal Customers,43.0,13.0,671.26
C08764,0,At Risk,156.0,5.0,578.28
C08765,0,At Risk,142.0,3.0,113.93
C08766,1,Champions,22.0,13.0,802.76
C08767,3,Dormant / Low Value,357.0,1.0,145.26
C08768,0,At Risk,72.0,5.0,445.06
C08769,0,At Risk,88.0,3.0,198.72
C08770,4,Loyal Customers,87.0,7.0,467.18
C08771,0,At Risk,106.0,3.0,186.79
C08772,0,At Risk,212.0,5.0,330.5
C08773,4,Loyal Customers,74.0,11.0,748.25
C08774,1,Champions,13.0,9.0,1079.52
C08775,2,Potential Loyalists,26.0,6.0,329.20000000000005
C08776,0,At Risk,170.0,7.0,354.78
C08777,4,Loyal Customers,89.0,14.0,947.67
C08778,1,Champions,43.0,21.0,1331.24
C08779,0,At Risk,343.0,4.0,622.4200000000001
C08780,4,Loyal Customers,131.0,8.0,428.67
C08781,0,At Risk,220.0,5.0,113.36
C08782,3,Dormant / Low Value,533.0,2.0,79.28999999999999
C08783,0,At Risk,97.0,3.0,121.88
C08784,4,Loyal Customers,85.0,6.0,652.53
C08785,3,Dormant / Low Value,208.0,2.0,124.26
C08786,4,Loyal Customers,191.0,6.0,1574.14
C08787,2,Potential Loyalists,22.0,8.0,393.51
C08788,1,Champions,4.0,10.0,429.14
C08789,1,Champions,45.0,16.0,1968.47
C08790,4,Loyal Customers,84.0,13.0,2080.88
C08791,1,Champions,20.0,18.0,1941.72
C08792,4,Loyal Customers,105.0,10.0,768.76
C08793,1,Champions,12.0,13.0,802.6
C08794,0,At Risk,112.0,4.0,116.46
C08795,0,At Risk,66.0,5.0,398.27
C08796,2,Potential Loyalists,15.0,6.0,954.16
C08797,0,At Risk,124.0,6.0,287.26
C08798,3,Dormant / Low Value,115.0,3.0,70.19
C08799,0,At Risk,171.0,5.0,168.66000000000005
C08800,0,At Risk,74.0,5.0,517.68
C08801,3,Dormant / Low Value,496.0,1.0,29.72
C08802,0,At Risk,126.0,3.0,139.07999999999998
C08803,0,At Risk,346.0,3.0,168.72
C08804,4,Loyal Customers,137.0,9.0,303.62
C08805,4,Loyal Customers,84.0,10.0,1553.85
C08806,4,Loyal Customers,100.0,7.0,536.0600000000001
C08807,1,Champions,8.0,7.0,1113.63
C08808,1,Champions,21.0,17.0,844.21
C08809,4,Loyal Customers,103.0,14.0,939.56
C08810,1,Champions,1.0,8.0,785.04
C08811,3,Dormant / Low Value,207.0,2.0,41.96
C08812,4,Loyal Customers,48.0,8.0,522.87
C08813,3,Dormant / Low Value,36.0,2.0,48.21
C08814,1,Champions,42.0,20.0,1428.57
C08815,0,At Risk,298.0,3.0,137.62
C08816,4,Loyal Customers,87.0,9.0,364.94
C08817,4,Loyal Customers,54.0,13.0,780.06
C08818,1,Champions,24.0,14.0,481.02
C08819,1,Champions,65.0,21.0,2108.55
C08820,0,At Risk,319.0,4.0,264.52
C08821,0,At Risk,207.0,4.0,91.54
C08822,1,Champions,8.0,9.0,1203.89
C08823,4,Loyal Customers,88.0,10.0,1560.36
C08824,1,Champions,13.0,13.0,833.1
C08825,4,Loyal Customers,75.0,14.0,1066.78
C08826,4,Loyal Customers,258.0,9.0,451.44
C08827,3,Dormant / Low Value,233.0,1.0,27.72
C08828,2,Potential Loyalists,28.0,3.0,363.94
C08829,3,Dormant / Low Value,424.0,1.0,133.52
C08830,0,At Risk,416.0,3.0,266.33000000000004
C08831,4,Loyal Customers,49.0,10.0,1814.34
C08832,2,Potential Loyalists,29.0,3.0,80.65
C08833,0,At Risk,290.0,4.0,409.92
C08834,4,Loyal Customers,109.0,10.0,653.81
C08835,0,At Risk,89.0,4.0,443.14
C08836,0,At Risk,191.0,5.0,349.84000000000003
C08837,2,Potential Loyalists,6.0,7.0,342.81
C08838,-1,No Purchase,,0.0,0.0
C08839,0,At Risk,84.0,6.0,129.96
C08840,4,Loyal Customers,56.0,7.0,399.99
C08841,-1,No Purchase,,0.0,0.0
C08842,0,At Risk,162.0,2.0,720.48
C08843,2,Potential Loyalists,23.0,4.0,1669.42
C08844,0,At Risk,352.0,5.0,438.22
C08845,0,At Risk,150.0,4.0,214.56
C08846,1,Champions,16.0,11.0,926.53
C08847,2,Potential Loyalists,63.0,7.0,242.47
C08848,4,Loyal Customers,115.0,12.0,729.09
C08849,3,Dormant / Low Value,285.0,1.0,90.3
C08850,2,Potential Loyalists,52.0,5.0,569.28
C08851,3,Dormant / Low Value,353.0,2.0,119.62
C08852,0,At Risk,60.0,3.0,447.74
C08853,3,Dormant / Low Value,132.0,2.0,74.65
C08854,1,Champions,24.0,9.0,683.72
C08855,3,Dormant / Low Value,334.0,2.0,73.67999999999999
C08856,1,Champions,5.0,28.0,2268.64
C08857,3,Dormant / Low Value,703.0,1.0,22.8
C08858,3,Dormant / Low Value,110.0,3.0,80.48
C08859,0,At Risk,214.0,3.0,111.46
C08860,0,At Risk,118.0,3.0,123.13
C08861,4,Loyal Customers,94.0,7.0,1519.7600000000002
C08862,1,Champions,1.0,13.0,1491.18
C08863,0,At Risk,119.0,5.0,194.88
C08864,2,Potential Loyalists,37.0,3.0,254.97
C08865,4,Loyal Customers,101.0,8.0,475.5799999999999
C08866,0,At Risk,152.0,5.0,541.19
C08867,1,Champions,18.0,13.0,911.69
C08868,4,Loyal Customers,45.0,10.0,375.44
C08869,2,Potential Loyalists,20.0,6.0,268.35
C08870,0,At Risk,222.0,3.0,177.32
C08871,4,Loyal Customers,169.0,18.0,1976.33
C08872,0,At Risk,279.0,3.0,187.41
C08873,4,Loyal Customers,40.0,12.0,832.53
C08874,3,Dormant / Low Value,235.0,2.0,60.05
C08875,2,Potential Loyalists,26.0,5.0,518.81
C08876,1,Champions,21.0,11.0,715.94
C08877,0,At Risk,234.0,4.0,235.79
C08878,2,Potential Loyalists,41.0,2.0,219.71
C08879,2,Potential Loyalists,41.0,6.0,330.99
C08880,4,Loyal Customers,175.0,9.0,565.04
C08881,1,Champions,32.0,18.0,1700.08
C08882,0,At Risk,119.0,3.0,106.05
C08883,0,At Risk,264.0,3.0,354.07
C08884,4,Loyal Customers,97.0,8.0,959.6
C08885,2,Potential Loyalists,58.0,5.0,329.32
C08886,0,At Risk,281.0,3.0,227.92
C08887,4,Loyal Customers,81.0,8.0,928.0
C08888,4,Loyal Customers,64.0,15.0,1121.43
C08889,0,At Risk,332.0,5.0,253.43
C08890,0,At Risk,100.0,6.0,249.65
C08891,4,Loyal Customers,119.0,10.0,611.21
C08892,4,Loyal Customers,125.0,13.0,1301.49
C08893,0,At Risk,207.0,2.0,176.25
C08894,4,Loyal Customers,54.0,11.0,1410.87
C08895,2,Potential Loyalists,23.0,4.0,282.79
C08896,3,Dormant / Low Value,257.0,1.0,90.34
C08897,0,At Risk,151.0,5.0,282.19
C08898,4,Loyal Customers,56.0,9.0,721.43
C08899,0,At Risk,121.0,4.0,271.19
C08900,3,Dormant / Low Value,489.0,2.0,93.25
C08901,1,Champions,14.0,22.0,1639.25
C08902,2,Potential Loyalists,8.0,8.0,300.74
C08903,0,At Risk,110.0,6.0,238.15
C08904,1,Champions,17.0,14.0,747.98
C08905,3,Dormant / Low Value,457.0,2.0,75.92999999999999
C08906,0,At Risk,181.0,6.0,504.21
C08907,0,At Risk,149.0,5.0,195.23
C08908,2,Potential Loyalists,49.0,6.0,334.3
C08909,2,Potential Loyalists,41.0,7.0,435.9
C08910,4,Loyal Customers,56.0,10.0,254.43
C08911,4,Loyal Customers,120.0,7.0,1513.26
C08912,2,Potential Loyalists,7.0,6.0,316.4
C08913,0,At Risk,145.0,5.0,216.98
C08914,0,At Risk,155.0,5.0,380.78
C08915,2,Potential Loyalists,22.0,5.0,286.95
C08916,2,Potential Loyalists,32.0,6.0,227.7
C08917,2,Potential Loyalists,7.0,4.0,452.59
C08918,1,Champions,7.0,16.0,1715.33
C08919,2,Potential Loyalists,10.0,7.0,650.23
C08920,0,At Risk,117.0,6.0,371.57
C08921,1,Champions,4.0,14.0,539.4300000000001
C08922,-1,No Purchase,,0.0,0.0
C08923,4,Loyal Customers,97.0,8.0,932.57
C08924,4,Loyal Customers,110.0,7.0,457.04
C08925,2,Potential Loyalists,15.0,5.0,743.42
C08926,0,At Risk,306.0,5.0,298.44
C08927,-1,No Purchase,,0.0,0.0
C08928,4,Loyal Customers,55.0,10.0,456.05
C08929,4,Loyal Customers,114.0,9.0,548.53
C08930,4,Loyal Customers,75.0,6.0,1491.79
C08931,4,Loyal Customers,56.0,5.0,793.81
C08932,0,At Risk,425.0,6.0,355.19
C08933,0,At Risk,70.0,3.0,122.0
C08934,1,Champions,16.0,11.0,726.99
C08935,0,At Risk,150.0,3.0,159.45000000000002
C08936,3,Dormant / Low Value,410.0,3.0,72.22999999999999
C08937,-1,No Purchase,,0.0,0.0
C08938,0,At Risk,138.0,8.0,233.33
C08939,4,Loyal Customers,51.0,13.0,1227.1
C08940,3,Dormant / Low Value,342.0,1.0,30.83
C08941,3,Dormant / Low Value,622.0,2.0,62.71
C08942,3,Dormant / Low Value,575.0,2.0,78.81
C08943,2,Potential Loyalists,41.0,7.0,325.68
C08944,4,Loyal Customers,146.0,9.0,425.37
C08945,1,Champions,19.0,16.0,1082.76
C08946,3,Dormant / Low Value,125.0,3.0,77.93
C08947,4,Loyal Customers,161.0,10.0,725.88
C08948,4,Loyal Customers,175.0,12.0,1073.67
C08949,0,At Risk,175.0,3.0,179.94
C08950,3,Dormant / Low Value,150.0,3.0,61.190000000000005
C08951,0,At Risk,110.0,6.0,188.18
C08952,4,Loyal Customers,28.0,8.0,724.56
C08953,0,At Risk,121.0,3.0,434.38
C08954,0,At Risk,125.0,4.0,116.66
C08955,2,Potential Loyalists,10.0,5.0,467.11
C08956,4,Loyal Customers,42.0,13.0,936.7
C08957,4,Loyal Customers,193.0,11.0,1013.26
C08958,0,At Risk,126.0,4.0,200.95
C08959,2,Potential Loyalists,3.0,5.0,408.41
C08960,3,Dormant / Low Value,329.0,1.0,33.3
C08961,0,At Risk,64.0,3.0,193.54
C08962,4,Loyal Customers,168.0,8.0,459.85
C08963,4,Loyal Customers,50.0,12.0,1021.64
C08964,4,Loyal Customers,141.0,7.0,711.83
C08965,0,At Risk,181.0,4.0,403.45
C08966,2,Potential Loyalists,5.0,4.0,205.4
C08967,2,Potential Loyalists,28.0,8.0,333.64
C08968,1,Champions,9.0,17.0,1168.75
C08969,2,Potential Loyalists,5.0,4.0,297.96
C08970,1,Champions,27.0,17.0,836.38
C08971,0,At Risk,140.0,4.0,212.53
C08972,4,Loyal Customers,80.0,11.0,1482.6
C08973,3,Dormant / Low Value,62.0,2.0,106.3
C08974,3,Dormant / Low Value,87.0,3.0,80.19
C08975,0,At Risk,214.0,4.0,341.06
C08976,4,Loyal Customers,96.0,6.0,1625.68
C08977,1,Champions,6.0,21.0,1758.93
C08978,0,At Risk,59.0,4.0,453.62
C08979,4,Loyal Customers,70.0,10.0,1052.3
C08980,0,At Risk,356.0,4.0,107.56
C08981,0,At Risk,82.0,6.0,245.98
C08982,4,Loyal Customers,377.0,7.0,1607.95
C08983,1,Champions,9.0,15.0,1577.61
C08984,4,Loyal Customers,140.0,9.0,425.89
C08985,0,At Risk,215.0,7.0,366.8
C08986,0,At Risk,61.0,4.0,192.24
C08987,3,Dormant / Low Value,517.0,1.0,133.37
C08988,3,Dormant / Low Value,311.0,1.0,75.32
C08989,4,Loyal Customers,69.0,6.0,508.43
C08990,1,Champions,4.0,18.0,1214.33
C08991,3,Dormant / Low Value,183.0,2.0,156.99
C08992,0,At Risk,178.0,4.0,145.1
C08993,2,Potential Loyalists,33.0,6.0,382.61
C08994,4,Loyal Customers,58.0,8.0,353.08
C08995,1,Champions,9.0,22.0,1147.54
C08996,4,Loyal Customers,71.0,10.0,460.63
C08997,4,Loyal Customers,136.0,10.0,878.12
C08998,-1,No Purchase,,0.0,0.0
C08999,0,At Risk,226.0,6.0,269.83
C09000,4,Loyal Customers,47.0,16.0,889.48
C09001,2,Potential Loyalists,21.0,2.0,159.45
C09002,2,Potential Loyalists,17.0,2.0,72.13
C09003,0,At Risk,67.0,2.0,145.1
C09004,3,Dormant / Low Value,138.0,2.0,50.91
C09005,4,Loyal Customers,76.0,8.0,384.61
C09006,3,Dormant / Low Value,441.0,1.0,34.1
C09007,2,Potential Loyalists,28.0,8.0,227.62
C09008,1,Champions,32.0,12.0,619.8
C09009,3,Dormant / Low Value,150.0,1.0,133.8
C09010,3,Dormant / Low Value,401.0,2.0,130.88
C09011,1,Champions,25.0,10.0,823.23
C09012,1,Champions,13.0,24.0,3715.14
C09013,2,Potential Loyalists,31.0,6.0,333.82
C09014,-1,No Purchase,,0.0,0.0
C09015,4,Loyal Customers,88.0,12.0,642.5699999999999
C09016,1,Champions,32.0,12.0,1223.73
C09017,0,At Risk,163.0,7.0,341.38
C09018,4,Loyal Customers,40.0,11.0,1018.18
C09019,2,Potential Loyalists,16.0,8.0,571.85
C09020,0,At Risk,205.0,5.0,744.86
C09021,3,Dormant / Low Value,410.0,1.0,43.98
C09022,1,Champions,33.0,18.0,1603.25
C09023,2,Potential Loyalists,30.0,5.0,219.74
C09024,1,Champions,5.0,15.0,868.46
C09025,2,Potential Loyalists,14.0,5.0,155.52
C09026,2,Potential Loyalists,5.0,4.0,174.76
C09027,1,Champions,12.0,12.0,1043.04
C09028,0,At Risk,245.0,5.0,411.84
C09029,-1,No Purchase,,0.0,0.0
C09030,4,Loyal Customers,269.0,8.0,559.28
C09031,1,Champions,19.0,14.0,941.44
C09032,1,Champions,26.0,11.0,644.05
C09033,1,Champions,18.0,13.0,1435.62
C09034,4,Loyal Customers,45.0,8.0,417.12
C09035,3,Dormant / Low Value,596.0,1.0,54.38
C09036,1,Champions,10.0,12.0,874.52
C09037,0,At Risk,209.0,5.0,367.14
C09038,4,Loyal Customers,95.0,12.0,791.98
C09039,3,Dormant / Low Value,643.0,1.0,16.16
C09040,0,At Risk,102.0,6.0,365.95
C09041,0,At Risk,89.0,5.0,436.87
C09042,2,Potential Loyalists,15.0,9.0,424.35
C09043,4,Loyal Customers,135.0,10.0,1307.31
C09044,0,At Risk,133.0,3.0,136.11
C09045,3,Dormant / Low Value,30.0,1.0,6.15
C09046,3,Dormant / Low Value,497.0,1.0,55.34
C09047,0,At Risk,125.0,6.0,142.66
C09048,-1,No Purchase,,0.0,0.0
C09049,0,At Risk,87.0,4.0,325.72
C09050,0,At Risk,217.0,5.0,192.35
C09051,4,Loyal Customers,117.0,9.0,355.75
C09052,1,Champions,26.0,18.0,1229.52
C09053,4,Loyal Customers,107.0,7.0,462.92
C09054,1,Champions,36.0,14.0,979.78
C09055,1,Champions,30.0,15.0,735.62
C09056,1,Champions,16.0,10.0,398.11
C09057,0,At Risk,138.0,6.0,195.62
C09058,3,Dormant / Low Value,522.0,1.0,29.94
C09059,2,Potential Loyalists,22.0,7.0,276.67
C09060,4,Loyal Customers,80.0,16.0,860.05
C09061,1,Champions,23.0,15.0,1175.06
C09062,4,Loyal Customers,77.0,7.0,452.41
C09063,4,Loyal Customers,77.0,8.0,829.53
C09064,3,Dormant / Low Value,112.0,3.0,70.11000000000001
C09065,0,At Risk,273.0,6.0,501.08
C09066,1,Champions,6.0,12.0,703.55
C09067,4,Loyal Customers,58.0,8.0,249.95
C09068,1,Champions,25.0,12.0,1357.52
C09069,1,Champions,11.0,11.0,1296.91
C09070,3,Dormant / Low Value,573.0,1.0,18.91
C09071,4,Loyal Customers,97.0,8.0,396.8
C09072,0,At Risk,347.0,5.0,225.96
C09073,4,Loyal Customers,74.0,14.0,604.0
C09074,4,Loyal Customers,253.0,9.0,940.56
C09075,0,At Risk,88.0,4.0,114.26
C09076,0,At Risk,116.0,4.0,134.38
C09077,0,At Risk,70.0,6.0,243.18
C09078,4,Loyal Customers,80.0,6.0,625.52
C09079,4,Loyal Customers,64.0,7.0,386.51
C09080,4,Loyal Customers,64.0,6.0,2084.83
C09081,2,Potential Loyalists,40.0,4.0,339.89
C09082,1,Champions,10.0,9.0,656.82
C09083,0,At Risk,106.0,4.0,261.11
C09084,3,Dormant / Low Value,95.0,2.0,21.82
C09085,4,Loyal Customers,195.0,6.0,678.07
C09086,0,At Risk,86.0,4.0,198.28
C09087,4,Loyal Customers,162.0,9.0,389.4
C09088,4,Loyal Customers,102.0,8.0,269.45
C09089,4,Loyal Customers,103.0,8.0,602.71
C09090,0,At Risk,164.0,4.0,190.9
C09091,4,Loyal Customers,149.0,9.0,645.7
C09092,3,Dormant / Low Value,222.0,4.0,47.57
C09093,0,At Risk,206.0,4.0,472.26
C09094,3,Dormant / Low Value,272.0,2.0,68.38
C09095,4,Loyal Customers,162.0,8.0,411.34
C09096,4,Loyal Customers,60.0,7.0,935.49
C09097,0,At Risk,59.0,5.0,215.77
C09098,2,Potential Loyalists,5.0,6.0,393.79
C09099,3,Dormant / Low Value,295.0,2.0,51.27
C09100,1,Champions,15.0,7.0,874.76
C09101,0,At Risk,208.0,3.0,327.1
C09102,0,At Risk,223.0,7.0,404.42
C09103,4,Loyal Customers,60.0,6.0,478.49
C09104,1,Champions,33.0,13.0,1020.05
C09105,4,Loyal Customers,172.0,11.0,490.07
C09106,0,At Risk,385.0,4.0,356.67
C09107,4,Loyal Customers,40.0,11.0,681.75
C09108,4,Loyal Customers,65.0,10.0,1228.09
C09109,2,Potential Loyalists,38.0,7.0,358.48
C09110,3,Dormant / Low Value,230.0,2.0,78.34
C09111,4,Loyal Customers,106.0,8.0,440.05
C09112,0,At Risk,416.0,3.0,182.89
C09113,1,Champions,8.0,10.0,724.9
C09114,2,Potential Loyalists,44.0,5.0,267.33
C09115,1,Champions,35.0,16.0,681.4
C09116,0,At Risk,305.0,2.0,582.29
C09117,1,Champions,3.0,11.0,1053.53
C09118,4,Loyal Customers,76.0,9.0,598.52
C09119,4,Loyal Customers,62.0,13.0,1328.47
C09120,0,At Risk,144.0,4.0,228.26
C09121,3,Dormant / Low Value,141.0,1.0,135.97
C09122,1,Champions,11.0,19.0,1092.93
C09123,0,At Risk,123.0,3.0,438.96
C09124,1,Champions,22.0,13.0,835.01
C09125,-1,No Purchase,,0.0,0.0
C09126,0,At Risk,468.0,2.0,257.07
C09127,0,At Risk,123.0,6.0,424.14
C09128,0,At Risk,382.0,3.0,184.5
C09129,2,Potential Loyalists,19.0,7.0,517.5699999999999
C09130,2,Potential Loyalists,34.0,4.0,252.63
C09131,1,Champions,16.0,10.0,610.5
C09132,0,At Risk,81.0,6.0,252.39
C09133,2,Potential Loyalists,11.0,8.0,413.16
C09134,4,Loyal Customers,74.0,4.0,1957.92
C09135,4,Loyal Customers,51.0,13.0,1175.52
C09136,0,At Risk,76.0,6.0,333.64
C09137,0,At Risk,208.0,5.0,470.22
C09138,0,At Risk,289.0,6.0,260.81
C09139,0,At Risk,130.0,7.0,361.9
C09140,4,Loyal Customers,84.0,11.0,615.27
C09141,4,Loyal Customers,58.0,14.0,1629.04
C09142,3,Dormant / Low Value,129.0,3.0,50.95
C09143,4,Loyal Customers,35.0,10.0,624.49
C09144,0,At Risk,66.0,4.0,231.2
C09145,4,Loyal Customers,105.0,12.0,547.05
C09146,2,Potential Loyalists,50.0,4.0,148.9
C09147,0,At Risk,230.0,4.0,162.42
C09148,4,Loyal Customers,76.0,11.0,728.65
C09149,3,Dormant / Low Value,132.0,1.0,45.62
C09150,4,Loyal Customers,114.0,8.0,1020.26
C09151,0,At Risk,148.0,6.0,524.71
C09152,4,Loyal Customers,214.0,10.0,554.65
C09153,3,Dormant / Low Value,604.0,1.0,43.47
C09154,4,Loyal Customers,43.0,6.0,1210.1
C09155,1,Champions,15.0,18.0,1733.14
C09156,1,Champions,16.0,7.0,1709.54
C09157,0,At Risk,65.0,4.0,109.72
C09158,3,Dormant / Low Value,673.0,1.0,28.96
C09159,2,Potential Loyalists,20.0,7.0,230.31
C09160,4,Loyal Customers,97.0,8.0,616.95
C09161,1,Champions,38.0,15.0,877.6800000000001
C09162,2,Potential Loyalists,26.0,7.0,562.68
C09163,0,At Risk,105.0,4.0,434.62
C09164,0,At Risk,74.0,5.0,443.67
C09165,0,At Risk,89.0,4.0,391.54
C09166,2,Potential Loyalists,43.0,5.0,497.09
C09167,0,At Risk,276.0,5.0,173.05
C09168,4,Loyal Customers,364.0,6.0,3366.62
C09169,0,At Risk,280.0,3.0,378.68
C09170,2,Potential Loyalists,21.0,4.0,403.21
C09171,4,Loyal Customers,73.0,9.0,666.43
C09172,0,At Risk,149.0,6.0,351.14
C09173,2,Potential Loyalists,13.0,4.0,72.44999999999999
C09174,1,Champions,28.0,19.0,794.5
C09175,-1,No Purchase,,0.0,0.0
C09176,4,Loyal Customers,120.0,9.0,882.2199999999999
C09177,0,At Risk,164.0,4.0,1113.61
C09178,4,Loyal Customers,74.0,10.0,583.53
C09179,0,At Risk,142.0,4.0,117.5
C09180,0,At Risk,171.0,4.0,121.27
C09181,3,Dormant / Low Value,349.0,2.0,97.33
C09182,4,Loyal Customers,41.0,11.0,1346.3
C09183,-1,No Purchase,,0.0,0.0
C09184,4,Loyal Customers,94.0,12.0,445.11
C09185,3,Dormant / Low Value,190.0,2.0,61.79
C09186,4,Loyal Customers,44.0,13.0,761.26
C09187,4,Loyal Customers,126.0,12.0,715.27
C09188,4,Loyal Customers,32.0,10.0,441.53
C09189,4,Loyal Customers,158.0,11.0,692.98
C09190,0,At Risk,228.0,6.0,475.47
C09191,0,At Risk,266.0,3.0,766.26
C09192,4,Loyal Customers,70.0,11.0,1116.69
C09193,3,Dormant / Low Value,90.0,3.0,81.57
C09194,0,At Risk,105.0,6.0,252.6
C09195,3,Dormant / Low Value,361.0,2.0,93.46
C09196,1,Champions,37.0,11.0,1421.17
C09197,3,Dormant / Low Value,120.0,1.0,129.3
C09198,0,At Risk,68.0,5.0,182.28
C09199,4,Loyal Customers,103.0,8.0,636.14
C09200,3,Dormant / Low Value,229.0,3.0,108.15
C09201,-1,No Purchase,,0.0,0.0
C09202,3,Dormant / Low Value,227.0,1.0,75.32
C09203,2,Potential Loyalists,35.0,9.0,311.34000000000003
C09204,0,At Risk,238.0,4.0,396.25
C09205,0,At Risk,86.0,7.0,244.27
C09206,4,Loyal Customers,205.0,8.0,450.93
C09207,4,Loyal Customers,119.0,7.0,448.94
C09208,3,Dormant / Low Value,432.0,2.0,75.78999999999999
C09209,4,Loyal Customers,151.0,7.0,511.12
C09210,1,Champions,45.0,19.0,1450.07
C09211,0,At Risk,267.0,6.0,513.29
C09212,2,Potential Loyalists,42.0,5.0,183.7
C09213,0,At Risk,78.0,7.0,212.73
C09214,0,At Risk,502.0,2.0,329.67
C09215,4,Loyal Customers,64.0,7.0,434.15
C09216,-1,No Purchase,,0.0,0.0
C09217,3,Dormant / Low Value,205.0,1.0,47.95
C09218,0,At Risk,237.0,4.0,184.08
C09219,3,Dormant / Low Value,709.0,2.0,189.94
C09220,-1,No Purchase,,0.0,0.0
C09221,2,Potential Loyalists,35.0,5.0,252.82
C09222,2,Potential Loyalists,24.0,7.0,498.58
C09223,1,Champions,31.0,11.0,1419.35
C09224,0,At Risk,553.0,3.0,192.95
C09225,1,Champions,45.0,17.0,1247.78
C09226,0,At Risk,188.0,2.0,481.73
C09227,4,Loyal Customers,180.0,8.0,597.33
C09228,4,Loyal Customers,229.0,9.0,598.92
C09229,0,At Risk,163.0,5.0,400.3
C09230,0,At Risk,303.0,5.0,298.51
C09231,4,Loyal Customers,71.0,11.0,825.4200000000001
C09232,4,Loyal Customers,77.0,6.0,441.32
C09233,1,Champions,50.0,18.0,1132.42
C09234,0,At Risk,592.0,3.0,198.09
C09235,0,At Risk,136.0,6.0,280.56
C09236,0,At Risk,332.0,8.0,366.98
C09237,2,Potential Loyalists,3.0,6.0,243.73
C09238,4,Loyal Customers,91.0,5.0,878.44
C09239,0,At Risk,234.0,2.0,637.77
C09240,2,Potential Loyalists,21.0,3.0,64.56
C09241,4,Loyal Customers,33.0,8.0,631.62
C09242,4,Loyal Customers,120.0,8.0,1035.82
C09243,0,At Risk,63.0,3.0,237.2
C09244,2,Potential Loyalists,26.0,8.0,387.91
C09245,3,Dormant / Low Value,267.0,3.0,89.83
C09246,4,Loyal Customers,78.0,7.0,617.4399999999999
C09247,1,Champions,3.0,12.0,967.18
C09248,0,At Risk,144.0,6.0,194.06
C09249,1,Champions,4.0,11.0,548.51
C09250,2,Potential Loyalists,31.0,2.0,118.99
C09251,2,Potential Loyalists,11.0,8.0,168.89
C09252,4,Loyal Customers,121.0,7.0,916.19
C09253,1,Champions,28.0,13.0,753.38
C09254,1,Champions,5.0,6.0,934.17
C09255,0,At Risk,377.0,3.0,178.94
C09256,2,Potential Loyalists,40.0,7.0,320.11
C09257,1,Champions,5.0,20.0,1355.87
C09258,2,Potential Loyalists,15.0,3.0,371.05
C09259,4,Loyal Customers,73.0,7.0,604.89
C09260,-1,No Purchase,,0.0,0.0
C09261,2,Potential Loyalists,2.0,6.0,329.77
C09262,1,Champions,3.0,13.0,2040.28
C09263,4,Loyal Customers,43.0,8.0,1053.84
C09264,2,Potential Loyalists,9.0,4.0,556.4100000000001
C09265,4,Loyal Customers,81.0,9.0,504.97
C09266,4,Loyal Customers,40.0,12.0,941.14
C09267,4,Loyal Customers,44.0,13.0,1225.61
C09268,4,Loyal Customers,59.0,15.0,869.76
C09269,4,Loyal Customers,53.0,8.0,473.52
C09270,0,At Risk,98.0,4.0,300.31
C09271,4,Loyal Customers,38.0,10.0,926.5
C09272,1,Champions,39.0,13.0,1295.97
C09273,0,At Risk,326.0,4.0,500.9
C09274,4,Loyal Customers,43.0,9.0,1671.5
C09275,3,Dormant / Low Value,278.0,2.0,62.05
C09276,1,Champions,16.0,30.0,1990.79
C09277,0,At Risk,269.0,5.0,657.69
C09278,0,At Risk,596.0,2.0,214.65
C09279,4,Loyal Customers,83.0,19.0,1977.33
C09280,1,Champions,38.0,19.0,1310.94
C09281,3,Dormant / Low Value,456.0,1.0,85.41
C09282,4,Loyal Customers,95.0,9.0,514.41
C09283,0,At Risk,102.0,4.0,422.76
C09284,1,Champions,19.0,8.0,988.44
C09285,0,At Risk,246.0,4.0,158.03
C09286,1,Champions,5.0,17.0,3636.74
C09287,4,Loyal Customers,62.0,8.0,351.71
C09288,0,At Risk,421.0,4.0,374.56
C09289,2,Potential Loyalists,28.0,5.0,321.04
C09290,4,Loyal Customers,162.0,7.0,692.32
C09291,1,Champions,58.0,24.0,2478.85
C09292,1,Champions,7.0,11.0,498.5
C09293,2,Potential Loyalists,21.0,6.0,368.62
C09294,2,Potential Loyalists,49.0,5.0,450.47
C09295,0,At Risk,343.0,5.0,213.69
C09296,3,Dormant / Low Value,77.0,3.0,64.85
C09297,1,Champions,9.0,17.0,1541.84
C09298,4,Loyal Customers,56.0,8.0,362.27
C09299,3,Dormant / Low Value,380.0,2.0,73.97
C09300,1,Champions,23.0,14.0,745.71
C09301,0,At Risk,131.0,5.0,456.24
C09302,4,Loyal Customers,50.0,7.0,724.98
C09303,2,Potential Loyalists,50.0,6.0,406.29
C09304,0,At Risk,87.0,3.0,146.11
C09305,0,At Risk,304.0,7.0,407.68
C09306,4,Loyal Customers,88.0,9.0,435.73
C09307,1,Champions,15.0,18.0,1499.78
C09308,4,Loyal Customers,147.0,8.0,740.27
C09309,4,Loyal Customers,85.0,6.0,462.23
C09310,3,Dormant / Low Value,289.0,3.0,105.05
C09311,1,Champions,16.0,11.0,683.32
C09312,2,Potential Loyalists,19.0,4.0,344.11
C09313,0,At Risk,96.0,7.0,274.55
C09314,2,Potential Loyalists,29.0,4.0,584.74
C09315,4,Loyal Customers,60.0,18.0,1283.67
C09316,4,Loyal Customers,86.0,16.0,507.35
C09317,4,Loyal Customers,149.0,8.0,455.38
C09318,4,Loyal Customers,92.0,13.0,743.08
C09319,4,Loyal Customers,46.0,8.0,812.42
C09320,1,Champions,26.0,15.0,1381.53
C09321,0,At Risk,152.0,4.0,175.9
C09322,3,Dormant / Low Value,385.0,1.0,20.01
C09323,4,Loyal Customers,100.0,6.0,435.91
C09324,2,Potential Loyalists,9.0,4.0,95.42
C09325,2,Potential Loyalists,29.0,7.0,414.62
C09326,1,Champions,14.0,11.0,1381.71
C09327,0,At Risk,289.0,4.0,273.12
C09328,3,Dormant / Low Value,539.0,2.0,182.7
C09329,2,Potential Loyalists,55.0,6.0,335.47
C09330,4,Loyal Customers,75.0,9.0,522.0999999999999
C09331,3,Dormant / Low Value,407.0,1.0,57.5
C09332,4,Loyal Customers,58.0,11.0,338.88
C09333,2,Potential Loyalists,23.0,7.0,372.07
C09334,4,Loyal Customers,46.0,10.0,953.68
C09335,1,Champions,31.0,11.0,1455.69
C09336,2,Potential Loyalists,49.0,4.0,742.66
C09337,0,At Risk,81.0,7.0,271.03
C09338,2,Potential Loyalists,33.0,5.0,390.38
C09339,0,At Risk,476.0,3.0,409.82
C09340,0,At Risk,145.0,2.0,168.7
C09341,0,At Risk,195.0,3.0,162.14
C09342,4,Loyal Customers,35.0,7.0,671.97
C09343,2,Potential Loyalists,18.0,6.0,401.52
C09344,0,At Risk,127.0,3.0,135.57
C09345,0,At Risk,229.0,4.0,219.59
C09346,0,At Risk,84.0,6.0,309.37
C09347,4,Loyal Customers,140.0,15.0,546.87
C09348,4,Loyal Customers,103.0,9.0,746.1500000000001
C09349,0,At Risk,68.0,3.0,231.59
C09350,1,Champions,16.0,15.0,689.17
C09351,4,Loyal Customers,138.0,8.0,759.8399999999999
C09352,1,Champions,22.0,12.0,993.19
C09353,4,Loyal Customers,47.0,8.0,473.49
C09354,0,At Risk,104.0,6.0,337.85
C09355,0,At Risk,192.0,4.0,318.32
C09356,2,Potential Loyalists,19.0,1.0,442.32
C09357,0,At Risk,151.0,7.0,344.42
C09358,2,Potential Loyalists,22.0,6.0,190.56
C09359,0,At Risk,238.0,3.0,191.58
C09360,0,At Risk,514.0,3.0,244.5
C09361,0,At Risk,157.0,4.0,239.48
C09362,4,Loyal Customers,138.0,7.0,678.4200000000001
C09363,1,Champions,21.0,7.0,799.27
C09364,1,Champions,15.0,10.0,1648.63
C09365,2,Potential Loyalists,10.0,5.0,525.86
C09366,1,Champions,20.0,17.0,2282.23
C09367,4,Loyal Customers,241.0,8.0,616.0799999999999
C09368,4,Loyal Customers,89.0,12.0,435.18
C09369,4,Loyal Customers,32.0,11.0,594.36
C09370,4,Loyal Customers,40.0,9.0,1430.35
C09371,0,At Risk,191.0,4.0,351.69
C09372,1,Champions,8.0,10.0,1773.5700000000002
C09373,3,Dormant / Low Value,319.0,1.0,29.24
C09374,1,Champions,15.0,12.0,741.13
C09375,2,Potential Loyalists,59.0,5.0,483.92
C09376,3,Dormant / Low Value,296.0,1.0,6.24
C09377,0,At Risk,131.0,5.0,121.37
C09378,0,At Risk,222.0,6.0,371.66
C09379,0,At Risk,329.0,3.0,656.36
C09380,0,At Risk,153.0,3.0,242.27
C09381,3,Dormant / Low Value,297.0,3.0,81.08
C09382,0,At Risk,321.0,6.0,323.76
C09383,4,Loyal Customers,264.0,11.0,860.29
C09384,4,Loyal Customers,57.0,7.0,591.8000000000001
C09385,4,Loyal Customers,61.0,16.0,1749.49
C09386,1,Champions,26.0,19.0,1212.92
C09387,0,At Risk,280.0,5.0,473.36
C09388,0,At Risk,146.0,5.0,357.06
C09389,0,At Risk,142.0,6.0,421.79
C09390,4,Loyal Customers,52.0,10.0,377.8
C09391,1,Champions,10.0,13.0,506.61
C09392,4,Loyal Customers,102.0,14.0,988.28
C09393,3,Dormant / Low Value,100.0,1.0,84.74
C09394,1,Champions,9.0,16.0,2186.61
C09395,1,Champions,18.0,13.0,892.62
C09396,1,Champions,17.0,9.0,1202.13
C09397,1,Champions,4.0,20.0,1692.38
C09398,2,Potential Loyalists,30.0,5.0,220.89
C09399,2,Potential Loyalists,3.0,6.0,433.27
C09400,4,Loyal Customers,101.0,11.0,1230.32
C09401,1,Champions,6.0,14.0,984.37
C09402,4,Loyal Customers,39.0,10.0,1394.57
C09403,4,Loyal Customers,142.0,6.0,528.88
C09404,0,At Risk,175.0,4.0,342.32
C09405,2,Potential Loyalists,23.0,5.0,147.32
C09406,0,At Risk,273.0,7.0,474.12
C09407,-1,No Purchase,,0.0,0.0
C09408,1,Champions,27.0,8.0,2372.0
C09409,2,Potential Loyalists,16.0,4.0,223.65
C09410,0,At Risk,61.0,5.0,151.51
C09411,0,At Risk,337.0,6.0,203.75
C09412,0,At Risk,112.0,4.0,95.09
C09413,-1,No Purchase,,0.0,0.0
C09414,1,Champions,15.0,13.0,1505.94
C09415,0,At Risk,220.0,4.0,215.66
C09416,4,Loyal Customers,101.0,8.0,638.73
C09417,4,Loyal Customers,101.0,10.0,725.79
C09418,0,At Risk,57.0,3.0,162.66
C09419,-1,No Purchase,,0.0,0.0
C09420,3,Dormant / Low Value,495.0,3.0,129.79
C09421,0,At Risk,91.0,4.0,162.12
C09422,2,Potential Loyalists,48.0,5.0,312.04
C09423,3,Dormant / Low Value,472.0,3.0,70.49000000000001
C09424,2,Potential Loyalists,52.0,5.0,512.51
C09425,2,Potential Loyalists,24.0,9.0,502.86
C09426,0,At Risk,356.0,3.0,656.85
C09427,1,Champions,10.0,9.0,950.98
C09428,1,Champions,20.0,7.0,1051.83
C09429,4,Loyal Customers,95.0,14.0,689.3199999999999
C09430,0,At Risk,333.0,7.0,272.55
C09431,0,At Risk,129.0,7.0,275.97
C09432,4,Loyal Customers,50.0,9.0,565.87
C09433,4,Loyal Customers,88.0,8.0,405.98
C09434,4,Loyal Customers,48.0,16.0,601.8
C09435,2,Potential Loyalists,26.0,6.0,173.18
C09436,3,Dormant / Low Value,347.0,3.0,87.13
C09437,4,Loyal Customers,70.0,8.0,432.72
C09438,0,At Risk,179.0,3.0,109.1
C09439,0,At Risk,109.0,6.0,185.33
C09440,2,Potential Loyalists,13.0,10.0,340.26
C09441,1,Champions,4.0,15.0,1062.24
C09442,1,Champions,7.0,10.0,1072.42
C09443,3,Dormant / Low Value,83.0,2.0,91.48
C09444,4,Loyal Customers,116.0,6.0,1554.35
C09445,0,At Risk,139.0,3.0,201.3
C09446,0,At Risk,276.0,5.0,388.66
C09447,2,Potential Loyalists,33.0,5.0,278.17
C09448,0,At Risk,67.0,5.0,179.41
C09449,0,At Risk,353.0,2.0,442.71
C09450,1,Champions,5.0,21.0,1860.83
C09451,0,At Risk,316.0,3.0,169.55
C09452,4,Loyal Customers,61.0,14.0,1045.63
C09453,4,Loyal Customers,69.0,11.0,1197.98
C09454,4,Loyal Customers,111.0,8.0,309.36
C09455,4,Loyal Customers,96.0,7.0,348.87
C09456,3,Dormant / Low Value,648.0,1.0,25.15
C09457,3,Dormant / Low Value,104.0,2.0,70.35
C09458,1,Champions,34.0,9.0,1372.49
C09459,-1,No Purchase,,0.0,0.0
C09460,1,Champions,3.0,19.0,845.6600000000001
C09461,0,At Risk,79.0,5.0,329.85
C09462,3,Dormant / Low Value,238.0,1.0,16.89
C09463,0,At Risk,295.0,3.0,278.3
C09464,3,Dormant / Low Value,266.0,2.0,54.51
C09465,3,Dormant / Low Value,214.0,3.0,45.43
C09466,4,Loyal Customers,140.0,11.0,741.75
C09467,3,Dormant / Low Value,102.0,1.0,6.55
C09468,2,Potential Loyalists,38.0,3.0,244.2
C09469,4,Loyal Customers,122.0,7.0,413.78
C09470,2,Potential Loyalists,25.0,6.0,296.79
C09471,2,Potential Loyalists,37.0,4.0,431.82
C09472,2,Potential Loyalists,3.0,6.0,314.93
C09473,3,Dormant / Low Value,147.0,3.0,50.95
C09474,4,Loyal Customers,65.0,7.0,754.91
C09475,2,Potential Loyalists,2.0,2.0,401.24
C09476,2,Potential Loyalists,26.0,7.0,245.68
C09477,4,Loyal Customers,57.0,12.0,680.63
C09478,0,At Risk,115.0,5.0,610.67
C09479,4,Loyal Customers,48.0,11.0,1206.49
C09480,2,Potential Loyalists,38.0,2.0,107.02
C09481,0,At Risk,170.0,4.0,92.78
C09482,-1,No Purchase,,0.0,0.0
C09483,1,Champions,26.0,12.0,482.56
C09484,4,Loyal Customers,134.0,10.0,652.86
C09485,3,Dormant / Low Value,204.0,2.0,59.83
C09486,0,At Risk,154.0,5.0,405.41
C09487,4,Loyal Customers,66.0,7.0,725.72
C09488,-1,No Purchase,,0.0,0.0
C09489,1,Champions,30.0,16.0,828.1700000000001
C09490,0,At Risk,80.0,5.0,234.13
C09491,1,Champions,36.0,19.0,1418.6
C09492,1,Champions,10.0,16.0,2009.6
C09493,4,Loyal Customers,135.0,8.0,382.5
C09494,3,Dormant / Low Value,166.0,3.0,92.56
C09495,0,At Risk,106.0,5.0,330.09
C09496,3,Dormant / Low Value,373.0,2.0,78.0
C09497,3,Dormant / Low Value,60.0,3.0,81.17
C09498,3,Dormant / Low Value,434.0,1.0,17.63
C09499,3,Dormant / Low Value,386.0,4.0,77.53
C09500,2,Potential Loyalists,24.0,7.0,271.14
C09501,3,Dormant / Low Value,233.0,3.0,31.61
C09502,4,Loyal Customers,34.0,7.0,667.6899999999999
C09503,4,Loyal Customers,153.0,6.0,877.69
C09504,0,At Risk,166.0,7.0,361.31
C09505,2,Potential Loyalists,23.0,6.0,930.34
C09506,4,Loyal Customers,98.0,7.0,470.73
C09507,4,Loyal Customers,124.0,4.0,1227.05
C09508,1,Champions,14.0,15.0,1299.34
C09509,0,At Risk,369.0,2.0,794.46
C09510,4,Loyal Customers,122.0,9.0,413.94
C09511,0,At Risk,160.0,6.0,300.21
C09512,3,Dormant / Low Value,186.0,1.0,16.5
C09513,4,Loyal Customers,48.0,6.0,564.99
C09514,0,At Risk,210.0,2.0,168.32999999999998
C09515,1,Champions,3.0,21.0,1325.38
C09516,1,Champions,8.0,19.0,1515.52
C09517,0,At Risk,78.0,5.0,187.48
C09518,4,Loyal Customers,37.0,9.0,781.39
C09519,-1,No Purchase,,0.0,0.0
C09520,1,Champions,2.0,24.0,1508.95
C09521,4,Loyal Customers,78.0,6.0,618.8
C09522,0,At Risk,198.0,2.0,429.01
C09523,4,Loyal Customers,94.0,11.0,566.5699999999999
C09524,-1,No Purchase,,0.0,0.0
C09525,4,Loyal Customers,30.0,7.0,720.64
C09526,0,At Risk,153.0,6.0,387.83
C09527,3,Dormant / Low Value,604.0,1.0,12.98
C09528,0,At Risk,271.0,4.0,368.03
C09529,0,At Risk,53.0,3.0,306.42
C09530,2,Potential Loyalists,61.0,6.0,303.21
C09531,0,At Risk,355.0,4.0,359.37
C09532,0,At Risk,255.0,3.0,307.51
C09533,0,At Risk,191.0,6.0,362.7
C09534,1,Champions,16.0,16.0,1093.68
C09535,4,Loyal Customers,146.0,11.0,548.02
C09536,1,Champions,24.0,14.0,1132.75
C09537,0,At Risk,57.0,4.0,470.46
C09538,4,Loyal Customers,154.0,8.0,401.85
C09539,2,Potential Loyalists,17.0,5.0,288.22
C09540,-1,No Purchase,,0.0,0.0
C09541,0,At Risk,426.0,2.0,1733.0200000000002
C09542,4,Loyal Customers,365.0,10.0,874.3199999999999
C09543,4,Loyal Customers,48.0,6.0,840.37
C09544,3,Dormant / Low Value,126.0,3.0,70.05
C09545,3,Dormant / Low Value,242.0,2.0,89.31
C09546,4,Loyal Customers,35.0,13.0,587.8199999999999
C09547,1,Champions,26.0,11.0,1175.72
C09548,2,Potential Loyalists,60.0,6.0,273.12
C09549,2,Potential Loyalists,30.0,3.0,345.33
C09550,4,Loyal Customers,55.0,14.0,1114.67
C09551,2,Potential Loyalists,11.0,5.0,190.19
C09552,0,At Risk,141.0,4.0,231.52
C09553,0,At Risk,108.0,5.0,232.58
C09554,0,At Risk,217.0,2.0,478.33
C09555,4,Loyal Customers,143.0,6.0,655.25
C09556,0,At Risk,310.0,4.0,283.28
C09557,0,At Risk,139.0,4.0,110.49
C09558,0,At Risk,102.0,3.0,199.98
C09559,4,Loyal Customers,78.0,9.0,481.62
C09560,0,At Risk,81.0,4.0,193.63
C09561,0,At Risk,367.0,2.0,186.26
C09562,3,Dormant / Low Value,109.0,2.0,136.07
C09563,0,At Risk,281.0,3.0,203.43
C09564,2,Potential Loyalists,3.0,6.0,288.26
C09565,0,At Risk,161.0,6.0,271.27
C09566,-1,No Purchase,,0.0,0.0
C09567,0,At Risk,143.0,6.0,237.76
C09568,0,At Risk,246.0,4.0,737.61
C09569,4,Loyal Customers,61.0,11.0,1048.83
C09570,0,At Risk,253.0,3.0,505.91
C09571,4,Loyal Customers,252.0,8.0,650.9499999999999
C09572,2,Potential Loyalists,23.0,6.0,879.72
C09573,4,Loyal Customers,94.0,12.0,636.49
C09574,0,At Risk,131.0,3.0,320.89000000000004
C09575,0,At Risk,76.0,5.0,110.18
C09576,2,Potential Loyalists,20.0,5.0,496.0
C09577,4,Loyal Customers,118.0,10.0,339.22
C09578,3,Dormant / Low Value,390.0,1.0,17.54
C09579,2,Potential Loyalists,19.0,4.0,377.3
C09580,4,Loyal Customers,84.0,10.0,650.56
C09581,3,Dormant / Low Value,193.0,1.0,149.64
C09582,3,Dormant / Low Value,464.0,3.0,78.19
C09583,1,Champions,14.0,19.0,724.21
C09584,4,Loyal Customers,44.0,14.0,680.16
C09585,4,Loyal Customers,148.0,15.0,1475.93
C09586,2,Potential Loyalists,19.0,9.0,429.05
C09587,0,At Risk,159.0,6.0,351.52000000000004
C09588,4,Loyal Customers,45.0,12.0,1114.34
C09589,-1,No Purchase,,0.0,0.0
C09590,0,At Risk,66.0,6.0,245.93
C09591,3,Dormant / Low Value,180.0,2.0,82.88
C09592,1,Champions,38.0,17.0,928.82
C09593,2,Potential Loyalists,35.0,7.0,484.32
C09594,1,Champions,2.0,10.0,852.4399999999999
C09595,0,At Risk,278.0,6.0,566.81
C09596,0,At Risk,130.0,5.0,289.31
C09597,2,Potential Loyalists,47.0,6.0,452.9
C09598,0,At Risk,104.0,7.0,283.42
C09599,4,Loyal Customers,108.0,6.0,615.47
C09600,4,Loyal Customers,95.0,8.0,301.48
C09601,3,Dormant / Low Value,364.0,2.0,145.74
C09602,4,Loyal Customers,46.0,8.0,558.53
C09603,4,Loyal Customers,64.0,7.0,614.22
C09604,2,Potential Loyalists,18.0,2.0,306.26
C09605,4,Loyal Customers,94.0,13.0,684.13
C09606,4,Loyal Customers,44.0,9.0,395.26
C09607,0,At Risk,148.0,6.0,486.5
C09608,0,At Risk,60.0,2.0,281.14
C09609,3,Dormant / Low Value,349.0,2.0,121.96
C09610,4,Loyal Customers,93.0,10.0,1086.03
C09611,1,Champions,35.0,16.0,1043.71
C09612,4,Loyal Customers,32.0,8.0,520.9
C09613,4,Loyal Customers,203.0,7.0,1293.06
C09614,2,Potential Loyalists,48.0,5.0,427.2
C09615,1,Champions,21.0,12.0,654.3100000000001
C09616,2,Potential Loyalists,46.0,5.0,257.48999999999995
C09617,3,Dormant / Low Value,322.0,1.0,34.98
C09618,0,At Risk,160.0,5.0,138.14999999999998
C09619,4,Loyal Customers,112.0,17.0,1080.16
C09620,3,Dormant / Low Value,611.0,1.0,120.62
C09621,0,At Risk,183.0,6.0,327.68
C09622,1,Champions,41.0,20.0,958.42
C09623,1,Champions,15.0,10.0,799.3
C09624,1,Champions,21.0,8.0,1470.29
C09625,1,Champions,9.0,15.0,1211.61
C09626,0,At Risk,89.0,5.0,369.73
C09627,0,At Risk,186.0,6.0,283.56
C09628,4,Loyal Customers,64.0,19.0,927.98
C09629,1,Champions,12.0,9.0,509.51
C09630,2,Potential Loyalists,8.0,8.0,509.88
C09631,3,Dormant / Low Value,272.0,1.0,85.9
C09632,0,At Risk,262.0,3.0,352.2
C09633,1,Champions,25.0,11.0,950.25
C09634,0,At Risk,123.0,6.0,166.11
C09635,0,At Risk,100.0,6.0,376.68
C09636,0,At Risk,171.0,4.0,328.79
C09637,4,Loyal Customers,29.0,7.0,862.0
C09638,4,Loyal Customers,78.0,11.0,713.63
C09639,0,At Risk,186.0,4.0,332.06
C09640,4,Loyal Customers,119.0,10.0,897.05
C09641,4,Loyal Customers,44.0,6.0,584.98
C09642,1,Champions,4.0,12.0,923.16
C09643,2,Potential Loyalists,5.0,3.0,217.9
C09644,1,Champions,22.0,14.0,794.7
C09645,4,Loyal Customers,151.0,8.0,591.6500000000001
C09646,2,Potential Loyalists,18.0,6.0,419.12
C09647,1,Champions,14.0,9.0,2366.43
C09648,3,Dormant / Low Value,338.0,1.0,41.75
C09649,0,At Risk,236.0,7.0,347.8
C09650,4,Loyal Customers,40.0,10.0,509.8
C09651,1,Champions,15.0,11.0,679.37
C09652,3,Dormant / Low Value,207.0,2.0,68.4
C09653,1,Champions,14.0,8.0,1728.59
C09654,1,Champions,8.0,16.0,1468.79
C09655,4,Loyal Customers,57.0,11.0,1298.31
C09656,0,At Risk,191.0,5.0,779.82
C09657,3,Dormant / Low Value,612.0,1.0,101.58
C09658,1,Champions,22.0,17.0,968.55
C09659,4,Loyal Customers,47.0,6.0,504.63
C09660,4,Loyal Customers,117.0,8.0,536.22
C09661,1,Champions,12.0,7.0,916.15
C09662,0,At Risk,86.0,3.0,786.99
C09663,4,Loyal Customers,62.0,10.0,557.47
C09664,2,Potential Loyalists,9.0,6.0,215.58
C09665,4,Loyal Customers,69.0,9.0,856.35
C09666,3,Dormant / Low Value,291.0,1.0,37.78
C09667,0,At Risk,309.0,3.0,199.37
C09668,1,Champions,2.0,16.0,1568.68
C09669,4,Loyal Customers,94.0,13.0,692.69
C09670,0,At Risk,136.0,2.0,404.93
C09671,3,Dormant / Low Value,539.0,2.0,31.46
C09672,4,Loyal Customers,43.0,10.0,422.16
C09673,4,Loyal Customers,56.0,8.0,644.15
C09674,4,Loyal Customers,124.0,8.0,524.84
C09675,3,Dormant / Low Value,113.0,2.0,41.33
C09676,4,Loyal Customers,149.0,10.0,875.07
C09677,4,Loyal Customers,149.0,10.0,488.97
C09678,0,At Risk,334.0,5.0,416.42
C09679,4,Loyal Customers,62.0,6.0,922.7
C09680,4,Loyal Customers,56.0,9.0,409.53
C09681,2,Potential Loyalists,57.0,5.0,449.82
C09682,3,Dormant / Low Value,59.0,2.0,30.63
C09683,3,Dormant / Low Value,260.0,2.0,72.46000000000001
C09684,2,Potential Loyalists,32.0,5.0,318.94
C09685,3,Dormant / Low Value,363.0,2.0,50.39
C09686,1,Champions,35.0,19.0,998.47
C09687,1,Champions,32.0,22.0,1879.55
C09688,3,Dormant / Low Value,292.0,3.0,113.88
C09689,3,Dormant / Low Value,78.0,1.0,185.33
C09690,4,Loyal Customers,87.0,8.0,394.63
C09691,3,Dormant / Low Value,404.0,1.0,64.08
C09692,4,Loyal Customers,73.0,10.0,423.16
C09693,3,Dormant / Low Value,395.0,2.0,76.66
C09694,2,Potential Loyalists,20.0,3.0,94.84
C09695,4,Loyal Customers,61.0,8.0,232.4
C09696,4,Loyal Customers,82.0,11.0,596.97
C09697,4,Loyal Customers,130.0,9.0,535.9300000000001
C09698,2,Potential Loyalists,27.0,3.0,188.54
C09699,3,Dormant / Low Value,219.0,3.0,97.09
C09700,3,Dormant / Low Value,50.0,2.0,114.91
C09701,0,At Risk,177.0,4.0,123.14
C09702,0,At Risk,625.0,1.0,347.34
C09703,0,At Risk,196.0,3.0,317.74
C09704,0,At Risk,314.0,4.0,225.55
C09705,3,Dormant / Low Value,60.0,3.0,60.79
C09706,2,Potential Loyalists,34.0,9.0,333.21
C09707,1,Champions,24.0,13.0,933.23
C09708,1,Champions,21.0,15.0,860.0
C09709,4,Loyal Customers,74.0,7.0,285.13
C09710,0,At Risk,299.0,6.0,186.52
C09711,4,Loyal Customers,44.0,6.0,658.41
C09712,1,Champions,1.0,19.0,1921.89
C09713,1,Champions,6.0,10.0,1214.27
C09714,0,At Risk,192.0,5.0,201.73
C09715,0,At Risk,162.0,3.0,107.23
C09716,2,Potential Loyalists,53.0,5.0,352.32
C09717,3,Dormant / Low Value,392.0,2.0,41.04
C09718,4,Loyal Customers,144.0,11.0,1349.84
C09719,3,Dormant / Low Value,220.0,2.0,31.33
C09720,0,At Risk,113.0,6.0,223.76
C09721,-1,No Purchase,,0.0,0.0
C09722,4,Loyal Customers,199.0,7.0,466.28
C09723,2,Potential Loyalists,24.0,6.0,320.2
C09724,1,Champions,14.0,12.0,1524.41
C09725,4,Loyal Customers,36.0,7.0,1121.46
C09726,2,Potential Loyalists,39.0,5.0,243.49
C09727,0,At Risk,190.0,5.0,373.43
C09728,1,Champions,27.0,8.0,1057.17
C09729,1,Champions,32.0,14.0,1517.59
C09730,0,At Risk,114.0,3.0,269.57
C09731,0,At Risk,235.0,7.0,272.35
C09732,0,At Risk,52.0,2.0,414.04
C09733,2,Potential Loyalists,15.0,3.0,267.59
C09734,0,At Risk,153.0,2.0,221.99
C09735,1,Champions,6.0,8.0,908.17
C09736,2,Potential Loyalists,5.0,5.0,244.22
C09737,3,Dormant / Low Value,291.0,3.0,105.62
C09738,0,At Risk,177.0,5.0,699.76
C09739,0,At Risk,193.0,6.0,339.91
C09740,4,Loyal Customers,109.0,6.0,519.36
C09741,4,Loyal Customers,96.0,7.0,473.41
C09742,0,At Risk,135.0,5.0,317.16
C09743,0,At Risk,69.0,6.0,328.73
C09744,4,Loyal Customers,111.0,14.0,1590.8300000000002
C09745,4,Loyal Customers,99.0,9.0,727.8199999999999
C09746,4,Loyal Customers,35.0,9.0,846.48
C09747,4,Loyal Customers,48.0,14.0,974.05
C09748,1,Champions,24.0,9.0,634.39
C09749,2,Potential Loyalists,12.0,5.0,330.45
C09750,3,Dormant / Low Value,436.0,1.0,46.04
C09751,1,Champions,12.0,17.0,1886.73
C09752,2,Potential Loyalists,2.0,7.0,279.67
C09753,3,Dormant / Low Value,711.0,1.0,45.31
C09754,2,Potential Loyalists,12.0,8.0,531.44
C09755,4,Loyal Customers,95.0,11.0,979.64
C09756,4,Loyal Customers,71.0,12.0,1725.01
C09757,2,Potential Loyalists,23.0,6.0,290.4
C09758,0,At Risk,68.0,5.0,107.96
C09759,3,Dormant / Low Value,32.0,2.0,50.77
C09760,4,Loyal Customers,123.0,16.0,872.06
C09761,3,Dormant / Low Value,174.0,2.0,58.66
C09762,4,Loyal Customers,50.0,12.0,1360.15
C09763,0,At Risk,142.0,5.0,183.06
C09764,0,At Risk,59.0,5.0,199.68
C09765,0,At Risk,314.0,4.0,184.36
C09766,0,At Risk,287.0,4.0,355.41
C09767,2,Potential Loyalists,23.0,6.0,164.28
C09768,4,Loyal Customers,158.0,8.0,702.19
C09769,3,Dormant / Low Value,255.0,3.0,71.6
C09770,2,Potential Loyalists,12.0,4.0,179.39999999999998
C09771,0,At Risk,200.0,5.0,551.76
C09772,1,Champions,1.0,9.0,521.77
C09773,3,Dormant / Low Value,247.0,3.0,44.73
C09774,1,Champions,11.0,12.0,932.31
C09775,3,Dormant / Low Value,677.0,1.0,19.85
C09776,4,Loyal Customers,65.0,6.0,637.98
C09777,4,Loyal Customers,51.0,10.0,550.6
C09778,1,Champions,20.0,13.0,1239.46
C09779,4,Loyal Customers,68.0,9.0,525.5
C09780,3,Dormant / Low Value,362.0,2.0,175.64
C09781,0,At Risk,111.0,5.0,129.82999999999998
C09782,4,Loyal Customers,53.0,10.0,511.41
C09783,3,Dormant / Low Value,335.0,1.0,25.77
C09784,0,At Risk,410.0,2.0,857.8299999999999
C09785,2,Potential Loyalists,5.0,9.0,335.69
C09786,2,Potential Loyalists,37.0,7.0,334.23
C09787,2,Potential Loyalists,45.0,3.0,87.66
C09788,0,At Risk,296.0,5.0,637.62
C09789,4,Loyal Customers,146.0,14.0,735.18
C09790,2,Potential Loyalists,4.0,4.0,283.48
C09791,-1,No Purchase,,0.0,0.0
C09792,0,At Risk,98.0,4.0,471.26
C09793,2,Potential Loyalists,13.0,4.0,271.20000000000005
C09794,0,At Risk,64.0,5.0,161.31
C09795,1,Champions,7.0,10.0,1731.44
C09796,0,At Risk,116.0,3.0,203.18
C09797,1,Champions,26.0,7.0,996.7
C09798,3,Dormant / Low Value,616.0,2.0,36.7
C09799,1,Champions,9.0,11.0,988.7
C09800,0,At Risk,95.0,6.0,305.8
C09801,4,Loyal Customers,62.0,11.0,769.29
C09802,4,Loyal Customers,53.0,10.0,418.8
C09803,1,Champions,20.0,17.0,1064.76
C09804,3,Dormant / Low Value,366.0,2.0,135.47
C09805,1,Champions,40.0,15.0,1640.9999999999998
C09806,4,Loyal Customers,55.0,11.0,952.72
C09807,2,Potential Loyalists,39.0,3.0,207.58
C09808,0,At Risk,171.0,6.0,263.45
C09809,4,Loyal Customers,58.0,10.0,1113.91
C09810,4,Loyal Customers,49.0,9.0,606.11
C09811,4,Loyal Customers,271.0,7.0,600.74
C09812,4,Loyal Customers,92.0,6.0,535.36
C09813,2,Potential Loyalists,2.0,2.0,147.52
C09814,-1,No Purchase,,0.0,0.0
C09815,0,At Risk,85.0,5.0,298.64
C09816,0,At Risk,231.0,3.0,194.16
C09817,0,At Risk,124.0,5.0,275.91
C09818,4,Loyal Customers,70.0,11.0,655.88
C09819,4,Loyal Customers,83.0,13.0,853.76
C09820,4,Loyal Customers,322.0,11.0,842.8499999999999
C09821,1,Champions,8.0,20.0,1764.53
C09822,0,At Risk,303.0,7.0,465.21
C09823,1,Champions,17.0,12.0,742.5699999999999
C09824,4,Loyal Customers,55.0,12.0,544.72
C09825,0,At Risk,67.0,3.0,174.25
C09826,1,Champions,46.0,17.0,1322.71
C09827,0,At Risk,263.0,4.0,361.96
C09828,4,Loyal Customers,71.0,7.0,672.01
C09829,2,Potential Loyalists,9.0,5.0,167.82999999999998
C09830,4,Loyal Customers,147.0,10.0,384.79
C09831,0,At Risk,195.0,4.0,123.95
C09832,2,Potential Loyalists,42.0,7.0,288.09000000000003
C09833,4,Loyal Customers,156.0,10.0,618.69
C09834,4,Loyal Customers,136.0,8.0,297.95
C09835,0,At Risk,425.0,6.0,562.79
C09836,0,At Risk,288.0,4.0,322.28000000000003
C09837,2,Potential Loyalists,33.0,6.0,288.22
C09838,4,Loyal Customers,118.0,18.0,1611.83
C09839,-1,No Purchase,,0.0,0.0
C09840,4,Loyal Customers,77.0,8.0,2937.98
C09841,3,Dormant / Low Value,153.0,2.0,100.8
C09842,0,At Risk,51.0,3.0,142.4
C09843,4,Loyal Customers,72.0,10.0,1191.21
C09844,0,At Risk,67.0,3.0,126.42
C09845,2,Potential Loyalists,21.0,2.0,275.59000000000003
C09846,1,Champions,23.0,11.0,1063.07
C09847,2,Potential Loyalists,5.0,7.0,275.17
C09848,0,At Risk,174.0,7.0,263.11
C09849,2,Potential Loyalists,29.0,3.0,190.42
C09850,3,Dormant / Low Value,330.0,1.0,111.84
C09851,2,Potential Loyalists,28.0,8.0,450.87
C09852,0,At Risk,60.0,5.0,224.94
C09853,0,At Risk,79.0,4.0,130.13
C09854,3,Dormant / Low Value,420.0,3.0,89.05000000000001
C09855,3,Dormant / Low Value,301.0,1.0,67.58
C09856,1,Champions,6.0,10.0,380.2
C09857,4,Loyal Customers,173.0,8.0,607.06
C09858,2,Potential Loyalists,7.0,8.0,258.28000000000003
C09859,0,At Risk,282.0,4.0,352.75
C09860,-1,No Purchase,,0.0,0.0
C09861,4,Loyal Customers,67.0,10.0,554.37
C09862,-1,No Purchase,,0.0,0.0
C09863,1,Champions,10.0,15.0,1882.5
C09864,0,At Risk,76.0,4.0,196.7
C09865,4,Loyal Customers,130.0,13.0,536.45
C09866,0,At Risk,91.0,6.0,87.28
C09867,4,Loyal Customers,42.0,7.0,636.75
C09868,3,Dormant / Low Value,163.0,2.0,79.82
C09869,1,Champions,33.0,20.0,1360.22
C09870,3,Dormant / Low Value,305.0,2.0,65.89
C09871,4,Loyal Customers,75.0,9.0,379.47
C09872,1,Champions,12.0,10.0,1023.49
C09873,-1,No Purchase,,0.0,0.0
C09874,3,Dormant / Low Value,18.0,1.0,74.52
C09875,4,Loyal Customers,214.0,8.0,888.1800000000001
C09876,4,Loyal Customers,146.0,9.0,261.19
C09877,1,Champions,11.0,17.0,1591.01
C09878,0,At Risk,127.0,2.0,217.65
C09879,0,At Risk,371.0,4.0,721.0400000000001
C09880,0,At Risk,142.0,5.0,458.72
C09881,3,Dormant / Low Value,577.0,3.0,76.10999999999999
C09882,2,Potential Loyalists,22.0,5.0,224.27
C09883,2,Potential Loyalists,11.0,8.0,468.13
C09884,3,Dormant / Low Value,29.0,1.0,76.5
C09885,1,Champions,2.0,16.0,804.42
C09886,1,Champions,24.0,11.0,1556.05
C09887,4,Loyal Customers,55.0,13.0,1470.84
C09888,0,At Risk,106.0,5.0,283.42
C09889,4,Loyal Customers,97.0,15.0,1827.13
C09890,0,At Risk,162.0,2.0,156.82
C09891,4,Loyal Customers,238.0,6.0,1214.1799999999998
C09892,0,At Risk,79.0,5.0,272.66
C09893,1,Champions,14.0,17.0,764.28
C09894,4,Loyal Customers,55.0,10.0,504.67
C09895,1,Champions,19.0,8.0,834.83
C09896,1,Champions,2.0,12.0,623.85
C09897,2,Potential Loyalists,17.0,6.0,452.32
C09898,4,Loyal Customers,120.0,13.0,1254.5700000000002
C09899,1,Champions,11.0,17.0,1834.95
C09900,0,At Risk,104.0,2.0,230.36
C09901,3,Dormant / Low Value,681.0,1.0,16.89
C09902,4,Loyal Customers,38.0,10.0,657.44
C09903,4,Loyal Customers,78.0,9.0,1069.41
C09904,0,At Risk,385.0,5.0,188.28
C09905,4,Loyal Customers,168.0,9.0,578.2900000000001
C09906,1,Champions,14.0,9.0,699.58
C09907,4,Loyal Customers,77.0,11.0,1172.35
C09908,2,Potential Loyalists,35.0,7.0,493.57
C09909,1,Champions,24.0,18.0,1159.47
C09910,0,At Risk,374.0,3.0,294.04999999999995
C09911,4,Loyal Customers,91.0,8.0,408.32
C09912,1,Champions,8.0,16.0,759.49
C09913,0,At Risk,227.0,3.0,196.25
C09914,3,Dormant / Low Value,614.0,1.0,93.86
C09915,0,At Risk,60.0,2.0,167.93
C09916,4,Loyal Customers,102.0,9.0,663.44
C09917,1,Champions,23.0,7.0,1359.96
C09918,0,At Risk,185.0,6.0,408.34
C09919,4,Loyal Customers,101.0,16.0,1170.09
C09920,2,Potential Loyalists,2.0,2.0,115.53
C09921,0,At Risk,287.0,7.0,491.72
C09922,1,Champions,24.0,8.0,1404.2700000000002
C09923,0,At Risk,486.0,4.0,151.08999999999995
C09924,3,Dormant / Low Value,669.0,2.0,34.75
C09925,3,Dormant / Low Value,554.0,1.0,9.81
C09926,1,Champions,3.0,6.0,1155.68
C09927,3,Dormant / Low Value,429.0,1.0,36.53
C09928,4,Loyal Customers,45.0,11.0,804.0500000000001
C09929,1,Champions,4.0,6.0,1637.78
C09930,2,Potential Loyalists,16.0,6.0,565.91
C09931,4,Loyal Customers,44.0,11.0,1127.48
C09932,4,Loyal Customers,89.0,7.0,687.23
C09933,4,Loyal Customers,88.0,9.0,1210.0500000000002
C09934,1,Champions,22.0,18.0,1063.52
C09935,2,Potential Loyalists,26.0,5.0,672.39
C09936,3,Dormant / Low Value,166.0,2.0,53.54
C09937,3,Dormant / Low Value,193.0,2.0,27.71
C09938,4,Loyal Customers,245.0,8.0,591.1
C09939,1,Champions,14.0,16.0,1246.7
C09940,1,Champions,10.0,21.0,1276.85
C09941,2,Potential Loyalists,1.0,5.0,374.5
C09942,4,Loyal Customers,71.0,12.0,319.12
C09943,2,Potential Loyalists,32.0,7.0,368.57
C09944,2,Potential Loyalists,39.0,5.0,178.03
C09945,0,At Risk,350.0,4.0,477.09
C09946,0,At Risk,130.0,6.0,165.58
C09947,0,At Risk,286.0,6.0,131.18
C09948,0,At Risk,154.0,4.0,152.82
C09949,2,Potential Loyalists,50.0,6.0,155.64
C09950,-1,No Purchase,,0.0,0.0
C09951,3,Dormant / Low Value,286.0,1.0,87.14
C09952,4,Loyal Customers,103.0,12.0,696.66
C09953,0,At Risk,62.0,4.0,116.23
C09954,1,Champions,16.0,14.0,560.12
C09955,4,Loyal Customers,315.0,7.0,765.77
C09956,4,Loyal Customers,44.0,9.0,730.25
C09957,3,Dormant / Low Value,367.0,2.0,58.31
C09958,0,At Risk,79.0,4.0,209.85
C09959,3,Dormant / Low Value,86.0,2.0,55.53
C09960,1,Champions,9.0,11.0,724.9300000000001
C09961,4,Loyal Customers,69.0,7.0,441.32
C09962,2,Potential Loyalists,1.0,4.0,359.67
C09963,3,Dormant / Low Value,339.0,1.0,12.24
C09964,1,Champions,13.0,5.0,1497.61
C09965,0,At Risk,172.0,6.0,326.3
C09966,4,Loyal Customers,62.0,9.0,624.29
C09967,2,Potential Loyalists,24.0,8.0,456.8200000000001
C09968,3,Dormant / Low Value,328.0,2.0,117.51
C09969,2,Potential Loyalists,24.0,6.0,877.7
C09970,1,Champions,17.0,14.0,775.86
C09971,-1,No Purchase,,0.0,0.0
C09972,3,Dormant / Low Value,486.0,1.0,17.85
C09973,4,Loyal Customers,68.0,7.0,1256.79
C09974,1,Champions,6.0,7.0,1171.34
C09975,3,Dormant / Low Value,551.0,1.0,31.61
C09976,2,Potential Loyalists,18.0,10.0,347.81
C09977,4,Loyal Customers,42.0,8.0,1186.15
C09978,3,Dormant / Low Value,133.0,3.0,90.86
C09979,3,Dormant / Low Value,340.0,1.0,58.76
C09980,3,Dormant / Low Value,75.0,1.0,20.13
C09981,2,Potential Loyalists,3.0,3.0,77.55000000000001
C09982,-1,No Purchase,,0.0,0.0
C09983,4,Loyal Customers,73.0,8.0,503.71
C09984,2,Potential Loyalists,28.0,6.0,258.04
C09985,0,At Risk,611.0,2.0,199.98
C09986,4,Loyal Customers,42.0,8.0,587.83
C09987,4,Loyal Customers,67.0,7.0,536.2900000000001
C09988,0,At Risk,158.0,5.0,183.48
C09989,4,Loyal Customers,100.0,11.0,452.93
C09990,3,Dormant / Low Value,405.0,2.0,97.28
C09991,0,At Risk,76.0,5.0,247.28
C09992,2,Potential Loyalists,32.0,7.0,592.62
C09993,2,Potential Loyalists,7.0,6.0,491.86
C09994,1,Champions,2.0,8.0,748.23
C09995,0,At Risk,173.0,5.0,501.17
C09996,0,At Risk,134.0,6.0,201.05
C09997,3,Dormant / Low Value,41.0,1.0,10.87
C09998,2,Potential Loyalists,47.0,7.0,220.52
C09999,1,Champions,26.0,7.0,1149.01
